sample_id,molecule,oh1_length_A,oh2_length_A,hoh_angle_deg,xO_A,yO_A,zO_A,xH1_A,yH1_A,zH1_A,xH2_A,yH2_A,zH2_A,source,reference_method,energy_crosscheck,basis,hf_energy_Ha,direct_fci_energy_Ha,casci_energy_Ha,casci_minus_direct_fci_Ha,total_energy_eV,relative_energy_eV,fxO_eV_per_A,fyO_eV_per_A,fzO_eV_per_A,fxH1_eV_per_A,fyH1_eV_per_A,fzH1_eV_per_A,fxH2_eV_per_A,fyH2_eV_per_A,fzH2_eV_per_A,raw_fxO_eV_per_A,raw_fyO_eV_per_A,raw_fzO_eV_per_A,raw_fxH1_eV_per_A,raw_fyH1_eV_per_A,raw_fzH1_eV_per_A,raw_fxH2_eV_per_A,raw_fyH2_eV_per_A,raw_fzH2_eV_per_A,rigid_projection_delta_fxO_eV_per_A,rigid_projection_delta_fyO_eV_per_A,rigid_projection_delta_fzO_eV_per_A,rigid_projection_delta_fxH1_eV_per_A,rigid_projection_delta_fyH1_eV_per_A,rigid_projection_delta_fzH1_eV_per_A,rigid_projection_delta_fxH2_eV_per_A,rigid_projection_delta_fyH2_eV_per_A,rigid_projection_delta_fzH2_eV_per_A,max_abs_rigid_projection_correction_eV_per_A,raw_total_force_norm_eV_per_A,raw_total_torque_norm_eV,total_force_norm_eV_per_A,total_torque_norm_eV,split,pyscf_version,n_electrons,n_spatial_orbitals
h2o-v2-0000,H2O,0.750000000000,0.750000000000,80.000000000000,0.0000000000000000e+00,0.0000000000000000e+00,0.0000000000000000e+00,0.0000000000000000e+00,0.0000000000000000e+00,7.5000000000000000e-01,7.3860581475915599e-01,0.0000000000000000e+00,1.3023613325019781e-01,legacy_grid,full-space CASCI analytic nuclear gradient,direct FCI,sto-3g,-74.7106522205453132,-74.7428655662549630,-74.7428655661200310,1.3493206552084303e-10,-2033.8569840553202539,7.6096003196473685,-2.7642610038008652e+01,4.7331654313260708e-30,-3.2943179821477500e+01,-7.2014506897477046e+00,-6.3108872417680944e-30,3.4111776472282600e+01,3.4844060727756357e+01,3.1554436208840472e-30,-1.1685966508050956e+00,-2.7642610038008666e+01,-4.4998068149704026e-15,-3.2943179821477557e+01,-7.2014506897477242e+00,2.0327782426123216e-14,3.4111776472282543e+01,3.4844060727756343e+01,-1.5827975611153577e-14,-1.1685966508051440e+00,1.4210854715202004e-14,4.4998068149704073e-15,5.6843418860808015e-14,1.9539925233402755e-14,-2.0327782426123222e-14,5.6843418860808015e-14,1.4210854715202004e-14,1.5827975611153580e-14,4.8405723873656825e-14,5.6843418860808015e-14,1.6573514026842839e-13,1.8685694468194327e-14,3.9968028886505635e-15,1.7763568394002505e-15,test,2.13.1,10,7
h2o-v2-0001,H2O,0.750000000000,0.750000000000,85.000000000000,0.0000000000000000e+00,0.0000000000000000e+00,0.0000000000000000e+00,0.0000000000000000e+00,0.0000000000000000e+00,7.5000000000000000e-01,7.4714602356880921e-01,0.0000000000000000e+00,6.5366807060743604e-02,legacy_grid,full-space CASCI analytic nuclear gradient,direct FCI,sto-3g,-74.7267619929165647,-74.7581154555445693,-74.7581154554322893,1.1227996310481103e-10,-2034.2719546829882802,7.1946296919793378,-2.8375101772304539e+01,2.3034738432453545e-28,-3.0965989782821527e+01,-5.5196109351127323e+00,-1.5804335198037208e-28,3.3541281619641786e+01,3.3894712707417270e+01,-7.2575203280333086e-29,-2.5752918368202584e+00,-2.8375101772304610e+01,1.2815956151681216e-15,-3.0965989782821545e+01,-5.5196109351128113e+00,1.2385454260276688e-16,3.3541281619641765e+01,3.3894712707417199e+01,-1.4054501577706130e-15,-2.5752918368202704e+00,7.1054273576010019e-14,-1.2815956151678913e-15,1.7763568394002505e-14,7.9047879353311146e-14,-1.2385454260292493e-16,2.1316282072803006e-14,7.1054273576010019e-14,1.4054501577705404e-15,1.1990408665951691e-14,7.9047879353311146e-14,2.2591224477527747e-13,7.1826011740700941e-15,8.8817841970012523e-16,1.7763568394002505e-15,train,2.13.1,10,7
h2o-v2-0002,H2O,0.750000000000,0.750000000000,90.000000000000,0.0000000000000000e+00,0.0000000000000000e+00,0.0000000000000000e+00,0.0000000000000000e+00,0.0000000000000000e+00,7.5000000000000000e-01,7.5000000000000000e-01,0.0000000000000000e+00,4.5924254968025742e-17,legacy_grid,full-space CASCI analytic nuclear gradient,direct FCI,sto-3g,-74.7390449493616558,-74.7695965567928766,-74.7695965566977918,9.5084828899416607e-11,-2034.5843713635854328,6.8822130113823512,-2.8991910840900147e+01,3.9443045261050590e-31,-2.8991910840900157e+01,-4.0614389950502510e+00,-9.8607613152626476e-31,3.3053349835950407e+01,3.3053349835950399e+01,1.4791141972893971e-31,-4.0614389950502483e+00,-2.8991910840900125e+01,2.0114909727321599e-15,-2.8991910840900239e+01,-4.0614389950502900e+00,-1.7379773571956671e-15,3.3053349835950321e+01,3.3053349835950421e+01,-2.7351361553649446e-16,-4.0614389950502696e+00,-2.1316282072803006e-14,-2.0114909727321595e-15,8.1712414612411521e-14,3.9079850466805510e-14,1.7379773571956661e-15,8.5265128291212022e-14,-2.1316282072803006e-14,2.7351361553649461e-16,2.1316282072803006e-14,8.5265128291212022e-14,1.8754029822755112e-13,6.1298514812271284e-14,8.8817841970012523e-16,6.6662776007421005e-31,train,2.13.1,10,7
h2o-v2-0003,H2O,0.750000000000,0.750000000000,95.000000000000,0.0000000000000000e+00,0.0000000000000000e+00,0.0000000000000000e+00,0.0000000000000000e+00,0.0000000000000000e+00,7.5000000000000000e-01,7.4714602356880921e-01,0.0000000000000000e+00,-6.5366807060743673e-02,legacy_grid,full-space CASCI analytic nuclear gradient,direct FCI,sto-3g,-74.7479861545146207,-74.7778065009530906,-74.7778065008708950,8.2195583672728390e-11,-2034.8077753251868671,6.6588090497807766,-2.9461007953926568e+01,1.9918737856830548e-29,-2.6996040006158072e+01,-2.7950848922135654e+00,-3.1554436208840472e-30,3.2623844122256678e+01,3.2256092846140135e+01,-6.3108872417680944e-30,-5.6278041160986065e+00,-2.9461007953926671e+01,1.7001863456370239e-15,-2.6996040006158129e+01,-2.7950848922136817e+00,-1.8256059166264697e-14,3.2623844122256621e+01,3.2256092846140035e+01,1.6555872820627677e-14,-5.6278041160986492e+00,1.0302869668521453e-13,-1.7001863456370040e-15,5.6843418860808015e-14,1.1635137298071641e-13,1.8256059166264694e-14,5.6843418860808015e-14,9.9475983006414026e-14,-1.6555872820627683e-14,4.2632564145606011e-14,1.1635137298071641e-13,3.5630127226311193e-13,2.5037526195064618e-14,8.8817841970012523e-16,8.8817841970012523e-16,test,2.13.1,10,7
h2o-v2-0005,H2O,0.750000000000,0.750000000000,105.000000000000,0.0000000000000000e+00,0.0000000000000000e+00,0.0000000000000000e+00,0.0000000000000000e+00,0.0000000000000000e+00,7.5000000000000000e-01,7.2444436971680126e-01,0.0000000000000000e+00,-1.9411428382689064e-01,legacy_grid,full-space CASCI analytic nuclear gradient,direct FCI,sto-3g,-74.7575101687845347,-74.7860931637322039,-74.7860931636672888,6.4915184339042753e-11,-2035.0332669067595361,6.4333174682080694,-2.9830352132514530e+01,-5.1768996905128900e-30,-2.2889634252194053e+01,-7.5132113741319972e-01,9.4663308626521417e-30,3.1861793785466141e+01,3.0581673269927730e+01,-9.4663308626521417e-30,-8.9721595332720856e+00,-2.9830352132514641e+01,-1.4176505442781127e-16,-2.2889634252194103e+01,-7.5132113741330586e-01,-1.2733110227651618e-14,3.1861793785466091e+01,3.0581673269927617e+01,1.2874875282079495e-14,-8.9721595332721389e+00,1.1013412404281553e-13,1.4176505442780609e-16,4.9737991503207013e-14,1.0613732115416497e-13,1.2733110227651627e-14,4.9737991503207013e-14,1.1368683772161603e-13,-1.2874875282079504e-14,5.3290705182007514e-14,1.1368683772161603e-13,3.6326823102081434e-13,1.6142288693958625e-14,1.7763568394002505e-15,8.8817841970012523e-16,train,2.13.1,10,7
h2o-v2-0006,H2O,0.750000000000,0.750000000000,110.000000000000,0.0000000000000000e+00,0.0000000000000000e+00,0.0000000000000000e+00,0.0000000000000000e+00,0.0000000000000000e+00,7.5000000000000000e-01,7.0476946558943132e-01,0.0000000000000000e+00,-2.5651510749425155e-01,legacy_grid,full-space CASCI analytic nuclear gradient,direct FCI,sto-3g,-74.7588323769396510,-74.7869030848160747,-74.7869030847573413,5.8733462537929881e-11,-2035.0553059822016166,6.4112783927660928,-2.9673505906072506e+01,-4.3387349787155649e-30,-2.0777612520542224e+01,5.5515977507086110e-02,1.5777218104420236e-30,3.1498600384055887e+01,2.9617989928565422e+01,-1.5777218104420236e-30,-1.0720987863513663e+01,-2.9673505906072613e+01,3.0919720795560161e-15,-2.0777612520542295e+01,5.5515977506969676e-02,9.9615984253284307e-15,3.1498600384055816e+01,2.9617989928565319e+01,-1.3053570504884022e-14,-1.0720987863513724e+01,1.0658141036401503e-13,-3.0919720795560205e-15,7.1054273576010019e-14,1.1643463970756329e-13,-9.9615984253284291e-15,7.1054273576010019e-14,1.0302869668521453e-13,1.3053570504884020e-14,6.0396132539608516e-14,1.1643463970756329e-13,3.8148271231495177e-13,1.8876356237118544e-14,4.3387349787155649e-30,8.8817841970012523e-16,test,2.13.1,10,7
h2o-v2-0008,H2O,0.750000000000,0.750000000000,120.000000000000,0.0000000000000000e+00,0.0000000000000000e+00,0.0000000000000000e+00,0.0000000000000000e+00,0.0000000000000000e+00,7.5000000000000000e-01,6.4951905283832900e-01,0.0000000000000000e+00,-3.7499999999999983e-01,legacy_grid,full-space CASCI analytic nuclear gradient,direct FCI,sto-3g,-74.7562601477677759,-74.7834796948035745,-74.7834796947554992,4.8075321501528379e-11,-2034.9621507943008965,6.5044335806668947,-2.8562599785647777e+01,9.4663308626521417e-30,-1.6490624674999331e+01,1.2854018132648861e+00,-7.8886090522101181e-30,3.0754868101282668e+01,2.7277197972382890e+01,3.1554436208840472e-30,-1.4264243426283338e+01,-2.8562599785647812e+01,-5.3126713161391981e-15,-1.6490624674999335e+01,1.2854018132648193e+00,-7.8359675961702521e-15,3.0754868101282664e+01,2.7277197972382869e+01,1.3148638912310086e-14,-1.4264243426283315e+01,3.5527136788005009e-14,5.3126713161392076e-15,3.5527136788005009e-15,6.6835426082434424e-14,7.8359675961702442e-15,3.5527136788005009e-15,2.1316282072803006e-14,-1.3148638912310083e-14,-2.3092638912203256e-14,6.6835426082434424e-14,1.2515439318724856e-13,4.0599841161053781e-14,1.7763568394002505e-15,7.7593603353180177e-30,train,2.13.1,10,7
h2o-v2-0010,H2O,0.750000000000,0.750000000000,130.000000000000,0.0000000000000000e+00,0.0000000000000000e+00,0.0000000000000000e+00,0.0000000000000000e+00,0.0000000000000000e+00,7.5000000000000000e-01,5.7453333233923354e-01,0.0000000000000000e+00,-4.8209070726490455e-01,legacy_grid,full-space CASCI analytic nuclear gradient,direct FCI,sto-3g,-74.7487693377859728,-74.7753004095762748,-74.7753004095384028,3.7871927816013340e-11,-2034.7395811047647385,6.7270032702030509,-2.6293536466043879e+01,9.2444637330587321e-32,-1.2260877414093946e+01,2.0380851547628480e+00,-1.9721522630525295e-31,2.9953086446121002e+01,2.4255451311281028e+01,-9.8607613152626476e-32,-1.7692209032027058e+01,-2.6293536466043978e+01,-4.9142137340607461e-17,-1.2260877414093979e+01,2.0380851547627503e+00,4.5964603424085175e-16,2.9953086446120970e+01,2.4255451311280925e+01,-4.1050389690035759e-16,-1.7692209032027094e+01,9.9475983006414026e-14,4.9142137340607553e-17,3.3750779948604759e-14,9.7699626167013776e-14,-4.5964603424085194e-16,3.1974423109204508e-14,1.0302869668521453e-13,4.1050389690035749e-16,3.5527136788005009e-14,1.0302869668521453e-13,3.1907245726355462e-13,3.6016456233035235e-15,3.5527136788005009e-15,8.4095993067773445e-32,train,2.13.1,10,7
h2o-v2-0011,H2O,0.750000000000,0.850000000000,80.000000000000,0.0000000000000000e+00,0.0000000000000000e+00,0.0000000000000000e+00,0.0000000000000000e+00,0.0000000000000000e+00,7.5000000000000000e-01,8.3708659006037678e-01,0.0000000000000000e+00,1.4760095101689086e-01,legacy_grid,full-space CASCI analytic nuclear gradient,direct FCI,sto-3g,-74.7937002279150249,-74.8307340282385240,-74.8307340282299691,8.5549345385516062e-12,-2036.2480067131959913,5.2185776617717776,-1.0058864711797339e+01,0.0000000000000000e+00,-3.1485525483430902e+01,-6.2322661953959377e+00,3.1554436208840472e-30,3.4196849805734118e+01,1.6291130907193278e+01,-1.1832913578315177e-30,-2.7113243223032186e+00,-1.0058865141328623e+01,-1.3790412082265870e-15,-3.1485525082857762e+01,-6.2322655482290683e+00,3.1597066542977967e-15,3.4196850206307261e+01,1.6291130689557555e+01,-1.7806654460719656e-15,-2.7113251234495261e+00,4.2953128343015123e-07,1.3790412082265870e-15,-4.0057313910324410e-07,-6.4716686942745127e-07,-3.1597066542977935e-15,-4.0057314265595778e-07,2.1763572277677667e-07,1.7806654460719644e-15,8.0114630751637605e-07,8.0114630751637605e-07,1.3787164170862623e-13,1.1238807768876313e-06,2.2204460492503131e-15,1.5543122344752192e-15,train,2.13.1,10,7
h2o-v2-0012,H2O,0.750000000000,0.850000000000,85.000000000000,0.0000000000000000e+00,0.0000000000000000e+00,0.0000000000000000e+00,0.0000000000000000e+00,0.0000000000000000e+00,7.5000000000000000e-01,8.4676549337798368e-01,0.0000000000000000e+00,7.4082381335509415e-02,legacy_grid,full-space CASCI analytic nuclear gradient,direct FCI,sto-3g,-74.8077898861593127,-74.8438470352233765,-74.8438470352163705,7.0059513745945878e-12,-2036.6048298111070380,4.8617545638606199,-1.0589661889927745e+01,-7.8886090522101181e-31,-3.0959859516597273e+01,-4.7044256489733263e+00,7.8886090522101181e-31,3.3788620053282536e+01,1.5294087538901072e+01,-9.8607613152626476e-32,-2.8287605366852593e+00,-1.0589662313891573e+01,-4.7308892200015533e-15,-3.0959859080963771e+01,-4.7044249153845845e+00,5.2502553758672156e-15,3.3788620488916038e+01,1.5294087229276245e+01,-5.1936615586540546e-16,-2.8287614079525190e+00,4.2396382760045981e-07,4.7308892200015525e-15,-4.3563350260455991e-07,-7.3358874175255551e-07,-5.2502553758672148e-15,-4.3563350260455991e-07,3.0962482711061057e-07,5.1936615586540536e-16,8.7126725967223706e-07,8.7126725967223706e-07,2.6599868641026823e-13,1.2650127678703882e-06,3.5803616730494477e-15,1.7763568394002505e-15,train,2.13.1,10,7
h2o-v2-0013,H2O,0.750000000000,0.850000000000,90.000000000000,0.0000000000000000e+00,0.0000000000000000e+00,0.0000000000000000e+00,0.0000000000000000e+00,0.0000000000000000e+00,7.5000000000000000e-01,8.4999999999999998e-01,0.0000000000000000e+00,5.2047488963762507e-17,legacy_grid,full-space CASCI analytic nuclear gradient,direct FCI,sto-3g,-74.8183667054261292,-74.8535104935663469,-74.8535104935606199,5.7269744502264075e-12,-2036.8677859085496493,4.5987984664180361,-1.1136348901260577e+01,-1.5777218104420236e-30,-3.0460381388643160e+01,-3.3589957540579567e+00,2.3665827156630354e-30,3.3424201171635474e+01,1.4495344655318533e+01,0.0000000000000000e+00,-2.9638197829923132e+00,-1.1136349322095814e+01,6.9889038648868881e-15,-3.0460380911696664e+01,-3.3589949123877032e+00,-3.3419068563985578e-15,3.3424201648581970e+01,1.4495344234483296e+01,-3.6469970084883524e-15,-2.9638207368853733e+00,4.2083523688063451e-07,-6.9889038648868897e-15,-4.7694649651930376e-07,-8.4167025349302094e-07,3.3419068563985601e-15,-4.7694649651930376e-07,4.2083523688063451e-07,3.6469970084883524e-15,9.5389306009607822e-07,9.5389306009607822e-07,2.3182137340672761e-13,1.4420618281718589e-06,4.4408920985006262e-16,2.2204460492503131e-15,train,2.13.1,10,7
h2o-v2-0014,H2O,0.750000000000,0.850000000000,95.000000000000,0.0000000000000000e+00,0.0000000000000000e+00,0.0000000000000000e+00,0.0000000000000000e+00,0.0000000000000000e+00,7.5000000000000000e-01,8.4676549337798368e-01,0.0000000000000000e+00,-7.4082381335509498e-02,legacy_grid,full-space CASCI analytic nuclear gradient,direct FCI,sto-3g,-74.8258226515498137,-74.8601316219349258,-74.8601316219303072,4.6185277824406512e-12,-2037.0479559899713422,4.4186283849963681,-1.1674708263179685e+01,-1.8072803338613380e-27,-2.9953895603976765e+01,-2.1712623900194714e+00,1.2085349067985901e-27,3.3088398947773733e+01,1.3845970653199156e+01,5.9874542706274796e-28,-3.1345033437969660e+00,-1.1674708676056081e+01,4.1853740551117126e-15,-2.9953895086740062e+01,-2.1712614285097591e+00,-5.8621346395156611e-15,3.3088399465010433e+01,1.3845970104565700e+01,1.6767605844039611e-15,-3.1345043782705719e+00,4.1287639618303729e-07,-4.1853740551135199e-15,-5.1723670324577142e-07,-9.6150971229391757e-07,5.8621346395168696e-15,-5.1723669969305774e-07,5.4863345688715981e-07,-1.6767605844033624e-15,1.0344736058875981e-06,1.0344736058875981e-06,2.4491831951286482e-13,1.6377328861949536e-06,2.2204460492503131e-15,3.5527136788005009e-15,train,2.13.1,10,7
h2o-v2-0018,H2O,0.750000000000,0.850000000000,115.000000000000,0.0000000000000000e+00,0.0000000000000000e+00,0.0000000000000000e+00,0.0000000000000000e+00,0.0000000000000000e+00,7.5000000000000000e-01,7.7036161898115252e-01,0.0000000000000000e+00,-3.5922552247959444e-01,legacy_grid,full-space CASCI analytic nuclear gradient,direct FCI,sto-3g,-74.8311054850414052,-74.8628844196098129,-74.8628844194151952,1.9461765532469144e-10,-2037.1228634307597076,4.3437209442079574,-1.3220320522489923e+01,1.0637789306905344e-27,-2.7465892364486191e+01,1.2748073362050807e+00,-6.4055505503946159e-28,3.1795064056459907e+01,1.1945513186284842e+01,-4.2282944519846233e-28,-4.3291716919737162e+00,-1.3220322407123982e+01,3.4719366371618555e-15,-2.7465888649172705e+01,1.2748163029104851e+00,6.6401289549982877e-15,3.1795067771773393e+01,1.1945506104213333e+01,-1.0112065592159755e-14,-4.3291791226008121e+00,1.8846340594791400e-06,-3.4719366371607918e-15,-3.7153134861966919e-06,-8.9667054044006989e-06,-6.6401289549989282e-15,-3.7153134861966919e-06,7.0820715087904773e-06,1.0112065592159333e-14,7.4306270958501841e-06,8.9667054044006989e-06,2.0481517609039068e-13,1.4993359801263040e-05,3.9443045261050590e-31,4.6274139232751924e-28,validation,2.13.1,10,7
h2o-v2-0020,H2O,0.750000000000,0.850000000000,125.000000000000,0.0000000000000000e+00,0.0000000000000000e+00,0.0000000000000000e+00,0.0000000000000000e+00,0.0000000000000000e+00,7.5000000000000000e-01,6.9627923764564292e-01,0.0000000000000000e+00,-4.8753997089838924e-01,legacy_grid,full-space CASCI analytic nuclear gradient,direct FCI,sto-3g,-74.8232226475690965,-74.8541043755956252,-74.8541043754362079,1.5941736819513608e-10,-2036.8839462618329890,4.5826381131347915,-1.3269314715336915e+01,0.0000000000000000e+00,-2.5862303562602438e+01,2.3004247646233833e+00,3.9443045261050590e-31,3.1064891142464393e+01,1.0968889950713532e+01,-1.1832913578315177e-30,-5.2025875798619552e+00,-1.3269315619686948e+01,-3.2488595497541876e-15,-2.5862301163455491e+01,2.3004316130258617e+00,7.9171213061956742e-16,3.1064893541611340e+01,1.0968884006661188e+01,2.4571474191346087e-15,-5.2025923781558188e+00,9.0435003308186879e-07,3.2488595497541876e-15,-2.3991469468853666e-06,-6.8484024784432052e-06,-7.9171213061956703e-16,-2.3991469468853666e-06,5.9440523436649073e-06,-2.4571474191346099e-15,4.7982938635726669e-06,6.8484024784432052e-06,1.0736310142264625e-13,1.1375217356945910e-05,7.8886090522101181e-31,8.8817841970012523e-16,train,2.13.1,10,7
h2o-v2-0021,H2O,0.750000000000,0.850000000000,130.000000000000,0.0000000000000000e+00,0.0000000000000000e+00,0.0000000000000000e+00,0.0000000000000000e+00,0.0000000000000000e+00,7.5000000000000000e-01,6.5113777665113126e-01,0.0000000000000000e+00,-5.4636946823355848e-01,legacy_grid,full-space CASCI analytic nuclear gradient,direct FCI,sto-3g,-74.8176579829355006,-74.8481364676255509,-74.8481364674747738,1.5077716852829326e-10,-2036.7215512129787385,4.7450331619889932,-1.3032652914877353e+01,-7.8886090522101181e-31,-2.4990563616725250e+01,2.6428550695698507e+00,7.8886090522101181e-31,3.0664519504554054e+01,1.0389797845307502e+01,3.9443045261050590e-31,-5.6739558878288063e+00,-1.3032653510157822e+01,1.0343467707413870e-15,-2.4990561713230701e+01,2.6428610517957614e+00,-2.0968685290053442e-15,3.0664521408048603e+01,1.0389792458362150e+01,1.0625217582638943e-15,-5.6739596948180981e+00,5.9528046847390215e-07,-1.0343467707413878e-15,-1.9034945495377542e-06,-5.9822259106390163e-06,2.0968685290053450e-15,-1.9034945495377542e-06,5.3869453520150046e-06,-1.0625217582638939e-15,3.8069892918102255e-06,5.9822259106390163e-06,2.1537914632251744e-13,9.9088063958419070e-06,2.6645352591003757e-15,3.8906827191283564e-31,validation,2.13.1,10,7
h2o-v2-0025,H2O,0.750000000000,0.950000000000,95.000000000000,0.0000000000000000e+00,0.0000000000000000e+00,0.0000000000000000e+00,0.0000000000000000e+00,0.0000000000000000e+00,7.5000000000000000e-01,9.4638496318715826e-01,0.0000000000000000e+00,-8.2797955610275323e-02,legacy_grid,full-space CASCI analytic nuclear gradient,direct FCI,sto-3g,-74.8514796945956675,-74.8912663166969992,-74.8912663166701975,2.6801671992870979e-11,-2037.8951741947930714,3.5714101801746487,-2.1670483810250913e+00,2.9582283945787943e-31,-3.1948107675086007e+01,-1.5779717688747739e+00,-1.5777218104420236e-30,3.3526280297099348e+01,3.7450201498998648e+00,1.1832913578315177e-30,-1.5781726220133383e+00,-2.1670489655242959e+00,6.1561438655850600e-16,-3.1948106846010162e+01,-1.5779703822724289e+00,2.8341604536749210e-15,3.3526281126175192e+01,3.7450193477964220e+00,-3.4497748402336136e-15,-1.5781742801653160e+00,5.8449920459224813e-07,-6.1561438655850571e-16,-8.2907584442182269e-07,-1.3866023449438103e-06,-2.8341604536749225e-15,-8.2907584442182269e-07,8.0210344277631407e-07,3.4497748402336148e-15,1.6581519777236764e-06,1.6581519777236764e-06,4.1686448570686294e-13,2.6756143591821768e-06,2.4825341532472731e-15,1.7060552959713085e-30,train,2.13.1,10,7
h2o-v2-0027,H2O,0.750000000000,0.950000000000,105.000000000000,0.0000000000000000e+00,0.0000000000000000e+00,0.0000000000000000e+00,0.0000000000000000e+00,0.0000000000000000e+00,7.5000000000000000e-01,9.1762953497461486e-01,0.0000000000000000e+00,-2.4587809284739479e-01,legacy_grid,full-space CASCI analytic nuclear gradient,direct FCI,sto-3g,-74.8560068614916503,-74.8941975683014931,-74.8941975682795800,2.1913137970841490e-11,-2037.9749376143870450,3.4916467605805925,-3.4473945692651036e+00,6.3108872417680944e-30,-3.2393304194337581e+01,2.8802880664476810e-01,-3.9443045261050590e-30,3.3004441044191026e+01,3.1593657626203355e+00,0.0000000000000000e+00,-6.1113684985344663e-01,-3.4473950605624770e+00,1.1283877883370166e-14,-3.2393303300052175e+01,2.8803050810852088e-01,-4.1765121660808034e-15,3.3004441938476432e+01,3.1593645524537308e+00,-7.1073657172892406e-15,-6.1113863842453753e-01,4.9129737345054991e-07,-1.1283877883370160e-14,-8.9428540661629086e-07,-1.7014637527790200e-06,4.1765121660807995e-15,-8.9428540661629086e-07,1.2101666047037440e-06,7.1073657172892406e-15,1.7885710908993602e-06,1.7885710908993602e-06,3.5903563828227326e-13,3.2148968828193958e-06,1.9984014443252818e-15,2.3314683517128287e-15,train,2.13.1,10,7
h2o-v2-0029,H2O,0.750000000000,0.950000000000,115.000000000000,0.0000000000000000e+00,0.0000000000000000e+00,0.0000000000000000e+00,0.0000000000000000e+00,0.0000000000000000e+00,7.5000000000000000e-01,8.6099239768481750e-01,0.0000000000000000e+00,-4.0148734865366437e-01,legacy_grid,full-space CASCI analytic nuclear gradient,direct FCI,sto-3g,-74.8522148335751467,-74.8891519344245751,-74.8891519344074084,1.7166712495964020e-11,-2037.8376389221064073,3.6289454528612510,-4.7206971356545120e+00,-7.8886090522101181e-31,-3.2555889235480997e+01,1.7430609957494982e+00,-7.8886090522101181e-31,3.2426024549048236e+01,2.9776361399050137e+00,-2.7117093616972281e-30,1.2986468643275784e-01,-4.7206975208566480e+00,-6.3534462415193546e-15,-3.2555888283848212e+01,1.7430630974146721e+00,6.2789275330663963e-15,3.2426025500681021e+01,2.9776344234418608e+00,7.4518708452975873e-17,1.2986278316707767e-01,3.8520213596626718e-07,6.3534462415193538e-15,-9.5163278501786408e-07,-2.1016651738925418e-06,-6.2789275330663971e-15,-9.5163278501786408e-07,1.7164631529453800e-06,-7.4518708452978584e-17,1.9032656801698522e-06,2.1016651738925418e-06,1.6133252019007040e-13,3.9040843833326733e-06,2.9976021664879227e-15,2.2204460492503131e-16,train,2.13.1,10,7
h2o-v2-0031,H2O,0.750000000000,0.950000000000,125.000000000000,0.0000000000000000e+00,0.0000000000000000e+00,0.0000000000000000e+00,0.0000000000000000e+00,0.0000000000000000e+00,7.5000000000000000e-01,7.7819444207454203e-01,0.0000000000000000e+00,-5.4489761453349383e-01,legacy_grid,full-space CASCI analytic nuclear gradient,direct FCI,sto-3g,-74.8421598602549949,-74.8780723329599027,-74.8780723329462035,1.3699263945454732e-11,-2037.5361476071996094,3.9304367677680649,-5.7682207350808934e+00,4.7331654313260708e-30,-3.2359403764788951e+01,2.7947939718310706e+00,3.5498740734945531e-30,3.1747882655334863e+01,2.9734267632498228e+00,-6.3108872417680944e-30,6.1152110945408911e-01,-5.7682209587341671e+00,7.5756401574552690e-15,-3.2359402916209255e+01,2.7947962016834280e+00,-3.0916442304375874e-15,3.1747883503914561e+01,2.9734247570507275e+00,-4.4839959270176579e-15,6.1151941229452533e-01,2.2365327367879217e-07,-7.5756401574552642e-15,-8.4857969540053091e-07,-2.2298523574271201e-06,3.0916442304375909e-15,-8.4857969895324459e-07,2.0061990952946473e-06,4.4839959270176516e-15,1.6971595637738091e-06,2.2298523574271201e-06,1.6892691819029749e-13,4.0862824657317276e-06,8.8817841970012523e-16,1.7763568394002505e-15,train,2.13.1,10,7
h2o-v2-0032,H2O,0.750000000000,0.950000000000,130.000000000000,0.0000000000000000e+00,0.0000000000000000e+00,0.0000000000000000e+00,0.0000000000000000e+00,0.0000000000000000e+00,7.5000000000000000e-01,7.2774222096302910e-01,0.0000000000000000e+00,-6.1064822920221240e-01,legacy_grid,full-space CASCI analytic nuclear gradient,direct FCI,sto-3g,-74.8354489377257863,-74.8708868067791684,-74.8708868067634938,1.5674572750867810e-11,-2037.3406194789149595,4.1259648960526851,-6.1359404973732188e+00,3.1554436208840472e-30,-3.2125901408161013e+01,3.1616629819590489e+00,-6.3108872417680944e-30,3.1363255071947048e+01,2.9742775154141694e+00,1.1832913578315177e-30,7.6264633621396638e-01,-6.1359406212271397e+00,8.8860158118436957e-15,-3.2125900761353464e+01,3.1616648578750679e+00,-7.1095767142764194e-15,3.1363255718754601e+01,2.9742757633522849e+00,-1.7764390975673181e-15,7.6264504259882848e-01,1.2385392089697689e-07,-8.8860158118436925e-15,-6.4680754974233423e-07,-1.8759160189674162e-06,7.1095767142764130e-15,-6.4680755329504791e-07,1.7520618844635294e-06,1.7764390975673193e-15,1.2936151378983851e-06,1.8759160189674162e-06,2.1581821815562611e-13,3.4182488368728059e-06,1.1957467920563633e-15,4.4408920985006262e-16,train,2.13.1,10,7
h2o-v2-0033,H2O,0.750000000000,1.050000000000,80.000000000000,0.0000000000000000e+00,0.0000000000000000e+00,0.0000000000000000e+00,0.0000000000000000e+00,0.0000000000000000e+00,7.5000000000000000e-01,1.0340481406628184e+00,0.0000000000000000e+00,1.8233058655027695e-01,legacy_grid,full-space CASCI analytic nuclear gradient,direct FCI,sto-3g,-74.8251424975335766,-74.8750373915126630,-74.8750373913872522,1.2541079286165768e-10,-2037.4535626432448225,4.0130217317228620,4.3266593990147371e+00,4.0547450528360007e-28,-3.1329553047049277e+01,-4.3827823516115902e+00,-3.5025424191812924e-28,3.4498509794790571e+01,5.6122952596853584e-02,-5.5220263365470826e-29,-3.1689567477412939e+00,4.3266548301645136e+00,9.9826242007543243e-15,-3.1329547979736159e+01,-4.3827758944233759e+00,-7.4001741502923997e-15,3.4498514862103690e+01,5.6121064258704570e-02,-2.5824500504621340e-15,-3.1689668823675681e+00,4.5688502234852990e-06,-9.9826242007539188e-15,-5.0673131184453268e-06,-6.4571882143482640e-06,7.4001741502920495e-15,-5.0673131184453268e-06,1.8883381490142348e-06,2.5824500504620788e-15,1.0134626274194147e-05,1.0134626274194147e-05,1.6199785188708106e-13,1.4978280850730386e-05,5.9932122824760636e-16,3.5527136788005009e-15,train,2.13.1,10,7
h2o-v2-0034,H2O,0.750000000000,1.050000000000,85.000000000000,0.0000000000000000e+00,0.0000000000000000e+00,0.0000000000000000e+00,0.0000000000000000e+00,0.0000000000000000e+00,7.5000000000000000e-01,1.0460044329963329e+00,0.0000000000000000e+00,9.1513529885041051e-02,legacy_grid,full-space CASCI analytic nuclear gradient,direct FCI,sto-3g,-74.8354233257614965,-74.8840929768094270,-74.8840929766953280,1.1409895250835689e-10,-2037.6999776724385356,3.7666067025291277,3.9667979927755561e+00,-9.8607613152626476e-31,-3.1970806649390124e+01,-3.1664255361026132e+00,5.9164567891575885e-31,3.4311202142549995e+01,-8.0037245667294321e-01,-3.9443045261050590e-31,-2.3403954931598694e+00,3.9667952491418967e+00,-1.2399943506018879e-15,-3.1970803239043427e+01,-3.1664209439354520e+00,-9.7317299247740037e-16,3.4311205552896688e+01,-8.0037430520656572e-01,2.2131673430793459e-15,-2.3404023138534105e+00,2.7436336593744670e-06,1.2399943506018869e-15,-3.4103466965973439e-06,-4.5921671611992565e-06,9.7317299247740096e-16,-3.4103466930446302e-06,1.8485336225060323e-06,-2.2131673430793463e-15,6.8206935410763947e-06,6.8206935410763947e-06,1.9246298133560830e-13,1.0409435196256922e-05,1.8073121439532109e-15,6.4377832922424964e-31,train,2.13.1,10,7
h2o-v2-0038,H2O,0.750000000000,1.050000000000,105.000000000000,0.0000000000000000e+00,0.0000000000000000e+00,0.0000000000000000e+00,0.0000000000000000e+00,0.0000000000000000e+00,7.5000000000000000e-01,1.0142221176035218e+00,0.0000000000000000e+00,-2.7175999735764689e-01,legacy_grid,full-space CASCI analytic nuclear gradient,direct FCI,sto-3g,-74.8500581549563861,-74.8947865464261326,-74.8947865463223650,1.0376766113040503e-10,-2037.9909645256270778,3.4756198493405885,1.4098528736134428e+00,1.1832913578315177e-30,-3.4591485253308235e+01,6.9797151474966923e-01,-1.5777218104420236e-30,3.3510557350784659e+01,-2.1078243883631118e+00,-7.8886090522101181e-31,1.0809279025235772e+00,1.4098532365425531e+00,-2.7123879377978453e-15,-3.4591486022986253e+01,6.9797017018746343e-01,5.5978894582926307e-16,3.3510556581106641e+01,-2.1078234067302208e+00,2.1525989919688427e-15,1.0809294418795048e+00,-3.6292911032020925e-07,2.7123879377978465e-15,7.6967801732052976e-07,1.3445622057961515e-06,-5.5978894582926465e-16,7.6967801732052976e-07,-9.8163289097286111e-07,-2.1525989919688435e-15,-1.5393559276155599e-06,1.5393559276155599e-06,2.3041340872738743e-13,2.8364390385338112e-06,6.2803698347351007e-16,2.2204460492503131e-16,validation,2.13.1,10,7
h2o-v2-0039,H2O,0.750000000000,1.050000000000,110.000000000000,0.0000000000000000e+00,0.0000000000000000e+00,0.0000000000000000e+00,0.0000000000000000e+00,0.0000000000000000e+00,7.5000000000000000e-01,9.8667725182520394e-01,0.0000000000000000e+00,-3.5912115049195215e-01,legacy_grid,full-space CASCI analytic nuclear gradient,direct FCI,sto-3g,-74.8481879022635326,-74.8921925587105051,-74.8921925586065100,1.0399503480584826e-10,-2037.9203785239797071,3.5462058509878784,5.8910447161396662e-01,1.1832913578315177e-30,-3.5112555654007899e+01,1.4450729738120156e+00,2.9582283945787943e-31,3.3273736656702596e+01,-2.0341774454259820e+00,7.8886090522101181e-31,1.8388189973053011e+00,5.8910494659328538e-01,-1.8215023884318259e-15,-3.5112556852976283e+01,1.4450707146866808e+00,-3.9510733902020085e-16,3.3273735457734212e+01,-2.0341756612802517e+00,2.2166097274521217e-15,1.8388213952420702e+00,-4.7497931876527844e-07,1.8215023884318270e-15,1.1989683841306942e-06,2.2591253348025475e-06,3.9510733902020114e-16,1.1989683841306942e-06,-1.7841457302658625e-06,-2.2166097274521209e-15,-2.3979367691495668e-06,2.3979367691495668e-06,2.8555152021280666e-13,4.7010580923600997e-06,1.9984014443252818e-15,1.7763568394002505e-15,train,2.13.1,10,7
h2o-v2-0041,H2O,0.750000000000,1.050000000000,120.000000000000,0.0000000000000000e+00,0.0000000000000000e+00,0.0000000000000000e+00,0.0000000000000000e+00,0.0000000000000000e+00,7.5000000000000000e-01,9.0932667397366063e-01,0.0000000000000000e+00,-5.2499999999999980e-01,legacy_grid,full-space CASCI analytic nuclear gradient,direct FCI,sto-3g,-74.8393281745858303,-74.8821166748945615,-74.8821166747931244,1.0143708095711190e-10,-2037.6461997576943759,3.8203846172732194,-1.0936426120213134e+00,2.3665827156630354e-30,-3.5859097557765594e+01,2.6871998323700081e+00,2.3665827156630354e-30,3.2722691801078007e+01,-1.5935572203486945e+00,-4.7331654313260708e-30,3.1364057566875925e+00,-1.0936422230113114e+00,5.9165388624194955e-15,-3.5859099129931316e+01,2.6871963312786300e+00,-2.1435045036393611e-15,3.2722690228912285e+01,-1.5935541082677265e+00,-3.7730343587799001e-15,3.1364089010191392e+00,-3.8901000198876545e-07,-5.9165388624194931e-15,1.5721657220524321e-06,3.5010913781441388e-06,2.1435045036393634e-15,1.5721657220524321e-06,-3.1120809680373895e-06,3.7730343587798954e-15,-3.1443315466894717e-06,3.5010913781441388e-06,4.2192944807458232e-13,7.1188855256254513e-06,5.3336944414291991e-15,7.7715611723760958e-16,test,2.13.1,10,7
h2o-v2-0042,H2O,0.750000000000,1.050000000000,125.000000000000,0.0000000000000000e+00,0.0000000000000000e+00,0.0000000000000000e+00,0.0000000000000000e+00,0.0000000000000000e+00,7.5000000000000000e-01,8.6010964650344135e-01,0.0000000000000000e+00,-6.0225525816859848e-01,legacy_grid,full-space CASCI analytic nuclear gradient,direct FCI,sto-3g,-74.8327961426424508,-74.8750466393658911,-74.8750466392643546,1.0153655694011832e-10,-2037.4538142901510582,4.0127700848167267,-1.8954051462160713e+00,1.0018533496306850e-27,-3.6066311766546860e+01,3.1762443015718174e+00,-6.3779404187118804e-28,3.2399831155405998e+01,-1.2808391553557459e+00,-3.6287601640166543e-28,3.6664806111408619e+00,-1.8954048676445594e+00,-9.8285129137807866e-15,-3.6066313388277251e+01,3.1762403377850394e+00,3.3245976050684917e-15,3.2399829533675607e+01,-1.2808354701407847e+00,6.5039153087121706e-15,3.6664838546015228e+00,-2.7857151185806117e-07,9.8285129137817884e-15,1.6217303908661052e-06,3.9637867779163116e-06,-3.3245976050691295e-15,1.6217303908661052e-06,-3.6852149611910079e-06,-6.5039153087125335e-15,-3.2434606609399452e-06,3.9637867779163116e-06,3.2788252505989250e-13,7.9820119929241429e-06,4.9650683064945462e-16,1.5543122344752192e-15,train,2.13.1,10,7
h2o-v2-0043,H2O,0.750000000000,1.050000000000,130.000000000000,0.0000000000000000e+00,0.0000000000000000e+00,0.0000000000000000e+00,0.0000000000000000e+00,0.0000000000000000e+00,7.5000000000000000e-01,8.0434666527492693e-01,0.0000000000000000e+00,-6.7492699017086633e-01,legacy_grid,full-space CASCI analytic nuclear gradient,direct FCI,sto-3g,-74.8251921400563589,-74.8669143603677867,-74.8669143602516982,1.1608847216848517e-10,-2037.2325237052734792,4.2340606696942817,-2.6270391474153336e+00,-2.3665827156630354e-30,-3.6159265687561216e+01,3.5691229952882346e+00,-7.8886090522101181e-31,3.2040792639292476e+01,-9.4208384787290134e-01,1.5777218104420236e-30,4.1184730482687364e+00,-2.6270389952497633e+00,-4.2950877085192029e-15,-3.6159267317892613e+01,3.5691185869256050e+00,1.3127905971565847e-15,3.2040791008961079e+01,-9.4207959167590227e-01,2.9822971113624702e-15,4.1184763089315375e+00,-1.5216557036623612e-07,4.2950877085192006e-15,1.6303313969956434e-06,4.4083626296043121e-06,-1.3127905971565854e-15,1.6303313969956434e-06,-4.2561969990639881e-06,-2.9822971113624686e-15,-3.2606628010967142e-06,4.4083626296043121e-06,6.0611364953826072e-14,8.8015974499811023e-06,3.5682920351805417e-15,8.8817841970012523e-16,train,2.13.1,10,7
h2o-v2-0044,H2O,0.750000000000,1.150000000000,80.000000000000,0.0000000000000000e+00,0.0000000000000000e+00,0.0000000000000000e+00,0.0000000000000000e+00,0.0000000000000000e+00,7.5000000000000000e-01,1.1325289159640390e+00,0.0000000000000000e+00,1.9969540431696997e-01,legacy_grid,full-space CASCI analytic nuclear gradient,direct FCI,sto-3g,-74.8085547539452449,-74.8668882724555687,-74.8668882721539717,3.0159696962073212e-10,-2037.2318138170176098,4.2347705579499983,6.7118752885947801e+00,-1.5777218104420236e-30,-3.1764381394807323e+01,-3.5783297344379239e+00,1.9721522630525295e-30,3.4686604307230098e+01,-3.1335455541568558e+00,-1.1832913578315177e-30,-2.9222229124227721e+00,6.7118684433471030e+00,5.7376171565285940e-15,-3.1764373231726026e+01,-3.5783203620571191e+00,-2.6174755567979462e-15,3.4686612470311395e+01,-3.1335480812900305e+00,-3.1201415997305251e-15,-2.9222392385857456e+00,6.8452476771341253e-06,-5.7376171565285956e-15,-8.1630812971411615e-06,-9.3723808047840862e-06,2.6174755567979482e-15,-8.1630812971411615e-06,2.5271331747234171e-06,3.1201415997305239e-15,1.6326162973534508e-05,1.6326162973534508e-05,3.7902279108048453e-13,2.5014480248941595e-05,3.1401849173675502e-15,8.8817841970012523e-16,train,2.13.1,10,7
h2o-v2-0045,H2O,0.750000000000,1.150000000000,85.000000000000,0.0000000000000000e+00,0.0000000000000000e+00,0.0000000000000000e+00,0.0000000000000000e+00,0.0000000000000000e+00,7.5000000000000000e-01,1.1456239028055073e+00,0.0000000000000000e+00,1.0022910415980685e-01,legacy_grid,full-space CASCI analytic nuclear gradient,direct FCI,sto-3g,-74.8171988293537851,-74.8741912737108919,-74.8741912734086696,3.0222224722820101e-10,-2037.4305386049311437,4.0360457700364627,6.3901771810228514e+00,-2.0214560696288428e-30,-3.2585394905947574e+01,-2.5084580475713971e+00,2.3665827156630354e-30,3.4567201292375437e+01,-3.8817191334514547e+00,-7.8886090522101181e-31,-1.9818063864278643e+00,6.3901731330944305e+00,-4.1600798840372048e-16,-3.2585389451648979e+01,-2.5084513832826811e+00,4.8922536314385785e-15,3.4567206746674032e+01,-3.8817217498119727e+00,-4.4762456430354903e-15,-1.9818172950252761e+00,4.0479284209027355e-06,4.1600798840371846e-16,-5.4542985949979084e-06,-6.6642887159851227e-06,-4.8922536314385761e-15,-5.4542985949979084e-06,2.6163605180151706e-06,4.4762456430354895e-15,1.0908597411818377e-05,1.0908597411818377e-05,3.1590260268717552e-13,1.7233130985339074e-05,1.6165091241761061e-15,1.7763568394002505e-15,train,2.13.1,10,7
h2o-v2-0046,H2O,0.750000000000,1.150000000000,90.000000000000,0.0000000000000000e+00,0.0000000000000000e+00,0.0000000000000000e+00,0.0000000000000000e+00,0.0000000000000000e+00,7.5000000000000000e-01,1.1499999999999999e+00,0.0000000000000000e+00,7.0417190950972801e-17,legacy_grid,full-space CASCI analytic nuclear gradient,direct FCI,sto-3g,-74.8232733553839893,-74.8790203571088853,-74.8790203570979713,1.0913936421275139e-11,-2037.5619446584880734,3.9046397164795770,5.9210409621888331e+00,-2.3665827156630354e-30,-3.3446228472051779e+01,-1.5200221918247687e+00,2.3665827156630354e-30,3.4437547292807068e+01,-4.4010187703640637e+00,3.9443045261050590e-31,-9.9131882075528388e-01,5.9210411852499707e+00,-5.7133297905894141e-15,-3.3446228814079049e+01,-1.5200226379472994e+00,4.3148854326135895e-15,3.4437546950779797e+01,-4.4010185473029262e+00,1.3984443579758639e-15,-9.9131813670092650e-01,-2.2306113756087598e-07,5.7133297905894118e-15,3.4202727050569592e-07,4.4612253069509222e-07,-4.3148854326135871e-15,3.4202727050569592e-07,-2.2306113756087598e-07,-1.3984443579758635e-15,-6.8405435738050357e-07,6.8405435738050357e-07,3.1107751785819475e-13,1.1212544137606528e-06,5.4025784115714076e-15,4.4408920985006262e-16,validation,2.13.1,10,7
h2o-v2-0048,H2O,0.750000000000,1.150000000000,100.000000000000,0.0000000000000000e+00,0.0000000000000000e+00,0.0000000000000000e+00,0.0000000000000000e+00,0.0000000000000000e+00,7.5000000000000000e-01,1.1325289159640390e+00,0.0000000000000000e+00,-1.9969540431696983e-01,legacy_grid,full-space CASCI analytic nuclear gradient,direct FCI,sto-3g,-74.8283710725048365,-74.8819964305860566,-74.8819964305743895,1.1667111721180845e-11,-2037.6429277433719562,3.8236566315958274,4.5900821375163821e+00,-1.1832913578315177e-30,-3.5146115632100205e+01,2.3541846112831646e-01,1.7749370367472766e-30,3.4139347396117628e+01,-4.8255005986446990e+00,-7.8886090522101181e-31,1.0067682359825734e+00,4.5900823033915552e+00,-2.9934789013340810e-15,-3.5146115973472043e+01,2.3541794879861172e-01,1.6203554005424935e-15,3.4139347054745791e+01,-4.8255002521903299e+00,1.3731235007916413e-15,1.0067689187262472e+00,-1.6587517315258538e-07,2.9934789013340798e-15,3.4137183746452138e-07,5.1232970474379691e-07,-1.6203554005424918e-15,3.4137183746452138e-07,-3.4645436919333861e-07,-1.3731235007916421e-15,-6.8274367381881973e-07,6.8274367381881973e-07,1.6259730741182951e-13,1.2266595494914156e-06,3.4470592372182250e-15,3.5527136788005009e-15,train,2.13.1,10,7
h2o-v2-0051,H2O,0.750000000000,1.150000000000,115.000000000000,0.0000000000000000e+00,0.0000000000000000e+00,0.0000000000000000e+00,0.0000000000000000e+00,0.0000000000000000e+00,7.5000000000000000e-01,1.0422539550921475e+00,0.0000000000000000e+00,-4.8601100100180417e-01,legacy_grid,full-space CASCI analytic nuclear gradient,direct FCI,sto-3g,-74.8209236208815014,-74.8722773873008549,-74.8722773872858056,1.5049295143398922e-11,-2037.3784591025967075,4.0881252723709265,1.8893598622000423e+00,2.3665827156630354e-30,-3.7227110135186216e+01,2.3583081693733527e+00,-1.3805065841367707e-30,3.3549364898288104e+01,-4.2476680315733946e+00,3.9443045261050590e-31,3.6777452368981125e+00,1.8893600256882546e+00,-1.6046519790951207e-15,-3.7227110780653661e+01,2.3583069394375995e+00,-1.0041146671581613e-15,3.3549364252820659e+01,-4.2476669651260144e+00,2.6087666462533582e-15,3.6777465278328534e+00,-1.6348821230138810e-07,1.6046519790951231e-15,6.4546744482640861e-07,1.2299357532441491e-06,1.0041146671581600e-15,6.4546744482640861e-07,-1.0664473801824670e-06,-2.6087666462533578e-15,-1.2909347408829319e-06,1.2909347408829319e-06,2.1843276161260417e-13,2.7862388516375347e-06,1.2560739669470201e-15,2.6645352591003757e-15,train,2.13.1,10,7
h2o-v2-0052,H2O,0.750000000000,1.150000000000,120.000000000000,0.0000000000000000e+00,0.0000000000000000e+00,0.0000000000000000e+00,0.0000000000000000e+00,0.0000000000000000e+00,7.5000000000000000e-01,9.9592921435210446e-01,0.0000000000000000e+00,-5.7499999999999973e-01,legacy_grid,full-space CASCI analytic nuclear gradient,direct FCI,sto-3g,-74.8151277536707084,-74.8659031600125218,-74.8659031599973446,1.5177192835835740e-11,-2037.2050075418342203,4.2615768331334758,8.9767478029413772e-01,6.3108872417680944e-30,-3.7716482197749237e+01,2.9301827481440186e+00,-2.3665827156630354e-30,3.3299847886221912e+01,-3.8278575284381562e+00,-1.5777218104420236e-30,4.4166343115273214e+00,8.9767487579575478e-01,9.5697486632736544e-15,-3.7716482741251696e+01,2.9301816157669403e+00,-5.8208253614373152e-15,3.3299847342719453e+01,-3.8278564915628728e+00,-3.7489233018364228e-15,4.4166353985318798e+00,-9.5501617058957322e-08,-9.5697486632736481e-15,5.4350245903833638e-07,1.1323770783278064e-06,5.8208253614373129e-15,5.4350245903833638e-07,-1.0368752834111206e-06,3.7489233018364212e-15,-1.0870045583644128e-06,1.1323770783278064e-06,4.0437096495064598e-13,2.5280658033643988e-06,3.5527136788005009e-15,4.4408920985006262e-16,train,2.13.1,10,7
h2o-v2-0053,H2O,0.750000000000,1.150000000000,125.000000000000,0.0000000000000000e+00,0.0000000000000000e+00,0.0000000000000000e+00,0.0000000000000000e+00,0.0000000000000000e+00,7.5000000000000000e-01,9.4202485093234034e-01,0.0000000000000000e+00,-6.5961290180370302e-01,legacy_grid,full-space CASCI analytic nuclear gradient,direct FCI,sto-3g,-74.8080013489366991,-74.8582405143676226,-74.8582405143532270,1.4395595826499630e-11,-2036.9964963315246678,4.4700880434429653,-9.0624478848491063e-02,9.6605878605628158e-28,-3.8084132638049851e+01,3.4287289448468856e+00,-6.2004467150371528e-28,3.3016959009613259e+01,-3.3381044659983949e+00,-3.4630993739202418e-28,5.0671736284365902e+00,-9.0624454026973916e-02,8.5408523413622020e-16,-3.8084132896743235e+01,3.4287283517866376e+00,-1.4190574537550165e-15,3.3016958750919876e+01,-3.3381038977598321e+00,5.6497221961913942e-16,5.0671741458231772e+00,-2.4821517147222139e-08,-8.5408523413525414e-16,2.5869338315942514e-07,5.9306024802197044e-07,1.4190574537543964e-15,2.5869338315942514e-07,-5.6823856287024910e-07,-5.6497221961948573e-16,-5.1738658690680950e-07,5.9306024802197044e-07,2.4730027851458331e-13,1.3070037474527396e-06,1.8310267194088950e-15,4.4408920985006262e-16,train,2.13.1,10,7
h2o-v2-0054,H2O,0.750000000000,1.150000000000,130.000000000000,0.0000000000000000e+00,0.0000000000000000e+00,0.0000000000000000e+00,0.0000000000000000e+00,0.0000000000000000e+00,7.5000000000000000e-01,8.8095110958682465e-01,0.0000000000000000e+00,-7.3920575113952025e-01,legacy_grid,full-space CASCI analytic nuclear gradient,direct FCI,sto-3g,-74.7997669997545103,-74.8494735756431169,-74.8494735756269733,1.6143530956469476e-11,-2036.7579357756972058,4.7086485992703997,-1.0413929605992074e+00,1.2621774483536189e-29,-3.8325836754557827e+01,3.8470349402933008e+00,-1.5777218104420236e-29,3.2696440482414815e+01,-2.8056419796940935e+00,1.5777218104420236e-30,5.6293962721430075e+00,-1.0413929608687167e+00,-1.2562778862866615e-14,-3.8325836732563474e+01,3.8470349961986146e+00,7.8386815048990364e-15,3.2696440504409168e+01,-2.8056420353299392e+00,4.7240973579677650e-15,5.6293962281543282e+00,2.6950930376301585e-10,1.2562778862866628e-14,-2.1994353005538869e-08,-5.5905313711690496e-08,-7.8386815048990522e-15,-2.1994353005538869e-08,5.5635845708223997e-08,-4.7240973579677634e-15,4.3988679365725147e-08,5.5905313711690496e-08,4.6890857937099689e-14,1.2180720609933368e-07,4.4408920985006262e-15,4.4408920985006262e-16,train,2.13.1,10,7
h2o-v2-0055,H2O,0.750000000000,1.250000000000,80.000000000000,0.0000000000000000e+00,0.0000000000000000e+00,0.0000000000000000e+00,0.0000000000000000e+00,0.0000000000000000e+00,7.5000000000000000e-01,1.2310096912652599e+00,0.0000000000000000e+00,2.1706022208366302e-01,legacy_grid,full-space CASCI analytic nuclear gradient,direct FCI,sto-3g,-74.7823149994704721,-74.8506391145468370,-74.8506391145055119,4.1325165511807427e-11,-2036.7896517049912291,4.6769326699765443,7.5362168777382408e+00,0.0000000000000000e+00,-3.2302143809376055e+01,-2.8746154609800358e+00,7.8886090522101181e-31,3.4875486535269737e+01,-4.6616014167582049e+00,-1.7749370367472766e-30,-2.5733427258936796e+00,7.5362152664101023e+00,5.2737002650412468e-15,-3.2302141758252070e+01,-2.8746133233294864e+00,-3.8069668193652567e-15,3.4875488586393722e+01,-4.6616019430808144e+00,-1.4667334456759886e-15,-2.5733468281418221e+00,1.6113281384733114e-06,-5.2737002650412468e-15,-2.0511239853249208e-06,-2.1376505494608011e-06,3.8069668193652575e-15,-2.0511239853249208e-06,5.2632260949536658e-07,1.4667334456759868e-15,4.1022481425123658e-06,4.1022481425123658e-06,2.6174642139265386e-13,6.5389014229921827e-06,1.7763568394002505e-15,4.4408920985006262e-16,train,2.13.1,10,7
h2o-v2-0057,H2O,0.750000000000,1.250000000000,90.000000000000,0.0000000000000000e+00,0.0000000000000000e+00,0.0000000000000000e+00,0.0000000000000000e+00,0.0000000000000000e+00,7.5000000000000000e-01,1.2500000000000000e+00,0.0000000000000000e+00,7.6540424946709579e-17,legacy_grid,full-space CASCI analytic nuclear gradient,direct FCI,sto-3g,-74.7944615702527358,-74.8600320831571082,-74.8600320831047554,5.2352788770804182e-11,-2037.0452474018416069,4.4213369731260146,6.7903912613059321e+00,-6.3108872417680944e-30,-3.4076204792499411e+01,-1.0702964651253637e+00,1.0255191767873153e-29,3.4718382671574624e+01,-5.7200947961805682e+00,2.3665827156630354e-30,-6.4217787907521717e-01,6.7903908562397151e+00,-1.0122932047670277e-14,-3.4076204117389075e+01,-1.0702956549929235e+00,5.1587329387257100e-15,3.4718383346684959e+01,-5.7200952012467852e+00,4.9641991089442105e-15,-6.4217922929597904e-01,4.0506621701297263e-07,1.0122932047670271e-14,-6.7511033563505407e-07,-8.1013244024319420e-07,-5.1587329387256997e-15,-6.7511033563505407e-07,4.0506621701297263e-07,-4.9641991089442081e-15,1.3502207618643070e-06,1.3502207618643070e-06,9.5127456525275477e-14,2.2953752409904382e-06,4.3298697960381105e-15,2.6645352591003757e-15,train,2.13.1,10,7
h2o-v2-0059,H2O,0.750000000000,1.250000000000,100.000000000000,0.0000000000000000e+00,0.0000000000000000e+00,0.0000000000000000e+00,0.0000000000000000e+00,0.0000000000000000e+00,7.5000000000000000e-01,1.2310096912652599e+00,0.0000000000000000e+00,-2.1706022208366288e-01,legacy_grid,full-space CASCI analytic nuclear gradient,direct FCI,sto-3g,-74.7979215206238166,-74.8612972388509093,-74.8612972388017255,4.9183768169314135e-11,-2037.0796740420869355,4.3869103328806842,5.4706932386585345e+00,9.4663308626521417e-30,-3.5864211185885402e+01,5.0848356285449348e-01,-1.1044052673094165e-29,3.4500124348495163e+01,-5.9791768015130282e+00,1.5777218104420236e-30,1.3640868373902462e+00,5.4706934813874639e+00,1.8257021688365134e-14,-3.5864211746552371e+01,5.0848278081438514e-01,-9.3860323907097030e-15,3.4500123787828194e+01,-5.9791762622019720e+00,-8.8709892976548959e-15,1.3640879587241033e+00,-2.4272892940047086e-07,-1.8257021688365124e-14,5.6066696885181955e-07,7.8204010833804460e-07,9.3860323907096920e-15,5.6066696885181955e-07,-5.3931105625792952e-07,8.8709892976548975e-15,-1.1213338571014475e-06,1.1213338571014475e-06,1.4302982155864034e-13,2.0839659129467947e-06,6.8833827526759706e-15,5.1070259132757201e-15,train,2.13.1,10,7
h2o-v2-0061,H2O,0.750000000000,1.250000000000,110.000000000000,0.0000000000000000e+00,0.0000000000000000e+00,0.0000000000000000e+00,0.0000000000000000e+00,0.0000000000000000e+00,7.5000000000000000e-01,1.1746157759823856e+00,0.0000000000000000e+00,-4.2752517915708588e-01,legacy_grid,full-space CASCI analytic nuclear gradient,direct FCI,sto-3g,-74.7936846945449503,-74.8554738804194386,-74.8554738803779713,4.1467274058959447e-11,-2036.9212123865593185,4.5453719884082622,3.6892862660146775e+00,0.0000000000000000e+00,-3.7436232035549985e+01,1.8784662780463788e+00,0.0000000000000000e+00,3.4210322602086336e+01,-5.5677525440610562e+00,0.0000000000000000e+00,3.2259094334636527e+00,3.6892864488296544e+00,-4.9205645985991053e-16,-3.7436232701454543e+01,1.8784651853080838e+00,2.0270564388695773e-16,3.4210321936181778e+01,-5.5677516341378910e+00,2.8935081597306797e-16,3.2259107652724248e+00,-1.8281497693450888e-07,4.9205645985991053e-16,6.6590455816140093e-07,1.0927382949610376e-06,-2.0270564388695773e-16,6.6590455816140093e-07,-9.0992316525984052e-07,-2.8935081597306797e-16,-1.3318087721536642e-06,1.3318087721536642e-06,3.7290062797751281e-13,2.7729324965086732e-06,3.9968028886505635e-15,2.2204460492503131e-15,train,2.13.1,10,7
h2o-v2-0063,H2O,0.750000000000,1.250000000000,120.000000000000,0.0000000000000000e+00,0.0000000000000000e+00,0.0000000000000000e+00,0.0000000000000000e+00,0.0000000000000000e+00,7.5000000000000000e-01,1.0825317547305484e+00,0.0000000000000000e+00,-6.2499999999999978e-01,legacy_grid,full-space CASCI analytic nuclear gradient,direct FCI,sto-3g,-74.7828665262134251,-74.8435561620784995,-74.8435561620233756,5.5123905440268572e-11,-2036.5969147496132337,4.8696696253544527,1.6111270991074871e+00,-2.3665827156630354e-30,-3.8621967957657908e+01,3.0409290283781907e+00,3.1554436208840472e-30,3.3829284668423973e+01,-4.6520561274856780e+00,-1.3805065841367707e-30,4.7926832892339375e+00,1.6111272831436045e+00,3.6547755828249817e-15,-3.8621969551457852e+01,3.0409258997634470e+00,-2.2554045759932693e-15,3.3829283074624030e+01,-4.6520531829071761e+00,-1.3993710068314438e-15,4.7926864768336612e+00,-1.8403611745654302e-07,-3.6547755828249841e-15,1.5937999435777783e-06,3.1286147437192824e-06,2.2554045759932724e-15,1.5937999435777783e-06,-2.9445785019177606e-06,1.3993710068314425e-15,-3.1875997237307274e-06,3.1875997237307274e-06,2.0323765856326282e-13,7.6375005977347143e-06,2.6645352591003757e-15,3.4970964442238210e-30,train,2.13.1,10,7
h2o-v2-0064,H2O,0.750000000000,1.250000000000,125.000000000000,0.0000000000000000e+00,0.0000000000000000e+00,0.0000000000000000e+00,0.0000000000000000e+00,0.0000000000000000e+00,7.5000000000000000e-01,1.0239400553612397e+00,0.0000000000000000e+00,-7.1697054543880767e-01,legacy_grid,full-space CASCI analytic nuclear gradient,direct FCI,sto-3g,-74.7753851884613425,-74.8356311403026666,-74.8356311402375809,6.5085714595625177e-11,-2036.3812639210632369,5.0853204539045063,5.2583365279608230e-01,0.0000000000000000e+00,-3.9034623234112424e+01,3.5390782720691187e+00,-9.8607613152626476e-31,3.3596091168855402e+01,-4.0649119248652008e+00,-1.1832913578315177e-30,5.4385320652570250e+00,5.2583367842992534e-01,3.9734142662816466e-15,-3.9034624028783696e+01,3.5390765514969220e+00,-1.3418725839971229e-15,3.3596090374184129e+01,-4.0649102299269622e+00,-2.6315416822842464e-15,5.4385336545994996e+00,-2.5633843048211702e-08,-3.9734142662816466e-15,7.9467127278576299e-07,1.7205721967172849e-06,1.3418725839971219e-15,7.9467127278576299e-07,-1.6949382386499678e-06,2.6315416822842452e-15,-1.5893424745172524e-06,1.7205721967172849e-06,1.3298080655620729e-13,4.1330413829143708e-06,3.5527136788005009e-15,8.8817841970012523e-16,train,2.13.1,10,7
h2o-v2-0065,H2O,0.750000000000,1.250000000000,130.000000000000,0.0000000000000000e+00,0.0000000000000000e+00,0.0000000000000000e+00,0.0000000000000000e+00,0.0000000000000000e+00,7.5000000000000000e-01,9.5755555389872249e-01,0.0000000000000000e+00,-8.0348451210817418e-01,legacy_grid,full-space CASCI analytic nuclear gradient,direct FCI,sto-3g,-74.7667681589892510,-74.8265808727108492,-74.8265808726348212,7.6028072726330720e-11,-2036.1349935939927036,5.3315907809749969,-5.4932214773005694e-01,-4.7331654313260708e-30,-3.9317610034390015e+01,3.9755279240893451e+00,9.4663308626521417e-30,3.3328872152479320e+01,-3.4262057763592884e+00,-3.9443045261050590e-30,5.9887378819106960e+00,-5.4932217123556060e-01,-9.8708623598108382e-15,-3.9317610455218585e+01,3.9755269117491228e+00,7.5172312008103927e-15,3.3328871731650750e+01,-3.4262047405136165e+00,2.3536311590005544e-15,5.9887387235676952e+00,2.3505503654597248e-08,9.8708623598108335e-15,4.2082857021341624e-07,1.0123402223172207e-06,-7.5172312008103833e-15,4.2082857021341624e-07,-1.0358456719039566e-06,-2.3536311590005583e-15,-8.4165699920646375e-07,1.0358456719039566e-06,1.4959941136622197e-13,2.3974745007038223e-06,1.7763568394002505e-15,3.1086244689504383e-15,train,2.13.1,10,7
h2o-v2-0067,H2O,0.850000000000,0.850000000000,85.000000000000,0.0000000000000000e+00,0.0000000000000000e+00,0.0000000000000000e+00,0.0000000000000000e+00,0.0000000000000000e+00,8.4999999999999998e-01,8.4676549337798368e-01,0.0000000000000000e+00,7.4082381335509415e-02,legacy_grid,full-space CASCI analytic nuclear gradient,direct FCI,sto-3g,-74.8896017795070748,-74.9304596033026229,-74.9304596032915526,1.1070255823142361e-11,-2038.9616778548684124,2.5049065200993139,-1.1870692325208651e+01,7.8886090522101181e-31,-1.2954587448078126e+01,-3.6104908220334040e+00,3.1554436208840472e-30,1.5224441735151178e+01,1.5481183147242056e+01,-7.8886090522101181e-30,-2.2698542870730538e+00,-1.1870692325208680e+01,-2.3580416205995316e-15,-1.2954587448078273e+01,-3.6104908220334928e+00,-9.9654046398305540e-15,1.5224441735151030e+01,1.5481183147242023e+01,1.2323446260430064e-14,-2.2698542870731413e+00,2.8421709430404007e-14,2.3580416205995324e-15,1.4743761767022079e-13,8.8817841970012523e-14,9.9654046398305571e-15,1.4743761767022079e-13,3.3750779948604759e-14,-1.2323446260430072e-14,8.7485574340462335e-14,1.4743761767022079e-13,4.1209971231633457e-13,6.7412045537986695e-14,2.5121479338940403e-15,8.8817841970012523e-16,train,2.13.1,10,7
h2o-v2-0068,H2O,0.850000000000,0.850000000000,90.000000000000,0.0000000000000000e+00,0.0000000000000000e+00,0.0000000000000000e+00,0.0000000000000000e+00,0.0000000000000000e+00,8.4999999999999998e-01,8.4999999999999998e-01,0.0000000000000000e+00,5.2047488963762507e-17,legacy_grid,full-space CASCI analytic nuclear gradient,direct FCI,sto-3g,-74.8988834556529781,-74.9387346006325288,-74.9387346006235475,8.9812601800076663e-12,-2039.1868520033970071,2.2797323715707254,-1.2357154063097189e+01,-1.5777218104420236e-30,-1.2357154063097280e+01,-2.4819320224353869e+00,0.0000000000000000e+00,1.4839086085532667e+01,1.4839086085532575e+01,1.5777218104420236e-30,-2.4819320224353860e+00,-1.2357154063097159e+01,1.0919271941459674e-15,-1.2357154063097363e+01,-2.4819320224354207e+00,1.2466316682844602e-14,1.4839086085532584e+01,1.4839086085532605e+01,-1.3558243876990581e-14,-2.4819320224354056e+00,-3.0198066269804258e-14,-1.0919271941459690e-15,8.3488771451811772e-14,3.3750779948604759e-14,-1.2466316682844602e-14,8.3488771451811772e-14,-3.0198066269804258e-14,1.3558243876990583e-14,1.9539925233402755e-14,8.3488771451811772e-14,1.8684759949404596e-13,7.2758553460228179e-14,2.2204460492503131e-15,8.8817841970012523e-16,train,2.13.1,10,7
h2o-v2-0069,H2O,0.850000000000,0.850000000000,95.000000000000,0.0000000000000000e+00,0.0000000000000000e+00,0.0000000000000000e+00,0.0000000000000000e+00,0.0000000000000000e+00,8.4999999999999998e-01,8.4676549337798368e-01,0.0000000000000000e+00,-7.4082381335509498e-02,legacy_grid,full-space CASCI analytic nuclear gradient,direct FCI,sto-3g,-74.9051703685282746,-74.9440986752817935,-74.9440986752744891,7.3043793236138299e-12,-2039.3328159105303712,2.1337684644372712,-1.2840059266292888e+01,-2.5598536374421833e-28,-1.1765746581935419e+01,-1.4723337008005946e+00,1.6408306828597046e-28,1.4495876490831511e+01,1.4312392967093484e+01,9.3085586816079393e-29,-2.7301299088960924e+00,-1.2840059266292970e+01,-8.6423468207557724e-16,-1.1765746581935403e+01,-1.4723337008006563e+00,1.2727518183485603e-14,1.4495876490831527e+01,1.4312392967093400e+01,-1.1863283501409996e-14,-2.7301299088960960e+00,8.1712414612411521e-14,8.6423468207532126e-16,-1.5987211554602254e-14,6.1728400169158704e-14,-1.2727518183485438e-14,-1.5987211554602254e-14,8.3488771451811772e-14,1.1863283501410089e-14,3.5527136788005009e-15,8.3488771451811772e-14,2.2738061423126008e-13,2.7766996453238849e-14,1.1832913578315177e-30,4.4408920985006262e-16,validation,2.13.1,10,7
h2o-v2-0070,H2O,0.850000000000,0.850000000000,100.000000000000,0.0000000000000000e+00,0.0000000000000000e+00,0.0000000000000000e+00,0.0000000000000000e+00,0.0000000000000000e+00,8.4999999999999998e-01,8.3708659006037678e-01,0.0000000000000000e+00,-1.4760095101689075e-01,legacy_grid,full-space CASCI analytic nuclear gradient,direct FCI,sto-3g,-74.9087607691205051,-74.9468585829291527,-74.9468585829231557,5.9969806898152456e-12,-2039.4079168235259658,2.0586675514417236,-1.3296787661423721e+01,2.0904813988356813e-29,-1.1157329622543170e+01,-5.6964613035829659e-01,-1.1044052673094165e-29,1.4180789866365474e+01,1.3866433791782018e+01,-6.3108872417680944e-30,-3.0234602438223059e+00,-1.3296787661423851e+01,-2.4817968435139797e-15,-1.1157329622543205e+01,-5.6964613035841316e-01,-7.7561815802442292e-15,1.4180789866365439e+01,1.3866433791781885e+01,1.0237978423758029e-14,-3.0234602438223552e+00,1.2967404927621828e-13,2.4817968435140006e-15,3.5527136788005009e-14,1.1657341758564144e-13,7.7561815802442182e-15,3.5527136788005009e-14,1.3322676295501878e-13,-1.0237978423758036e-14,4.9293902293356950e-14,1.3322676295501878e-13,3.9744867840512628e-13,2.0954320877602405e-14,1.3322676295501878e-15,1.1207324473868158e-29,train,2.13.1,10,7
h2o-v2-0076,H2O,0.850000000000,0.850000000000,130.000000000000,0.0000000000000000e+00,0.0000000000000000e+00,0.0000000000000000e+00,0.0000000000000000e+00,0.0000000000000000e+00,8.4999999999999998e-01,6.5113777665113126e-01,0.0000000000000000e+00,-5.4636946823355848e-01,legacy_grid,full-space CASCI analytic nuclear gradient,direct FCI,sto-3g,-74.8889368329596721,-74.9235875661433113,-74.9235875661403554,2.9558577807620168e-12,-2038.7746801974294613,2.6919041775381247,-1.4121886891742347e+01,3.7470892997998061e-29,-6.5851440052183197e+00,2.8539611793529001e+00,-2.6821270777514401e-29,1.2314474587618676e+01,1.1267925712389447e+01,3.5498740734945531e-30,-5.7293305824003564e+00,-1.4121886891742308e+01,-2.7121301591482114e-15,-6.5851440052183872e+00,2.8539611793528392e+00,4.8981898864644611e-15,1.2314474587618609e+01,1.1267925712389552e+01,-2.1860597273166260e-15,-5.7293305824003475e+00,-3.9079850466805510e-14,2.7121301591482489e-15,6.7501559897209518e-14,6.0840221749458578e-14,-4.8981898864644880e-15,6.7501559897209518e-14,-1.0480505352461478e-13,2.1860597273166296e-15,-8.8817841970012523e-15,1.0480505352461478e-13,1.5027810883381227e-13,1.5109206776577326e-13,1.4199496293978212e-29,2.6186094142702482e-29,train,2.13.1,10,7
h2o-v2-0077,H2O,0.850000000000,0.950000000000,80.000000000000,0.0000000000000000e+00,0.0000000000000000e+00,0.0000000000000000e+00,0.0000000000000000e+00,0.0000000000000000e+00,8.4999999999999998e-01,9.3556736536159757e-01,0.0000000000000000e+00,1.6496576878358388e-01,legacy_grid,full-space CASCI analytic nuclear gradient,direct FCI,sto-3g,-74.9080382078286533,-74.9558575806922676,-74.9558575806507577,4.1509906623105053e-11,-2039.6527920274847929,1.8137923474828230,-1.7601010610794245e+00,1.9721522630525295e-31,-1.2979608992507933e+01,-4.2212115014150262e+00,-1.9721522630525295e-31,1.5760080017157833e+01,5.9813125624944510e+00,0.0000000000000000e+00,-2.7804710246498989e+00,-1.7601026626905396e+00,-1.4341208790217848e-15,-1.2979607516187073e+01,-4.2212090791383883e+00,1.7025521484682582e-15,1.5760081493478692e+01,5.9813117418289083e+00,-2.6843126944641171e-16,-2.7804739772914666e+00,1.6016111150651824e-06,1.4341208790217850e-15,-1.4763208593393529e-06,-2.4222766379367044e-06,-1.7025521484682584e-15,-1.4763208593393529e-06,8.2066554263349190e-07,2.6843126944641171e-16,2.9526415676883744e-06,2.9526415676883744e-06,1.5357077468618070e-13,4.6859485665073919e-06,1.3322676295501878e-15,6.6613381477509392e-16,train,2.13.1,10,7
h2o-v2-0079,H2O,0.850000000000,0.950000000000,90.000000000000,0.0000000000000000e+00,0.0000000000000000e+00,0.0000000000000000e+00,0.0000000000000000e+00,0.0000000000000000e+00,8.4999999999999998e-01,9.4999999999999996e-01,0.0000000000000000e+00,5.8170722959499272e-17,legacy_grid,full-space CASCI analytic nuclear gradient,direct FCI,sto-3g,-74.9270620438886823,-74.9726155320773557,-74.9726155320394554,3.7900349525443744e-11,-2040.1087991153160601,1.3577852596516991,-2.5852703793432492e+00,-7.8886090522101181e-31,-1.3357112166654217e+01,-2.0010453234308123e+00,2.9582283945787943e-31,1.5147521140250207e+01,4.5863157027740611e+00,3.9443045261050590e-31,-1.7904089735959909e+00,-2.5852710291257606e+00,2.0532492778826564e-15,-1.3357111440426733e+01,-2.0010440238659020e+00,6.0382212642848770e-16,1.5147521866477691e+01,4.5863150529915497e+00,-2.6570714043111207e-15,-1.7904104260509199e+00,6.4978251135272558e-07,-2.0532492778826572e-15,-7.2622748348294408e-07,-1.2995649103508811e-06,-6.0382212642848740e-16,-7.2622748348294408e-07,6.4978251135272558e-07,2.6570714043111210e-15,1.4524549289962607e-06,1.4524549289962607e-06,1.1894712081578583e-13,2.4844624006981064e-06,9.1551335970444749e-16,1.5543122344752192e-15,train,2.13.1,10,7
h2o-v2-0081,H2O,0.850000000000,0.950000000000,100.000000000000,0.0000000000000000e+00,0.0000000000000000e+00,0.0000000000000000e+00,0.0000000000000000e+00,0.0000000000000000e+00,8.4999999999999998e-01,9.3556736536159757e-01,0.0000000000000000e+00,-1.6496576878358379e-01,legacy_grid,full-space CASCI analytic nuclear gradient,direct FCI,sto-3g,-74.9347592417305464,-74.9783967678867072,-74.9783967678544627,3.2244429348793346e-11,-2040.2661145559034139,1.2004698190643006,-3.7085770730381307e+00,3.9443045261050590e-31,-1.3784869091861914e+01,-1.7963096419813951e-01,-7.8886090522101181e-31,1.4633666919813820e+01,3.8882080372362702e+00,3.9443045261050590e-31,-8.4879782795190484e-01,-3.7085774574659096e+00,-2.1620046497465386e-15,-1.3784868566839874e+01,-1.7962991761587113e-01,3.3391425431716306e-15,1.4633667444835860e+01,3.8882073750818180e+00,-1.1771378934251443e-15,-8.4879887799609921e-01,3.8442777894331925e-07,2.1620046497465390e-15,-5.2502204006543707e-07,-1.0465822683769499e-06,-3.3391425431716314e-15,-5.2502204006543707e-07,6.6215445215789259e-07,1.1771378934251447e-15,1.0500441943728234e-06,1.0500441943728234e-06,1.1954503956641402e-13,1.9812147832309890e-06,6.6613381477509392e-16,1.3322676295501878e-15,train,2.13.1,10,7
h2o-v2-0087,H2O,0.850000000000,0.950000000000,130.000000000000,0.0000000000000000e+00,0.0000000000000000e+00,0.0000000000000000e+00,0.0000000000000000e+00,0.0000000000000000e+00,8.4999999999999998e-01,7.2774222096302910e-01,0.0000000000000000e+00,-6.1064822920221240e-01,legacy_grid,full-space CASCI analytic nuclear gradient,direct FCI,sto-3g,-74.9090221432145711,-74.9489089738117116,-74.9489089737913332,2.0378365661599673e-11,-2039.4637108017864193,2.0028735731811618,-7.0773846147333437e+00,3.1554436208840472e-30,-1.3672414947641636e+01,3.2884313008230728e+00,-4.3387349787155649e-30,1.3010849684335431e+01,3.7889533139102709e+00,3.9443045261050590e-30,6.6156526330620635e-01,-7.0773850360688551e+00,-7.2400398656972592e-15,-1.3672413666583045e+01,3.2884353683015850e+00,3.2297748934139343e-15,1.3010850965394022e+01,3.7889496677673073e+00,4.0102649722832503e-15,6.6156270118893101e-01,4.2133551136913638e-07,7.2400398656972623e-15,-1.2810585907629957e-06,-4.0674785122263302e-06,-3.2297748934139387e-15,-1.2810585907629957e-06,3.6461429635537002e-06,-4.0102649722832464e-15,2.5621172753398369e-06,4.0674785122263302e-06,9.9515687859232664e-14,7.5484283699189803e-06,1.5543122344752192e-15,4.4408920985006262e-16,train,2.13.1,10,7
h2o-v2-0090,H2O,0.850000000000,1.050000000000,90.000000000000,0.0000000000000000e+00,0.0000000000000000e+00,0.0000000000000000e+00,0.0000000000000000e+00,0.0000000000000000e+00,8.4999999999999998e-01,1.0500000000000000e+00,0.0000000000000000e+00,6.4293956955236049e-17,legacy_grid,full-space CASCI analytic nuclear gradient,direct FCI,sto-3g,-74.9254649722684718,-74.9779344303878332,-74.9779344302509685,1.3686474176211050e-10,-2040.2535337116455594,1.2130506633221629,2.6759953884036096e+00,5.5176721004515795e-23,-1.4170738370800999e+01,-1.5521230216708248e+00,5.5176634229816220e-23,1.5427218912153572e+01,-1.1238723667327848e+00,5.5176681462862921e-23,-1.2564805413525735e+00,2.6759930215819869e+00,-1.8274031349822628e-15,-1.4170735447080151e+01,-1.5521182880274478e+00,1.2942473501481354e-15,1.5427221835874420e+01,-1.1238747335544075e+00,5.3315578483399077e-16,-1.2564863887943725e+00,2.3668216226901961e-06,1.8274031901589838e-15,-2.9237208476473597e-06,-4.7336433770528430e-06,-1.2942472949715012e-15,-2.9237208476473597e-06,2.3668216226901961e-06,-5.3315572965730931e-16,5.8474417989895500e-06,5.8474417989895500e-06,1.6773893766899922e-13,1.0163410685937180e-05,2.2204460492509299e-16,2.2204460492503131e-16,train,2.13.1,10,7
h2o-v2-0092,H2O,0.850000000000,1.050000000000,100.000000000000,0.0000000000000000e+00,0.0000000000000000e+00,0.0000000000000000e+00,0.0000000000000000e+00,0.0000000000000000e+00,8.4999999999999998e-01,1.0340481406628184e+00,0.0000000000000000e+00,-1.8233058655027681e-01,legacy_grid,full-space CASCI analytic nuclear gradient,direct FCI,sto-3g,-74.9312008941024885,-74.9816153274438477,-74.9816153272986412,1.4520651347993407e-10,-2040.3536960231683679,1.1128883517992327,1.4538156090765602e+00,1.0097419586828951e-28,-1.5449098154853704e+01,1.5290895319104511e-01,-6.7842037849007015e-29,1.5040096266600916e+01,-1.6067245622676054e+00,-3.2540512340366737e-29,4.0900188825278827e-01,1.4538150948631319e+00,1.7879146532926039e-15,-1.5449097358469599e+01,1.5291040288955660e-01,-2.6448881559297071e-15,1.5040097062985021e+01,-1.6067254977530525e+00,8.5697350263701484e-16,4.0900029548455241e-01,5.1421342828206207e-07,-1.7879146532925029e-15,-7.9638410532822945e-07,-1.4496985114853533e-06,2.6448881559296393e-15,-7.9638410532822945e-07,9.3548544710664316e-07,-8.5697350263704739e-16,1.5927682358585216e-06,1.5927682358585216e-06,3.6504734077873218e-13,3.0498104502396650e-06,4.0029660424867210e-16,1.1102230246251565e-16,train,2.13.1,10,7
h2o-v2-0094,H2O,0.850000000000,1.050000000000,110.000000000000,0.0000000000000000e+00,0.0000000000000000e+00,0.0000000000000000e+00,0.0000000000000000e+00,0.0000000000000000e+00,8.4999999999999998e-01,9.8667725182520394e-01,0.0000000000000000e+00,-3.5912115049195215e-01,legacy_grid,full-space CASCI analytic nuclear gradient,direct FCI,sto-3g,-74.9279505633392091,-74.9767703844162128,-74.9767703842518642,1.6434853478131117e-10,-2040.2218584071035821,1.2447259678640135,-1.0167209728755923e-01,2.2926270057985656e-30,-1.6551320887069515e+01,1.5799489115110763e+00,-1.5777218104420236e-30,1.4652182094128230e+01,-1.4782768142235172e+00,-3.9443045261050590e-31,1.8991387929412848e+00,-1.0167199718185614e-01,4.0827939030373015e-17,-1.6551321088284311e+01,1.5799484915908470e+00,-2.5607525739098329e-15,1.4652181892913436e+01,-1.4782764944092128e+00,2.5199246348793024e-15,1.8991391953709109e+00,-1.0010570308804922e-07,-4.0827939030370722e-17,2.0121479593626646e-07,4.1992022925541050e-07,2.5607525739098313e-15,2.0121479415990962e-07,-3.1981430437255653e-07,-2.5199246348793028e-15,-4.0242962606740207e-07,4.1992022925541050e-07,2.2472022020004330e-13,8.6885238537171006e-07,2.2204460492503131e-16,8.8817841970012523e-16,train,2.13.1,10,7
h2o-v2-0096,H2O,0.850000000000,1.050000000000,120.000000000000,0.0000000000000000e+00,0.0000000000000000e+00,0.0000000000000000e+00,0.0000000000000000e+00,0.0000000000000000e+00,8.4999999999999998e-01,9.0932667397366063e-01,0.0000000000000000e+00,-5.2499999999999980e-01,legacy_grid,full-space CASCI analytic nuclear gradient,direct FCI,sto-3g,-74.9172811683944673,-74.9648711539240367,-74.9648711537491579,1.7487877812527586e-10,-2039.8980638501509475,1.5685205248166556,-1.8025937683610054e+00,5.9164567891575885e-31,-1.7317818047491475e+01,2.7398967717455944e+00,3.9443045261050590e-31,1.4215526633963250e+01,-9.3730300338458883e-01,0.0000000000000000e+00,3.1022914135282229e+00,-1.8025935345978719e+00,-8.9253018663606724e-16,-1.7317818701544201e+01,2.7398951713665367e+00,2.0256738040772431e-15,1.4215525979910522e+01,-9.3730163676892553e-01,-1.1331436174411773e-15,3.1022927216336336e+00,-2.3376313351697320e-07,8.9253018663606783e-16,6.5405272664520453e-07,1.6003790577201471e-06,-2.0256738040772427e-15,6.5405272842156137e-07,-1.3666156633007631e-06,1.1331436174411773e-15,-1.3081054106578449e-06,1.6003790577201471e-06,2.6466301148563835e-13,3.2672905501129890e-06,1.3506446028928519e-15,1.7763568394002505e-15,train,2.13.1,10,7
h2o-v2-0098,H2O,0.850000000000,1.050000000000,130.000000000000,0.0000000000000000e+00,0.0000000000000000e+00,0.0000000000000000e+00,0.0000000000000000e+00,0.0000000000000000e+00,8.4999999999999998e-01,8.0434666527492693e-01,0.0000000000000000e+00,-6.7492699017086633e-01,legacy_grid,full-space CASCI analytic nuclear gradient,direct FCI,sto-3g,-74.9009051838850439,-74.9474208645032434,-74.9474208643118800,1.9136336959491018e-10,-2039.4232172846175217,2.0433670903501402,-3.4135936736087773e+00,-2.3665827156630354e-30,-1.7658130003167283e+01,3.6090669735145950e+00,-3.9443045261050590e-31,1.3680197015333032e+01,-1.9547329990581783e-01,2.3665827156630354e-30,3.9779329878342504e+00,-3.4135934839697031e+00,-4.3731471183827068e-15,-1.7658130874435702e+01,3.6090644009933972e+00,2.4616443829015960e-15,1.3680196144064613e+01,-1.9547091702377992e-01,1.9115027354811660e-15,3.9779347303710124e+00,-1.8963907422175907e-07,4.3731471183827044e-15,8.7126841918916398e-07,2.5725211978411267e-06,-2.4616443829015964e-15,8.7126841918916398e-07,-2.3828820379101501e-06,-1.9115027354811636e-15,-1.7425367619949839e-06,2.5725211978411267e-06,1.1516425164991923e-13,5.1965180687396639e-06,4.5182803598830274e-16,8.8817841970012523e-16,test,2.13.1,10,7
h2o-v2-0099,H2O,0.850000000000,1.150000000000,80.000000000000,0.0000000000000000e+00,0.0000000000000000e+00,0.0000000000000000e+00,0.0000000000000000e+00,0.0000000000000000e+00,8.4999999999999998e-01,1.1325289159640390e+00,0.0000000000000000e+00,1.9969540431696997e-01,legacy_grid,full-space CASCI analytic nuclear gradient,direct FCI,sto-3g,-74.8931129198848140,-74.9565023436635727,-74.9565023436376663,2.5906388145813253e-11,-2039.6703369217341333,1.7962474532335286,5.9832660601467431e+00,-3.1554436208840472e-30,-1.3209738062770427e+01,-2.9754040833865973e+00,1.5777218104420236e-30,1.5973243382891319e+01,-3.0078619767601458e+00,3.1554436208840472e-30,-2.7635053201208906e+00,5.9832653307314931e+00,-1.2945940331878314e-14,-1.3209737275795707e+01,-2.9754030408509062e+00,4.9117613082545692e-15,1.5973244169866039e+01,-3.0078622898807370e+00,8.0341790236235948e-15,-2.7635068940704968e+00,7.2941524997816032e-07,1.2945940331878311e-14,-7.8697472005728741e-07,-1.0425356911092365e-06,-4.9117613082545677e-15,-7.8697472005728741e-07,3.1312059123322911e-07,-8.0341790236235917e-15,1.5739496062039393e-06,1.5739496062039393e-06,2.2288014105769638e-13,2.6061700260093801e-06,1.3322676295501878e-15,1.7763568394002505e-15,train,2.13.1,10,7
h2o-v2-0100,H2O,0.850000000000,1.150000000000,85.000000000000,0.0000000000000000e+00,0.0000000000000000e+00,0.0000000000000000e+00,0.0000000000000000e+00,0.0000000000000000e+00,8.4999999999999998e-01,1.1456239028055073e+00,0.0000000000000000e+00,1.0022910415980685e-01,legacy_grid,full-space CASCI analytic nuclear gradient,direct FCI,sto-3g,-74.9012531680485552,-74.9633088553920715,-74.9633088553624418,2.9629632081196178e-11,-2039.8555515413661396,1.6110328336015012,5.7112708548211018e+00,1.1832913578315177e-30,-1.3994768405360430e+01,-2.0305208673388244e+00,0.0000000000000000e+00,1.5823344961758638e+01,-3.6807499874822773e+00,-7.8886090522101181e-31,-1.8285765563982068e+00,5.7112705659001071e+00,4.6767299884837216e-16,-1.3994768057028903e+01,-2.0305203809221268e+00,2.2790129142989261e-15,1.5823345310090165e+01,-3.6807501849780930e+00,-2.7466859131470782e-15,-1.8285772530612592e+00,2.8892099468436072e-07,-4.6767299884837097e-16,-3.4833152717794746e-07,-4.8641669758708872e-07,-2.2790129142989261e-15,-3.4833152717794746e-07,1.9749581570138730e-07,2.7466859131470774e-15,6.9666305235749348e-07,6.9666305235749348e-07,1.1283012580182958e-13,1.1917732463118114e-06,6.6613381477509392e-16,1.0739147368323853e-30,train,2.13.1,10,7
h2o-v2-0101,H2O,0.850000000000,1.150000000000,90.000000000000,0.0000000000000000e+00,0.0000000000000000e+00,0.0000000000000000e+00,0.0000000000000000e+00,0.0000000000000000e+00,8.4999999999999998e-01,1.1499999999999999e+00,0.0000000000000000e+00,7.0417190950972801e-17,legacy_grid,full-space CASCI analytic nuclear gradient,direct FCI,sto-3g,-74.9068347750817480,-74.9676346709570964,-74.9676346709268984,3.0198066269804258e-11,-2039.9732629795348657,1.4933213954326996,5.2875867997316837e+00,7.8886090522101181e-31,-1.4826744416605406e+01,-1.1542023989741679e+00,0.0000000000000000e+00,1.5679850537586315e+01,-4.1333844007575165e+00,-1.0846837446788912e-30,-8.5310612098090832e-01,5.2875869227433423e+00,4.2656508267218002e-15,-1.4826744583032914e+01,-1.1542026449973299e+00,-5.1191377895183927e-15,1.5679850371158807e+01,-4.1333842777458578e+00,8.5348696279641275e-16,-8.5310578812601212e-01,-1.2301165863704000e-07,-4.2656508267217994e-15,1.6642750821915797e-07,2.4602316206490116e-07,5.1191377895183927e-15,1.6642750821915797e-07,-1.2301165863704000e-07,-8.5348696279641384e-16,-3.3285489620116238e-07,3.3285489620116238e-07,1.9526323421258636e-13,5.9190290735422479e-07,1.2560739669470201e-15,2.4424906541753444e-15,test,2.13.1,10,7
h2o-v2-0106,H2O,0.850000000000,1.150000000000,115.000000000000,0.0000000000000000e+00,0.0000000000000000e+00,0.0000000000000000e+00,0.0000000000000000e+00,0.0000000000000000e+00,8.4999999999999998e-01,1.0422539550921475e+00,0.0000000000000000e+00,-4.8601100100180417e-01,legacy_grid,full-space CASCI analytic nuclear gradient,direct FCI,sto-3g,-74.9014589194986229,-74.9578875643134097,-74.9578875642830837,3.0325963962241076e-11,-2039.7080306958728215,1.7585536790948946,1.3620467756200374e+00,-3.8968111553062280e-24,-1.8592964576316668e+01,2.3561425217889047e+00,-3.8967654013737252e-24,1.4937615486725877e+01,-3.7181892974089426e+00,-3.8968056332798915e-24,3.6553490895907919e+00,1.3620469004552576e+00,-6.8738504465801911e-15,-1.8592964933772848e+01,2.3561417720646030e+00,2.3586203992379580e-15,1.4937615129269698e+01,-3.7181886725201356e+00,4.5152300473423101e-15,3.6553498045029902e+00,-1.2483522016104587e-07,6.8738504426833800e-15,3.5745618021110204e-07,7.4972430175179738e-07,-2.3586204031347234e-15,3.5745617843474520e-07,-6.2488880692157522e-07,-4.5152300512391157e-15,-7.1491219832964248e-07,7.4972430175179738e-07,3.1777740465268188e-13,1.6860885789782287e-06,9.9301366129890925e-16,3.2319694713073565e-29,train,2.13.1,10,7
h2o-v2-0107,H2O,0.850000000000,1.150000000000,120.000000000000,0.0000000000000000e+00,0.0000000000000000e+00,0.0000000000000000e+00,0.0000000000000000e+00,0.0000000000000000e+00,8.4999999999999998e-01,9.9592921435210446e-01,0.0000000000000000e+00,-5.7499999999999973e-01,legacy_grid,full-space CASCI analytic nuclear gradient,direct FCI,sto-3g,-74.8948268888776454,-74.9507166890610961,-74.9507166890249295,3.6166625250189099e-11,-2039.5129012396603230,1.9536831353073976,3.5455149797610952e-01,1.0268508489371144e-22,-1.9103056360490829e+01,2.8957933156747395e+00,1.0268500797977318e-22,1.4754983702546095e+01,-3.2503448136508490e+00,1.0268502908180240e-22,4.3480726579447335e+00,3.5455160610368136e-01,-9.9112135419258072e-16,-1.9103056752081898e+01,2.8957924211637383e+00,4.5923922274306884e-16,1.4754983310955026e+01,-3.2503440272677717e+00,5.3188213144951711e-16,4.3480734411266608e+00,-1.0812757184064381e-07,9.9112145687766561e-16,3.9159106890451767e-07,8.9451100127035943e-07,-4.5923912005806086e-16,3.9159106890451767e-07,-7.8638307732248336e-07,-5.3188202876448803e-16,-7.8318192731074987e-07,8.9451100127035943e-07,4.1027810815615186e-13,1.9924984191455053e-06,3.0805512195528702e-22,1.3322676295501878e-15,validation,2.13.1,10,7
h2o-v2-0108,H2O,0.850000000000,1.150000000000,125.000000000000,0.0000000000000000e+00,0.0000000000000000e+00,0.0000000000000000e+00,0.0000000000000000e+00,0.0000000000000000e+00,8.4999999999999998e-01,9.4202485093234034e-01,0.0000000000000000e+00,-6.5961290180370302e-01,legacy_grid,full-space CASCI analytic nuclear gradient,direct FCI,sto-3g,-74.8867502885758114,-74.9421523805472987,-74.9421523805053624,4.1936232264561113e-11,-2039.2798545327616466,2.1867298422061423,-6.6569296014584911e-01,4.5517274231252381e-28,-1.9495763271832512e+01,3.3777496882308569e+00,-2.8398992587956425e-28,1.4548977803643909e+01,-2.7120567280850074e+00,-1.6881623371729653e-28,4.9467854681886028e+00,-6.6569290678975157e-01,2.0427229199454614e-15,-1.9495763535835465e+01,3.3777490269481851e+00,-3.5816153854882458e-15,1.4548977539640957e+01,-2.7120561201583779e+00,1.5388924655426659e-15,4.9467859961944498e+00,-5.3356097540202541e-08,-2.0427229199450062e-15,2.6400295283224295e-07,6.6128267173226618e-07,3.5816153854879618e-15,2.6400295283224295e-07,-6.0792662948117027e-07,-1.5388924655428347e-15,-5.2800584704471021e-07,6.6128267173226618e-07,8.0732682441266030e-14,1.4604811697793707e-06,4.4408920985006262e-16,2.2204460492503131e-16,train,2.13.1,10,7
h2o-v2-0109,H2O,0.850000000000,1.150000000000,130.000000000000,0.0000000000000000e+00,0.0000000000000000e+00,0.0000000000000000e+00,0.0000000000000000e+00,0.0000000000000000e+00,8.4999999999999998e-01,8.8095110958682465e-01,0.0000000000000000e+00,-7.3920575113952025e-01,legacy_grid,full-space CASCI analytic nuclear gradient,direct FCI,sto-3g,-74.8774377679283987,-74.9323591438147218,-74.9323591437686076,4.6114223550830502e-11,-2039.0133669854330947,2.4532173895346876,-1.6654024239348468e+00,-7.1837243625021460e-24,-1.9764229821007696e+01,3.7962628365474260e+00,-7.1837227847803356e-24,1.4313339719744034e+01,-2.1308604126125790e+00,-7.1837105574363046e-24,5.4508901012636608e+00,-1.6654024268783314e+00,-2.5340402667616345e-15,-1.9764229797603722e+01,3.7962629013492633e+00,-2.9782662781778856e-15,1.4313339743148008e+01,-2.1308604744710418e+00,5.5123065449393457e-15,5.4508900544554972e+00,2.9434845671971743e-09,2.5340402595779101e-15,-2.3403973870017580e-08,-6.4801837229566672e-08,2.9782662709941628e-15,-2.3403973870017580e-08,6.1858462796493541e-08,-5.5123065521230563e-15,4.6808163567391148e-08,6.4801837229566672e-08,2.4289406455262618e-13,1.4204333798062431e-07,8.8817841970012543e-16,1.5543122344752192e-15,train,2.13.1,10,7
h2o-v2-0110,H2O,0.850000000000,1.250000000000,80.000000000000,0.0000000000000000e+00,0.0000000000000000e+00,0.0000000000000000e+00,0.0000000000000000e+00,0.0000000000000000e+00,8.4999999999999998e-01,1.2310096912652599e+00,0.0000000000000000e+00,2.1706022208366302e-01,legacy_grid,full-space CASCI analytic nuclear gradient,direct FCI,sto-3g,-74.8674185756203485,-74.9408083097031437,-74.9408083096236766,7.9467099567409605e-11,-2039.2432805018793260,2.2233038730884154,6.9588841666280290e+00,3.1554436208840472e-30,-1.3613511874709584e+01,-2.4311839293009476e+00,0.0000000000000000e+00,1.6090576012047240e+01,-4.5277002373270818e+00,0.0000000000000000e+00,-2.4770641373376563e+00,6.9588806572576338e+00,8.7917354588814816e-15,-1.3613507826138756e+01,-2.4311790521771246e+00,-5.3674808139928724e-15,1.6090580060618070e+01,-4.5277016050806562e+00,-3.4242546448886447e-15,-2.4770722344793672e+00,3.5093703951716293e-06,-8.7917354588814784e-15,-4.0485708279192067e-06,-4.8771238230216341e-06,5.3674808139928724e-15,-4.0485708296955636e-06,1.3677535743994440e-06,3.4242546448886447e-15,8.0971417109054755e-06,8.0971417109054755e-06,1.5677292611629677e-13,1.3816330302507396e-05,3.1554436208840472e-30,8.8817841970012523e-16,train,2.13.1,10,7
h2o-v2-0113,H2O,0.850000000000,1.250000000000,95.000000000000,0.0000000000000000e+00,0.0000000000000000e+00,0.0000000000000000e+00,0.0000000000000000e+00,0.0000000000000000e+00,8.4999999999999998e-01,1.2452433726146819e+00,0.0000000000000000e+00,-1.0894467843457280e-01,legacy_grid,full-space CASCI analytic nuclear gradient,direct FCI,sto-3g,-74.8812363972985366,-74.9507913092520965,-74.9507913091304232,1.2167333807155956e-10,-2039.5149317584994151,1.9516526164683345,5.7483441574262306e+00,7.8886090522101181e-31,-1.6245491818075454e+01,-8.5584785589585766e-02,1.1832913578315177e-30,1.5808484528549934e+01,-5.6627593718366454e+00,-1.5777218104420236e-30,4.3700728952552076e-01,5.7483435486474299e+00,5.0178703835172740e-15,-1.6245490795104924e+01,-8.5583299537031268e-02,2.9664758561559759e-15,1.5808485551520466e+01,-5.6627602491104208e+00,-7.9843462396733275e-15,4.3700524358444937e-01,6.0877880070364654e-07,-5.0178703835172732e-15,-1.0229705296183056e-06,-1.4860525544974079e-06,-2.9664758561559747e-15,-1.0229705313946624e-06,8.7727377540147700e-07,7.9843462396733259e-15,2.0459410713935533e-06,2.0459410713935533e-06,2.3998286701719248e-14,3.9064135419764057e-06,1.5553031891404223e-15,2.3868163965399027e-30,train,2.13.1,10,7
h2o-v2-0114,H2O,0.850000000000,1.250000000000,100.000000000000,0.0000000000000000e+00,0.0000000000000000e+00,0.0000000000000000e+00,0.0000000000000000e+00,0.0000000000000000e+00,8.4999999999999998e-01,1.2310096912652599e+00,0.0000000000000000e+00,-2.1706022208366288e-01,legacy_grid,full-space CASCI analytic nuclear gradient,direct FCI,sto-3g,-74.8815175600236955,-74.9500782005533921,-74.9500782004231780,1.3021406175539596e-10,-2039.4955270822636066,1.9710572927041552,5.0546118388230461e+00,5.9164567891575885e-31,-1.7122361614780349e+01,6.0142285245824245e-01,-2.2186712959340957e-31,1.5709773571704396e+01,-5.6560346912812882e+00,-3.9443045261050590e-31,1.4125880430759521e+00,5.0546118336378303e+00,1.5715166714211599e-15,-1.7122361604695801e+01,6.0142286816293655e-01,-1.4230850627063851e-16,1.5709773581788943e+01,-5.6560347018010555e+00,-1.4292081651507098e-15,1.4125880229067560e+00,5.1852158122756009e-09,-1.5715166714211593e-15,-1.0084548307531804e-08,-1.5704694100726613e-08,1.4230850627063829e-16,-1.0084546531174965e-08,1.0519767279504322e-08,1.4292081651507095e-15,2.0169196091046615e-08,2.0169196091046615e-08,3.0619620929318710e-13,4.0460907291262100e-08,8.8817841970012523e-16,1.1102230246251565e-15,validation,2.13.1,10,7
h2o-v2-0115,H2O,0.850000000000,1.250000000000,105.000000000000,0.0000000000000000e+00,0.0000000000000000e+00,0.0000000000000000e+00,0.0000000000000000e+00,0.0000000000000000e+00,8.4999999999999998e-01,1.2074072828613354e+00,0.0000000000000000e+00,-3.2352380637815104e-01,legacy_grid,full-space CASCI analytic nuclear gradient,direct FCI,sto-3g,-74.8798179215375086,-74.9475514364356599,-74.9475514362998325,1.3582734936790075e-10,-2039.4267703279033412,2.0398140470642701,4.2367302662647672e+00,3.9443045261050590e-31,-1.7951529180068231e+01,1.2453899845707452e+00,-3.4512664603419266e-31,1.5605860127330338e+01,-5.4821202508355125e+00,-1.9721522630525295e-31,2.3456690527378941e+00,4.2367306293861597e+00,1.7552032457664168e-15,-1.7951530012841797e+01,1.2453885889049492e+00,-3.4920352131633215e-16,1.5605859294556772e+01,-5.4821192182911478e+00,-1.4059997244500835e-15,2.3456707182848708e+00,-3.6312139251037934e-07,-1.7552032457664164e-15,8.3277356566213712e-07,1.3956657960445540e-06,3.4920352131633180e-16,8.3277356566213712e-07,-1.0325443646763688e-06,1.4059997244500833e-15,-1.6655469767812292e-06,1.6655469767812292e-06,1.5854668947936926e-13,3.5313622144261814e-06,8.8817841970012523e-16,2.2204460492503131e-16,train,2.13.1,10,7
h2o-v2-0117,H2O,0.850000000000,1.250000000000,115.000000000000,0.0000000000000000e+00,0.0000000000000000e+00,0.0000000000000000e+00,0.0000000000000000e+00,0.0000000000000000e+00,8.4999999999999998e-01,1.1328847337958126e+00,0.0000000000000000e+00,-5.2827282717587420e-01,legacy_grid,full-space CASCI analytic nuclear gradient,direct FCI,sto-3g,-74.8709715050155040,-74.9375151403249902,-74.9375151401919339,1.3305623269843636e-10,-2039.1536687979569251,2.3129155770108101,2.3010987826616094e+00,-8.1991917000857361e-22,-1.9375542076110786e+01,2.4088843244762659e+00,-8.1991916685312999e-22,1.5371862237857568e+01,-4.7099831071378748e+00,-8.1991917000857361e-22,4.0036798382532188e+00,2.3010992171867337e+00,-1.0225115860355645e-14,-1.9375543606186671e+01,2.4088813149675046e+00,4.7547871407387712e-15,1.5371860707781684e+01,-4.7099805321544945e+00,5.4703287196168930e-15,4.0036828984048780e+00,-4.3452512432651247e-07,1.0225115040436475e-14,1.5300758846592544e-06,3.0095087613091209e-06,-4.7547879606579381e-15,1.5300758846592544e-06,-2.5749833802990452e-06,-5.4703295395360630e-15,-3.0601516591843847e-06,3.0601516591843847e-06,2.7814736302496255e-13,7.3851753090714567e-06,8.8817841970353134e-16,2.6292476097297642e-30,test,2.13.1,10,7
h2o-v2-0118,H2O,0.850000000000,1.250000000000,120.000000000000,0.0000000000000000e+00,0.0000000000000000e+00,0.0000000000000000e+00,0.0000000000000000e+00,0.0000000000000000e+00,8.4999999999999998e-01,1.0825317547305484e+00,0.0000000000000000e+00,-6.2499999999999978e-01,legacy_grid,full-space CASCI analytic nuclear gradient,direct FCI,sto-3g,-74.8640941467550647,-74.9302312161069466,-74.9302312159715171,1.3542944543587510e-10,-2038.9554631226731090,2.5111212522945001,1.2272568908413037e+00,-7.8886090522101181e-31,-1.9933397331400315e+01,2.9281431227291566e+00,-3.9443045261050590e-30,1.5235108675593370e+01,-4.1554000135704605e+00,3.9443045261050590e-30,4.6982886558069437e+00,1.2272571748837691e+00,-3.7705956299596760e-15,-1.9933398698000147e+01,2.9281401876241739e+00,-1.6651028932963480e-15,1.5235107308993538e+01,-4.1553973625078129e+00,5.4356985232559988e-15,4.6982913890063287e+00,-2.8404246532609534e-07,3.7705956299596752e-15,1.3665998324086104e-06,2.9351049826153996e-06,1.6651028932963441e-15,1.3665998324086104e-06,-2.6510626476294874e-06,-5.4356985232559948e-15,-2.7331993850410186e-06,2.9351049826153996e-06,3.0917285393035470e-13,7.1105286272299395e-06,8.8817841970012523e-16,8.8817841970012523e-16,validation,2.13.1,10,7
h2o-v2-0119,H2O,0.850000000000,1.250000000000,125.000000000000,0.0000000000000000e+00,0.0000000000000000e+00,0.0000000000000000e+00,0.0000000000000000e+00,0.0000000000000000e+00,8.4999999999999998e-01,1.0239400553612397e+00,0.0000000000000000e+00,-7.1697054543880767e-01,legacy_grid,full-space CASCI analytic nuclear gradient,direct FCI,sto-3g,-74.8557809924331679,-74.9215910479974241,-74.9215910478421137,1.5531043118244270e-10,-2038.7203521710146106,2.7462322039529847,1.1707230999379931e-01,1.9721522630525295e-31,-2.0370167156031840e+01,3.4034954418957049e+00,-5.9164567891575885e-31,1.5079706568447229e+01,-3.5205677518895042e+00,9.8607613152626476e-32,5.2904605875846116e+00,1.1707244114383344e-01,5.7662268669488284e-16,-2.0370168165506445e+01,3.4034930590702461e+00,-1.4357553478052276e-15,1.5079705558972623e+01,-3.5205655002143166e+00,8.5913266111046750e-16,5.2904626065337776e+00,-1.3115003413832760e-07,-5.7662268669488264e-16,1.0094746052402570e-06,2.3828254587243691e-06,1.4357553478052270e-15,1.0094746052402570e-06,-2.2516751876366925e-06,-8.5913266111046740e-16,-2.0189491660715930e-06,2.3828254587243691e-06,2.4126594731820990e-13,5.7070693526561911e-06,2.9582283945787943e-31,4.4408920985006262e-16,train,2.13.1,10,7
h2o-v2-0120,H2O,0.850000000000,1.250000000000,130.000000000000,0.0000000000000000e+00,0.0000000000000000e+00,0.0000000000000000e+00,0.0000000000000000e+00,0.0000000000000000e+00,8.4999999999999998e-01,9.5755555389872249e-01,0.0000000000000000e+00,-8.0348451210817418e-01,legacy_grid,full-space CASCI analytic nuclear gradient,direct FCI,sto-3g,-74.8462058306504758,-74.9117188207381446,-74.9117188205422195,1.9592505395849003e-10,-2038.4517151819543415,3.0148691930134106,-9.9978758986415805e-01,-5.6717723311972043e-23,-2.0677563660729653e+01,3.8313475927481901e+00,-5.6717763149447757e-23,1.4900603735286692e+01,-2.8315600028840318e+00,-5.6717731003365869e-23,5.7769599254429620e+00,-9.9978756998422369e-01,-1.4758009086920582e-15,-2.0677564069972988e+01,3.8313465228006254e+00,2.9987528208235542e-15,1.4900603326043360e+01,-2.8315589528164313e+00,-1.5229519121313715e-15,5.7769607439294806e+00,-1.9879934365363283e-08,1.4758008519743349e-15,4.0924333433167703e-07,1.0699475647690804e-06,-2.9987528775413173e-15,4.0924333255532019e-07,-1.0500676004276954e-06,1.5229518554136405e-15,-8.1848651856120114e-07,1.0699475647690804e-06,1.5040994067931309e-13,2.5369148421994225e-06,9.9301366129892384e-16,4.4408920985006262e-16,train,2.13.1,10,7
h2o-v2-0121,H2O,0.950000000000,0.950000000000,80.000000000000,0.0000000000000000e+00,0.0000000000000000e+00,0.0000000000000000e+00,0.0000000000000000e+00,0.0000000000000000e+00,9.4999999999999996e-01,9.3556736536159757e-01,0.0000000000000000e+00,1.6496576878358388e-01,legacy_grid,full-space CASCI analytic nuclear gradient,direct FCI,sto-3g,-74.9393290346505410,-74.9930991474216455,-74.9930991473586630,6.2982508097775280e-11,-2040.6661866841636765,0.8003976908039836,-2.6427835412577276e+00,3.9443045261050590e-31,-3.1495467797428462e+00,-3.3431441355717779e+00,1.9721522630525295e-31,5.4887837483776112e+00,5.9859276768295056e+00,-3.9443045261050590e-31,-2.3392369686347654e+00,-2.6427835412577432e+00,2.0674300237936421e-15,-3.1495467797429093e+00,-3.3431441355718352e+00,-1.0358644943651535e-15,5.4887837483775481e+00,5.9859276768294825e+00,-1.0315655294289934e-15,-2.3392369686347871e+00,1.5543122344752192e-14,-2.0674300237936417e-15,6.3060667798708891e-14,5.7287508070658077e-14,1.0358644943651537e-15,6.3060667798708891e-14,2.3092638912203256e-14,1.0315655294289930e-15,2.1760371282653068e-14,6.3060667798708891e-14,1.7664035604642186e-13,4.8540069587086903e-14,4.4408920985006262e-16,4.3329745892572120e-31,train,2.13.1,10,7
h2o-v2-0125,H2O,0.950000000000,0.950000000000,100.000000000000,0.0000000000000000e+00,0.0000000000000000e+00,0.0000000000000000e+00,0.0000000000000000e+00,0.0000000000000000e+00,9.4999999999999996e-01,9.3556736536159757e-01,0.0000000000000000e+00,-1.6496576878358379e-01,legacy_grid,full-space CASCI analytic nuclear gradient,direct FCI,sto-3g,-74.9621721102179208,-75.0115112089521432,-75.0115112089106901,4.1453063204244245e-11,-2041.1672044020549492,0.2993799729127142,-4.4520041314587786e+00,-7.8886090522101181e-31,-3.7356750247067549e+00,1.1680352297971654e-01,3.9443045261050590e-31,4.3814824531697560e+00,4.3352006084790622e+00,0.0000000000000000e+00,-6.4580742846300077e-01,-4.4520041314588363e+00,-9.9275676524825036e-16,-3.7356750247068327e+00,1.1680352297965430e-01,-2.6528092438707637e-15,4.3814824531696779e+00,4.3352006084790053e+00,3.6455660091195387e-15,-6.4580742846307393e-01,5.7731597280508140e-14,9.9275676524824957e-16,7.7715611723760958e-14,6.2241878318047839e-14,2.6528092438707641e-15,7.8159700933611020e-14,5.6843418860808015e-14,-3.6455660091195387e-15,7.3163697322797816e-14,7.8159700933611020e-14,2.8904340349585565e-13,7.7479689949104080e-15,3.3306690738754696e-16,2.2204460492503131e-16,validation,2.13.1,10,7
h2o-v2-0126,H2O,0.950000000000,0.950000000000,105.000000000000,0.0000000000000000e+00,0.0000000000000000e+00,0.0000000000000000e+00,0.0000000000000000e+00,0.0000000000000000e+00,9.4999999999999996e-01,9.1762953497461486e-01,0.0000000000000000e+00,-2.4587809284739479e-01,legacy_grid,full-space CASCI analytic nuclear gradient,direct FCI,sto-3g,-74.9615983996564950,-75.0100897270710334,-75.0100897270306604,4.0373038245888893e-11,-2041.1285239095464021,0.3380604654212666,-5.0489140446676934e+00,1.5777218104420236e-30,-3.8741680064595880e+00,8.0579892888175475e-01,-2.3665827156630354e-30,4.1768828378554810e+00,4.2431151157859386e+00,7.8886090522101181e-31,-3.0271483139589295e-01,-5.0489140446676410e+00,-1.9653360946577436e-15,-3.8741680064596165e+00,8.0579892888176630e-01,5.9326641783166565e-15,4.1768828378554526e+00,4.2431151157860016e+00,-3.9673280836583299e-15,-3.0271483139588201e-01,-5.2402526762307389e-14,1.9653360946577452e-15,2.8421709430404007e-14,-1.1546319456101628e-14,-5.9326641783166589e-15,2.8421709430404007e-14,-6.3060667798708891e-14,3.9673280836583307e-15,-1.0935696792557792e-14,6.3060667798708891e-14,1.3505160345719771e-13,5.8883449072923136e-14,0.0000000000000000e+00,4.4408920985006262e-16,train,2.13.1,10,7
h2o-v2-0128,H2O,0.950000000000,0.950000000000,115.000000000000,0.0000000000000000e+00,0.0000000000000000e+00,0.0000000000000000e+00,0.0000000000000000e+00,0.0000000000000000e+00,9.4999999999999996e-01,8.6099239768481750e-01,0.0000000000000000e+00,-4.0148734865366437e-01,legacy_grid,full-space CASCI analytic nuclear gradient,direct FCI,sto-3g,-74.9543245932709965,-75.0014237208898464,-75.0014237208502834,3.9563019527122378e-11,-2040.8927098681399457,0.5738745068276644,-6.2783838468803950e+00,0.0000000000000000e+00,-3.9997716347816881e+00,1.9975065270725099e+00,-7.8886090522101181e-31,3.7919729176748898e+00,4.2808773198078853e+00,0.0000000000000000e+00,2.0779871710679845e-01,-6.2783838468803870e+00,3.7074879664483512e-15,-3.9997716347817729e+00,1.9975065270724646e+00,2.2116912271139765e-15,3.7919729176748049e+00,4.2808773198079155e+00,-5.9191791935623927e-15,2.0779871710676187e-01,-7.9936057773011271e-15,-3.7074879664483512e-15,8.4821039081361960e-14,4.5297099404706387e-14,-2.2116912271139773e-15,8.4821039081361960e-14,-3.0198066269804258e-14,5.9191791935623927e-15,3.6581848661398908e-14,8.4821039081361960e-14,2.0620760343413035e-13,8.1993538855773280e-14,1.3877787807814457e-16,4.4408920985006262e-16,train,2.13.1,10,7
h2o-v2-0129,H2O,0.950000000000,0.950000000000,120.000000000000,0.0000000000000000e+00,0.0000000000000000e+00,0.0000000000000000e+00,0.0000000000000000e+00,0.0000000000000000e+00,9.4999999999999996e-01,8.2272413359521679e-01,0.0000000000000000e+00,-4.7499999999999976e-01,legacy_grid,full-space CASCI analytic nuclear gradient,direct FCI,sto-3g,-74.9480403818255780,-74.9945570840858409,-74.9945570840453826,4.0458303374180105e-11,-2040.7058591618554146,0.7607252131123764,-6.8623934305668319e+00,9.1212042166179490e-31,-3.9620046944228129e+00,2.4994222537112432e+00,0.0000000000000000e+00,3.5948830558495093e+00,4.3629711768555879e+00,-1.5777218104420236e-30,3.6712163857330321e-01,-6.8623934305668630e+00,-2.0383899876719878e-16,-3.9620046944229101e+00,2.4994222537111512e+00,4.5362878771687748e-15,3.5948830558494120e+00,4.3629711768555870e+00,-4.3324488784015507e-15,3.6712163857325814e-01,3.1086244689504383e-14,2.0383899876719969e-16,9.7255536957163713e-14,9.1926466438962962e-14,-4.5362878771687748e-15,9.7255536957163713e-14,8.8817841970012523e-16,4.3324488784015491e-15,4.5075054799781356e-14,9.7255536957163713e-14,2.7068654112710429e-13,9.6200427401968014e-14,9.6946057829133563e-16,1.4053536347750002e-30,train,2.13.1,10,7
h2o-v2-0130,H2O,0.950000000000,0.950000000000,125.000000000000,0.0000000000000000e+00,0.0000000000000000e+00,0.0000000000000000e+00,0.0000000000000000e+00,0.0000000000000000e+00,9.4999999999999996e-01,7.7819444207454203e-01,0.0000000000000000e+00,-5.4489761453349383e-01,legacy_grid,full-space CASCI analytic nuclear gradient,direct FCI,sto-3g,-74.9402877474521887,-74.9862618180956275,-74.9862618180525402,4.3087311496492475e-11,-2040.4801334749824946,0.9864508999852800,-7.3892589833222244e+00,-9.8607613152626476e-32,-3.8466047547110880e+00,2.9345221786836686e+00,-7.8886090522101181e-31,3.3834549401653131e+00,4.4547368046385563e+00,5.9164567891575885e-31,4.6314981454577459e-01,-7.3892589833222520e+00,-8.1380326187887423e-16,-3.8466047547111297e+00,2.9345221786836277e+00,1.8930141209458466e-15,3.3834549401652714e+00,4.4547368046385367e+00,-1.0792108590668427e-15,4.6314981454574372e-01,2.7533531010703882e-14,8.1380326187887413e-16,4.1744385725905886e-14,4.0856207306205761e-14,-1.8930141209458474e-15,4.1744385725905886e-14,1.9539925233402755e-14,1.0792108590668433e-15,3.0864200084579352e-14,4.1744385725905886e-14,1.4447070124921036e-13,2.1906941745591326e-14,9.3053645978892269e-16,4.4408920985006262e-16,train,2.13.1,10,7
h2o-v2-0131,H2O,0.950000000000,0.950000000000,130.000000000000,0.0000000000000000e+00,0.0000000000000000e+00,0.0000000000000000e+00,0.0000000000000000e+00,0.0000000000000000e+00,9.4999999999999996e-01,7.2774222096302910e-01,0.0000000000000000e+00,-6.1064822920221240e-01,legacy_grid,full-space CASCI analytic nuclear gradient,direct FCI,sto-3g,-74.9313135745575210,-74.9767503935140951,-74.9767503934655508,4.8544279707130045e-11,-2040.2213144269446730,1.2452699480229437,-7.8278862837217620e+00,1.5777218104420236e-30,-3.6502033212659990e+00,3.2964981891941885e+00,-4.1415197524103120e-30,3.1492166346604540e+00,4.5313880945275731e+00,3.9443045261050590e-31,5.0098668660554513e-01,-7.8278862837216838e+00,4.5501410206206072e-15,-3.6502033212660341e+00,3.2964981891942560e+00,-1.5799234549493739e-15,3.1492166346604189e+00,4.5313880945276583e+00,-2.9702175656712043e-15,5.0098668660551837e-01,-7.8159700933611020e-14,-4.5501410206206056e-15,3.5083047578154947e-14,-6.7501559897209518e-14,1.5799234549493697e-15,3.5083047578154947e-14,-8.5265128291212022e-14,2.9702175656712047e-15,2.6756374893466273e-14,8.5265128291212022e-14,2.5039858946861349e-13,1.7897333192485414e-14,1.1102230246251565e-16,4.4408920985006262e-16,train,2.13.1,10,7
h2o-v2-0132,H2O,0.950000000000,1.050000000000,80.000000000000,0.0000000000000000e+00,0.0000000000000000e+00,0.0000000000000000e+00,0.0000000000000000e+00,0.0000000000000000e+00,9.4999999999999996e-01,1.0340481406628184e+00,0.0000000000000000e+00,1.8233058655027695e-01,legacy_grid,full-space CASCI analytic nuclear gradient,direct FCI,sto-3g,-74.9407413055710663,-75.0016539540291092,-75.0016539537692495,2.5985968932218384e-10,-2040.8989748310191317,0.5676095439485597,2.7056873876405994e+00,-2.9582283945787943e-31,-2.9302617161304645e+00,-2.8949021683322358e+00,2.9582283945787943e-31,5.5565005837207266e+00,1.8921478069163636e-01,1.2325951644078309e-31,-2.6262388675902621e+00,2.7056810288707869e+00,6.1844993801121750e-16,-2.9302559092803415e+00,-2.8948925225058098e+00,-8.3720290209269597e-16,5.5565063905708492e+00,1.8921149363489720e-01,2.1875296408144631e-16,-2.6262504812906471e+00,6.3587698124756287e-06,-6.1844993801121779e-16,-5.8068501229691094e-06,-9.6458264260412818e-06,8.3720290209269627e-16,-5.8068501225250202e-06,3.2870567391596328e-06,-2.1875296408144618e-16,1.1613700384938141e-05,1.1613700384938141e-05,1.8772160960409998e-13,2.0573329410300545e-05,8.3266726846886741e-17,4.4408920985006262e-16,train,2.13.1,10,7
h2o-v2-0133,H2O,0.950000000000,1.050000000000,85.000000000000,0.0000000000000000e+00,0.0000000000000000e+00,0.0000000000000000e+00,0.0000000000000000e+00,0.0000000000000000e+00,9.4999999999999996e-01,1.0460044329963329e+00,0.0000000000000000e+00,9.1513529885041051e-02,legacy_grid,full-space CASCI analytic nuclear gradient,direct FCI,sto-3g,-74.9494384398604581,-75.0090685652659346,-75.0090685650352214,2.3071322630130453e-10,-2041.1007366812482360,0.3658476937194607,2.4320904261853418e+00,5.9164567891575885e-31,-3.4659487018675721e+00,-1.9849425942930807e+00,0.0000000000000000e+00,5.3078295584681907e+00,-4.4714783189226087e-01,-8.8746851837363828e-31,-1.8418808566006188e+00,2.4320863068519314e+00,-6.2766271878443371e-16,-3.4659445647720650e+00,-1.9849354414732721e+00,1.5080827646764149e-15,5.3078336955636978e+00,-4.4715086537879700e-01,-8.8042004589201444e-16,-1.8418891307916767e+00,4.1193334103795110e-06,6.2766271878443430e-16,-4.1370955070618720e-06,-7.1528198086756589e-06,-1.5080827646764149e-15,-4.1370955070618720e-06,3.0334865361303365e-06,8.8042004589201355e-16,8.2741910578665312e-06,8.2741910578665312e-06,1.4451743729028892e-13,1.5172414316033667e-05,2.7755575615628914e-16,8.2543168616502068e-31,train,2.13.1,10,7
h2o-v2-0138,H2O,0.950000000000,1.050000000000,110.000000000000,0.0000000000000000e+00,0.0000000000000000e+00,0.0000000000000000e+00,0.0000000000000000e+00,0.0000000000000000e+00,9.4999999999999996e-01,9.8667725182520394e-01,0.0000000000000000e+00,-3.5912115049195215e-01,legacy_grid,full-space CASCI analytic nuclear gradient,direct FCI,sto-3g,-74.9553555934898128,-75.0100150078795025,-75.0100150077149692,1.6453327589260880e-10,-2041.1264906967655861,0.3400936782020019,-6.3593747755651686e-01,-1.9721522630525295e-30,-6.3600873598743952e+00,1.6238969122750171e+00,0.0000000000000000e+00,4.4369669149805189e+00,-9.8795943471850023e-01,3.9443045261050590e-31,1.9231204448938757e+00,-6.3593826912045215e-01,-3.0548966908449452e-15,-6.3600860380838515e+00,1.6238999386799842e+00,5.5973980652035941e-15,4.4369682367710626e+00,-9.8796166955968256e-01,-2.5425013743587156e-15,1.9231178013127728e+00,7.9156393528734270e-07,3.0548966908449432e-15,-1.3217905436846422e-06,-3.0264049670769566e-06,-5.5973980652035941e-15,-1.3217905436846422e-06,2.2348411823358560e-06,2.5425013743587160e-15,2.6435811029124068e-06,3.0264049670769566e-06,1.5141634986840474e-13,6.2860248171148214e-06,6.6613381477509392e-16,8.8817841970012523e-16,train,2.13.1,10,7
h2o-v2-0139,H2O,0.950000000000,1.050000000000,115.000000000000,0.0000000000000000e+00,0.0000000000000000e+00,0.0000000000000000e+00,0.0000000000000000e+00,0.0000000000000000e+00,9.4999999999999996e-01,9.5162317638848259e-01,0.0000000000000000e+00,-4.4374917482773429e-01,legacy_grid,full-space CASCI analytic nuclear gradient,direct FCI,sto-3g,-74.9501858935818603,-75.0042009371630058,-75.0042009369785063,1.8449952676746761e-10,-2040.9682817728375994,0.4983026021300803,-1.4730857653635263e+00,7.0997481469891062e-29,-6.8029813335978959e+00,2.1842070111788714e+00,-3.6287601640166543e-29,4.2908986248461094e+00,-7.1112124581534497e-01,-3.3526588471893002e-29,2.5120827087517856e+00,-1.4730864307077618e+00,2.1226334057140790e-15,-6.8029800829194418e+00,2.1842100914702063e+00,-5.3970024872902102e-15,4.2908998755245635e+00,-7.1112366076241595e-01,3.2743690815760768e-15,2.5120802073948507e+00,6.6534423548425536e-07,-2.1226334057140080e-15,-1.2506784541344018e-06,-3.0802913348892957e-06,5.3970024872901739e-15,-1.2506784541344018e-06,2.4149470709833309e-06,-3.2743690815761103e-15,2.5013569349141562e-06,3.0802913348892957e-06,3.9651129997228585e-14,6.3782567563119841e-06,8.9509041826236192e-16,6.6613381477509392e-16,train,2.13.1,10,7
h2o-v2-0140,H2O,0.950000000000,1.050000000000,120.000000000000,0.0000000000000000e+00,0.0000000000000000e+00,0.0000000000000000e+00,0.0000000000000000e+00,0.0000000000000000e+00,9.4999999999999996e-01,9.0932667397366063e-01,0.0000000000000000e+00,-5.2499999999999980e-01,legacy_grid,full-space CASCI analytic nuclear gradient,direct FCI,sto-3g,-74.9433082074832839,-74.9967591742494619,-74.9967591740400792,2.0938273337378632e-10,-2040.7657810878461078,0.7008032871215930,-2.3327600137381399e+00,-1.9721522630525295e-31,-7.1582062373953992e+00,2.6920625502249051e+00,-4.9303806576313238e-31,4.1382868476241992e+00,-3.5930253648676530e-01,5.9164567891575885e-31,3.0199193897711991e+00,-2.3327605399244882e+00,8.0847725871494359e-16,-7.1582051115713385e+00,2.6920655525818526e+00,4.8003406697635560e-16,4.1382879734482598e+00,-3.5930501265756687e-01,-1.2885113256913670e-15,3.0199171381231129e+00,5.2618634827084065e-07,-8.0847725871494379e-16,-1.1258240606437653e-06,-3.0023569475012835e-06,-4.8003406697635609e-16,-1.1258240606437653e-06,2.4761708015685890e-06,1.2885113256913676e-15,2.2516480862044830e-06,3.0023569475012835e-06,2.0526198290995576e-13,6.1997124753965238e-06,8.8991145241087413e-16,2.2204460492503131e-16,train,2.13.1,10,7
h2o-v2-0141,H2O,0.950000000000,1.050000000000,125.000000000000,0.0000000000000000e+00,0.0000000000000000e+00,0.0000000000000000e+00,0.0000000000000000e+00,0.0000000000000000e+00,9.4999999999999996e-01,8.6010964650344135e-01,0.0000000000000000e+00,-6.0225525816859848e-01,legacy_grid,full-space CASCI analytic nuclear gradient,direct FCI,sto-3g,-74.9349197495426438,-74.9878538566531603,-74.9878538564110357,2.4212454263761174e-10,-2040.5234550510899680,0.9431293238777505,-3.1864348971949616e+00,2.3456779016746786e-27,-7.4147608067149351e+00,3.1442420241393525e+00,-1.3114812549299321e-27,3.9714567404053454e+00,4.2192873055609280e-02,-1.0341966467447465e-27,3.4433040663095902e+00,-3.1864352901922013e+00,-2.5149096474329095e-15,-7.4147598346781018e+00,3.1442448520165089e+00,-2.8715784009993912e-15,3.9714577124421790e+00,4.2190438175695247e-02,5.3864880484320609e-15,3.4433021222357518e+00,3.9299723963992506e-07,2.5149096474352552e-15,-9.7203683324664780e-07,-2.8278771564416161e-06,2.8715784009980797e-15,-9.7203683369073701e-07,2.4348799140330724e-06,-5.3864880484330951e-15,1.9440738383558198e-06,2.8278771564416161e-06,1.7099894611864191e-13,5.8250191425912590e-06,4.6324587861452984e-16,4.4408920985006262e-16,train,2.13.1,10,7
h2o-v2-0142,H2O,0.950000000000,1.050000000000,130.000000000000,0.0000000000000000e+00,0.0000000000000000e+00,0.0000000000000000e+00,0.0000000000000000e+00,0.0000000000000000e+00,9.4999999999999996e-01,8.0434666527492693e-01,0.0000000000000000e+00,-6.7492699017086633e-01,legacy_grid,full-space CASCI analytic nuclear gradient,direct FCI,sto-3g,-74.9252399615045590,-74.9776626390035261,-74.9776626389853931,1.8133050616597757e-11,-2040.2461378913087628,1.2204464836588755,-4.0019087807906617e+00,-3.0938909388114384e-22,-7.5654493164593912e+00,3.5350220202457794e+00,-3.0938908633766143e-22,3.7820601702531969e+00,4.6688676054488282e-01,-3.0938908752095279e-22,3.7833891462061948e+00,-4.0019090909155102e+00,-3.5618407880012669e-16,-7.5654484096169545e+00,3.5350249232892290e+00,-2.7801728630544606e-15,3.7820610770956336e+00,4.6688416762634188e-01,3.1363569418545415e-15,3.7833873325210470e+00,3.1012484846826283e-07,3.5618376941103281e-16,-9.0684243669869602e-07,-2.9030434496313262e-06,2.7801725536653743e-15,-9.0684243669869602e-07,2.5929185409334643e-06,-3.1363572512436290e-15,1.8136851478445237e-06,2.9030434496313262e-06,2.8065228121715574e-13,5.9667535050600407e-06,6.6844277772947793e-16,8.8817841970012523e-16,train,2.13.1,10,7
h2o-v2-0143,H2O,0.950000000000,1.150000000000,80.000000000000,0.0000000000000000e+00,0.0000000000000000e+00,0.0000000000000000e+00,0.0000000000000000e+00,0.0000000000000000e+00,9.4999999999999996e-01,1.1325289159640390e+00,0.0000000000000000e+00,1.9969540431696997e-01,legacy_grid,full-space CASCI analytic nuclear gradient,direct FCI,sto-3g,-74.9249444350668057,-74.9943663223879895,-74.9943663223457975,4.2192027649434749e-11,-2040.7006682716141768,0.7659161033535505,5.4050755052690489e+00,7.8886090522101181e-31,-3.0427945134902412e+00,-2.4563465251072834e+00,-3.4820813394521224e-31,5.6231938159476833e+00,-2.9487289801617655e+00,0.0000000000000000e+00,-2.5803993024574416e+00,5.4050740839929903e+00,-2.4976632581117102e-15,-3.0427931134358106e+00,-2.4563444231572813e+00,2.2739333795570541e-17,5.6231952160021139e+00,-2.9487296608356632e+00,2.4749239243158616e-15,-2.5804021025665804e+00,1.4212760586218565e-06,2.4976632581117110e-15,-1.4000544306114193e-06,-2.1019500020535986e-06,-2.2739333795570890e-17,-1.4000544306114193e-06,6.8067389769055353e-07,-2.4749239243158616e-15,2.8001091387785948e-06,2.8001091387785948e-06,2.8086141118656122e-13,5.0321294975397279e-06,4.4408920985006262e-16,5.2663320866281270e-31,train,2.13.1,10,7
h2o-v2-0145,H2O,0.950000000000,1.150000000000,90.000000000000,0.0000000000000000e+00,0.0000000000000000e+00,0.0000000000000000e+00,0.0000000000000000e+00,0.0000000000000000e+00,9.4999999999999996e-01,1.1499999999999999e+00,0.0000000000000000e+00,7.0417190950972801e-17,legacy_grid,full-space CASCI analytic nuclear gradient,direct FCI,sto-3g,-74.9375197492975502,-75.0043589309569541,-75.0043589308934884,6.3465677158092149e-11,-2040.9725810029892727,0.4940033719784866,4.7802828061210505e+00,-1.7749370367472766e-30,-4.5872921328726388e+00,-8.6147147365959187e-01,-7.8886090522101181e-31,5.2989424806783889e+00,-3.9188113324614591e+00,7.8886090522101181e-31,-7.1165034780575009e-01,4.7802823115272322e+00,1.2555142169975792e-15,-4.5872915341538354e+00,-8.6147048447188534e-01,4.4126746939191122e-15,5.2989430793971923e+00,-3.9188118270552774e+00,-5.6681889109171657e-15,-7.1165154524352969e-01,4.9459381834537908e-07,-1.2555142169975810e-15,-5.9871880342399209e-07,-9.8918770652378640e-07,-4.4126746939191130e-15,-5.9871880342399209e-07,4.9459381834537908e-07,5.6681889109171665e-15,1.1974377795986868e-06,1.1974377795986868e-06,1.8612424615589936e-13,2.3167816796121343e-06,4.4408920985006262e-16,1.5985994237766895e-30,train,2.13.1,10,7
h2o-v2-0151,H2O,0.950000000000,1.150000000000,120.000000000000,0.0000000000000000e+00,0.0000000000000000e+00,0.0000000000000000e+00,0.0000000000000000e+00,0.0000000000000000e+00,9.4999999999999996e-01,9.9592921435210446e-01,0.0000000000000000e+00,-5.7499999999999973e-01,legacy_grid,full-space CASCI analytic nuclear gradient,direct FCI,sto-3g,-74.9224464889579878,-74.9844856822420098,-74.9844856821755172,6.6492589212430175e-11,-2040.4318023562443614,1.0347820187234185,-1.9443482787229790e-02,-5.4455959029697575e-22,-8.8602730544121293e+00,2.7765897013745469e+00,-5.4455959108583666e-22,4.6198920804080172e+00,-2.7571462185873172e+00,-5.4455959168980829e-22,4.2403809740041112e+00,-1.9443814651683433e-02,1.2689401563869891e-15,-8.8602721730428229e+00,2.7765918916800030e+00,-1.1798386367964630e-15,4.6198929617773237e+00,-2.7571480770282952e+00,-8.9101519590578657e-17,4.2403792112653163e+00,3.3186445364333239e-07,-1.2689407009465794e-15,-8.8136930642690459e-07,-2.1903054561178692e-06,1.1798380922368719e-15,-8.8136930642690459e-07,1.8584409779975886e-06,8.9100975030986967e-17,1.7627387949303852e-06,2.1903054561178692e-06,1.8458785830474400e-13,4.9049567454328979e-06,8.8817841970162762e-16,4.4408920985006262e-16,test,2.13.1,10,7
h2o-v2-0152,H2O,0.950000000000,1.150000000000,125.000000000000,0.0000000000000000e+00,0.0000000000000000e+00,0.0000000000000000e+00,0.0000000000000000e+00,0.0000000000000000e+00,9.4999999999999996e-01,9.4202485093234034e-01,0.0000000000000000e+00,-6.5961290180370302e-01,legacy_grid,full-space CASCI analytic nuclear gradient,direct FCI,sto-3g,-74.9136976692177825,-74.9753197834287590,-74.9753197833425844,8.6174622992984951e-11,-2040.1823855433451627,1.2841988316224293,-1.0539950587017766e+00,6.6254455277249729e-28,-9.2853919252704777e+00,3.2328684651586723e+00,-3.8180867812696971e-28,4.4994905260296809e+00,-2.1788734064568955e+00,-2.7925676044823818e-28,4.7859013992407959e+00,-1.0539953842062082e+00,6.2629578177067779e-16,-9.2853908693238392e+00,3.2328713343132272e+00,2.2575553837104144e-15,4.4994915819763186e+00,-2.1788759501068897e+00,-2.8838511654811770e-15,4.7858992873472701e+00,3.2550443163081866e-07,-6.2629578177001525e-16,-1.0559466385728911e-06,-2.8691545548298336e-06,-2.2575553837107962e-15,-1.0559466376847126e-06,2.5436499941910995e-06,2.8838511654808978e-15,2.1118935258357396e-06,2.8691545548298336e-06,2.8183994962664691e-13,6.3929772742277180e-06,9.9301366129890925e-16,3.1838363820582801e-28,train,2.13.1,10,7
h2o-v2-0157,H2O,0.950000000000,1.250000000000,95.000000000000,0.0000000000000000e+00,0.0000000000000000e+00,0.0000000000000000e+00,0.0000000000000000e+00,0.0000000000000000e+00,9.4999999999999996e-01,1.2452433726146819e+00,0.0000000000000000e+00,-1.0894467843457280e-01,legacy_grid,full-space CASCI analytic nuclear gradient,direct FCI,sto-3g,-74.9122185993989120,-74.9879135818590044,-74.9879135816288596,2.3014479211269645e-10,-2040.5250802567347819,0.9415041182329063,5.3977296210078922e+00,0.0000000000000000e+00,-5.8891648710258711e+00,3.2616362021711170e-02,-1.5777218104420236e-30,5.3891880355555646e+00,-5.4303459830296035e+00,1.9721522630525295e-30,4.9997683547030569e-01,5.3977278659475019e+00,-5.1650632832054382e-15,-5.8891622725317667e+00,3.2620554158846515e-02,2.4204916210603692e-15,5.3891906340496689e+00,-5.4303484201063323e+00,2.7445716621450529e-15,4.9997163848198406e-01,1.7550603903515594e-06,5.1650632832054382e-15,-2.5984941043333265e-06,-4.1921371353448311e-06,-2.4204916210603708e-15,-2.5984941043333265e-06,2.4370767288672823e-06,-2.7445716621450509e-15,5.1969883216318458e-06,5.1969883216318458e-06,1.1486040597352994e-13,1.0719552032467661e-05,7.7715611723760958e-16,2.2204460492503131e-16,train,2.13.1,10,7
h2o-v2-0160,H2O,0.950000000000,1.250000000000,110.000000000000,0.0000000000000000e+00,0.0000000000000000e+00,0.0000000000000000e+00,0.0000000000000000e+00,0.0000000000000000e+00,9.4999999999999996e-01,1.1746157759823856e+00,0.0000000000000000e+00,-4.2752517915708588e-01,legacy_grid,full-space CASCI analytic nuclear gradient,direct FCI,sto-3g,-74.9061467160313583,-74.9794666705405888,-74.9794666702177466,3.2284219741995912e-10,-2040.2952280902636630,1.1713562847039201,3.0534887446550578e+00,3.9443045261050590e-31,-8.3490223749776238e+00,1.7636227115644405e+00,-5.9164567891575885e-31,5.1693630423737691e+00,-4.8171114562194983e+00,2.7117093616972281e-31,3.1796593326038538e+00,3.0534892089025893e+00,-1.3089738454490987e-15,-8.3490234186881889e+00,1.7636206434307413e+00,1.5135797248642407e-15,5.1693619986632040e+00,-4.8171098523332940e+00,-2.0460587941512947e-16,3.1796614200248086e+00,-4.6424753152862763e-07,1.3089738454490991e-15,1.0437105650851208e-06,2.0681336991845711e-06,-1.5135797248642413e-15,1.0437105650851208e-06,-1.6038862042933033e-06,2.0460587941512974e-16,-2.0874209547550038e-06,2.0874209547550038e-06,1.8002491434360172e-13,5.1023464107124994e-06,8.8817841970012523e-16,4.4408920985006262e-16,train,2.13.1,10,7
h2o-v2-0161,H2O,0.950000000000,1.250000000000,115.000000000000,0.0000000000000000e+00,0.0000000000000000e+00,0.0000000000000000e+00,0.0000000000000000e+00,0.0000000000000000e+00,9.4999999999999996e-01,1.1328847337958126e+00,0.0000000000000000e+00,-5.2827282717587420e-01,legacy_grid,full-space CASCI analytic nuclear gradient,direct FCI,sto-3g,-74.9004364508100196,-74.9733086057908906,-74.9733086054412041,3.4968650197697571e-10,-2040.1276586118319756,1.3389257631357601,2.0612601551336773e+00,-7.8886090522101181e-31,-9.0305861055852450e+00,2.2734478171157284e+00,-4.5359502050208179e-30,5.1028397700574040e+00,-4.3347079722494062e+00,-1.5777218104420236e-30,3.9277463355278406e+00,2.0612606903475075e+00,-5.1656638208575412e-15,-9.0305875433291529e+00,2.2734447353948712e+00,1.4319079234067000e-15,5.1028383323134960e+00,-4.3347054257426150e+00,3.7337558974507566e-15,3.9277492110156063e+00,-5.3521383014398793e-07,5.1656638208575404e-15,1.4377439079282794e-06,3.0817208571676247e-06,-1.4319079234067045e-15,1.4377439079282794e-06,-2.5465067912122663e-06,-3.7337558974507582e-15,-2.8754877656744782e-06,3.0817208571676247e-06,2.4161881402506923e-13,7.5304813340615340e-06,4.4408920985006262e-16,4.4408920985006262e-16,train,2.13.1,10,7
h2o-v2-0163,H2O,0.950000000000,1.250000000000,125.000000000000,0.0000000000000000e+00,0.0000000000000000e+00,0.0000000000000000e+00,0.0000000000000000e+00,0.0000000000000000e+00,9.4999999999999996e-01,1.0239400553612397e+00,0.0000000000000000e+00,-7.1697054543880767e-01,legacy_grid,full-space CASCI analytic nuclear gradient,direct FCI,sto-3g,-74.8842180543655473,-74.9565825917505180,-74.9565825913262955,4.2422243495821021e-10,-2039.6725205834234202,1.7940637915441588,-1.1672255037453635e-01,-1.5777218104420236e-30,-1.0076769628107405e+01,3.1940558321426162e+00,-1.1832913578315177e-30,4.9585887984563453e+00,-3.0773332817680799e+00,0.0000000000000000e+00,5.1181808296510596e+00,-1.1672242232698869e-01,6.5218582193622203e-15,-1.0076770190753439e+01,3.1940543941405344e+00,-1.7953075501472626e-15,4.9585882358103106e+00,-3.0773319718137353e+00,-4.7265506692150346e-15,5.1181819549428607e+00,-1.2804754766226889e-07,-6.5218582193622219e-15,5.6264603465194796e-07,1.4380020818549610e-06,1.7953075501472614e-15,5.6264603465194796e-07,-1.3099543445527218e-06,4.7265506692150346e-15,-1.1252918010740132e-06,1.4380020818549610e-06,3.2848945949114960e-13,3.4575320850827040e-06,2.7610131682735413e-30,1.3097883720792487e-30,test,2.13.1,10,7
h2o-v2-0164,H2O,0.950000000000,1.250000000000,130.000000000000,0.0000000000000000e+00,0.0000000000000000e+00,0.0000000000000000e+00,0.0000000000000000e+00,0.0000000000000000e+00,9.4999999999999996e-01,9.5755555389872249e-01,0.0000000000000000e+00,-8.0348451210817418e-01,legacy_grid,full-space CASCI analytic nuclear gradient,direct FCI,sto-3g,-74.8739989819395788,-74.9462208916547468,-74.9462208911477461,5.0700066367426189e-10,-2039.3905643599523501,2.0760200150152799,-1.2516421029853513e+00,-4.7331654313260708e-30,-1.0416873599707863e+01,3.6017497708037363e+00,2.1693674893577825e-30,4.8715688144944309e+00,-2.3501076678183850e+00,2.3665827156630354e-30,5.5453047852134318e+00,-1.2516421735912917e+00,-8.2674799461229964e-15,-1.0416873138261332e+01,3.6017510736145670e+00,1.4083621509097452e-15,4.8715692759409626e+00,-2.3501089000233826e+00,6.8591177952132911e-15,5.5453038623201136e+00,7.0605940427626024e-08,8.2674799461229916e-15,-4.6144653076396480e-07,-1.3028108307722164e-06,-1.4083621509097431e-15,-4.6144653165214322e-07,1.2322049975921345e-06,-6.8591177952132888e-15,9.2289331821149290e-07,1.3028108307722164e-06,2.7745448534127616e-13,3.1114494665196446e-06,1.9721522630525295e-31,2.3352072572196833e-30,validation,2.13.1,10,7
h2o-v2-0172,H2O,1.050000000000,1.050000000000,110.000000000000,0.0000000000000000e+00,0.0000000000000000e+00,0.0000000000000000e+00,0.0000000000000000e+00,0.0000000000000000e+00,1.0500000000000000e+00,9.8667725182520394e-01,0.0000000000000000e+00,-3.5912115049195215e-01,legacy_grid,full-space CASCI analytic nuclear gradient,direct FCI,sto-3g,-74.9531478636026520,-75.0149283692854567,-75.0149283690539050,2.3155166672950145e-10,-2041.2601900717493209,0.2063943032184510,-1.0213248139957423e+00,-7.8886090522101181e-31,-7.1513933372029170e-01,1.5941532563911982e+00,1.9721522630525295e-30,-1.1898156300243328e+00,-5.7282844239545594e-01,-1.1832913578315177e-30,1.9049549637446246e+00,-1.0213248139958484e+00,6.5050562536973437e-16,-7.1513933372029059e-01,1.5941532563911200e+00,1.4478389355357423e-15,-1.1898156300243317e+00,-5.7282844239557162e-01,-2.0983445609054633e-15,1.9049549637445993e+00,1.0613732115416497e-13,-6.5050562536973515e-16,-1.1102230246251565e-15,7.8159700933611020e-14,-1.4478389355357404e-15,-1.1102230246251565e-15,1.1568523916594131e-13,2.0983445609054621e-15,2.5313084961453569e-14,1.1568523916594131e-13,3.0086978419047484e-13,4.6176765331169753e-14,0.0000000000000000e+00,1.1102230246251565e-16,test,2.13.1,10,7
h2o-v2-0173,H2O,1.050000000000,1.050000000000,115.000000000000,0.0000000000000000e+00,0.0000000000000000e+00,0.0000000000000000e+00,0.0000000000000000e+00,0.0000000000000000e+00,1.0500000000000000e+00,9.5162317638848259e-01,0.0000000000000000e+00,-4.4374917482773429e-01,legacy_grid,full-space CASCI analytic nuclear gradient,direct FCI,sto-3g,-74.9475305109638441,-75.0087021068177364,-75.0087021068030850,1.4651391211373266e-11,-2041.0907648388711095,0.3758195360964862,-1.8348668997740789e+00,-1.8577674317954828e-28,-1.1689391343861444e+00,2.0974070497759025e+00,9.8804828378931729e-29,-1.2677179739318629e+00,-2.6254015000182390e-01,8.7563560479532310e-29,2.4366571083180073e+00,-1.8348668997740962e+00,-2.1512106680434743e-15,-1.1689391343861968e+00,2.0974070497758759e+00,1.4474018076287960e-15,-1.2677179739319153e+00,-2.6254015000183711e-01,7.0380886041457303e-16,2.4366571083179638e+00,1.7319479184152442e-14,2.1512106680432885e-15,5.2402526762307389e-14,2.6645352591003757e-14,-1.4474018076286972e-15,5.2402526762307389e-14,1.3211653993039363e-14,-7.0380886041448547e-16,4.3520742565306136e-14,5.2402526762307389e-14,1.5906447960871323e-13,1.6267959857634841e-14,2.7755575615628914e-16,2.2204460492503131e-16,train,2.13.1,10,7
h2o-v2-0176,H2O,1.050000000000,1.050000000000,130.000000000000,0.0000000000000000e+00,0.0000000000000000e+00,0.0000000000000000e+00,0.0000000000000000e+00,0.0000000000000000e+00,1.0500000000000000e+00,8.0434666527492693e-01,0.0000000000000000e+00,-6.7492699017086633e-01,legacy_grid,full-space CASCI analytic nuclear gradient,direct FCI,sto-3g,-74.9210265770108066,-74.9808009087934835,-74.9808009087484777,4.5005776883044746e-11,-2040.3315345627074748,1.1350498122602304,-4.3744478612109186e+00,7.8886090522101181e-31,-2.0398385378823520e+00,3.3614862864094146e+00,-1.7749370367472766e-30,-1.4982944795742903e+00,1.0129615748015042e+00,7.8886090522101181e-31,3.5381330174566425e+00,-4.3744478612110687e+00,2.0633359238287546e-15,-2.0398385378823645e+00,3.3614862864092756e+00,7.6128785047041707e-16,-1.4982944795743027e+00,1.0129615748013472e+00,-2.8246237742989021e-15,3.5381330174566217e+00,1.5010215292932116e-13,-2.0633359238287538e-15,1.2434497875801753e-14,1.3899992268306960e-13,-7.6128785047041884e-16,1.2434497875801753e-14,1.5698553568199713e-13,2.8246237742989029e-15,2.0872192862952943e-14,1.5698553568199713e-13,4.4820571158251464e-13,2.0731388580135624e-14,2.2204460492503131e-16,4.4408920985006262e-16,train,2.13.1,10,7
h2o-v2-0177,H2O,1.050000000000,1.150000000000,80.000000000000,0.0000000000000000e+00,0.0000000000000000e+00,0.0000000000000000e+00,0.0000000000000000e+00,0.0000000000000000e+00,1.0500000000000000e+00,1.1325289159640390e+00,0.0000000000000000e+00,1.9969540431696997e-01,legacy_grid,full-space CASCI analytic nuclear gradient,direct FCI,sto-3g,-74.9267046856550536,-75.0033384296765036,-75.0033384296129526,6.3550942286383361e-11,-2040.9448117484823797,0.5217726264853505,4.9381031127577293e+00,0.0000000000000000e+00,2.5493900424236577e+00,-2.0074681580510925e+00,-5.9164567891575885e-31,-1.7145879477262965e-01,-2.9306349547066373e+00,5.9164567891575885e-31,-2.3779312476510279e+00,4.9381031998015885e+00,-2.8450289719594766e-15,2.5493899635406416e+00,-2.0074682904112358e+00,1.6851231561806507e-15,-1.7145887365564572e-01,-2.9306349093903696e+00,1.1599058157787466e-15,-2.3779310898851134e+00,-8.7043859231528131e-08,2.8450289719594766e-15,7.8883016119135618e-08,1.3236014329010004e-07,-1.6851231561806513e-15,7.8883016063624467e-08,-4.5316267627271145e-08,-1.1599058157787460e-15,-1.5776591455463063e-07,1.5776591455463063e-07,1.1888741755993851e-13,3.0860319766290445e-07,4.4408920985006262e-16,8.3789220557762389e-31,train,2.13.1,10,7
h2o-v2-0183,H2O,1.050000000000,1.150000000000,110.000000000000,0.0000000000000000e+00,0.0000000000000000e+00,0.0000000000000000e+00,0.0000000000000000e+00,0.0000000000000000e+00,1.0500000000000000e+00,1.0806465139037946e+00,0.0000000000000000e+00,-3.9332316482451901e-01,legacy_grid,full-space CASCI analytic nuclear gradient,direct FCI,sto-3g,-74.9341471590098536,-75.0045762314294109,-75.0045762313509101,7.8500761446775869e-11,-2040.9784940500767334,0.4880903248910282,1.6800773222922827e+00,9.1507865005637369e-29,-1.9652177205620966e+00,1.6511677205395661e+00,-5.4801181009572164e-29,-8.5159787126625108e-01,-3.3312450428318487e+00,-3.7076462545387555e-29,2.8168155918283477e+00,1.6800765272241547e+00,3.5561513364570267e-15,-1.9652164121750149e+00,1.6511707393174608e+00,-1.9389349755062122e-16,-8.5159656287916941e-01,-3.3312472665418698e+00,-3.3622578389063342e-15,2.8168129750540873e+00,7.9506812800111959e-07,-3.5561513364569351e-15,-1.3083870817887089e-06,-3.0187778947698973e-06,1.9389349755056642e-16,-1.3083870816776866e-06,2.2237100210098504e-06,3.3622578389062971e-15,2.6167742603888655e-06,3.0187778947698973e-06,2.7184209206520745e-13,6.8721614552291754e-06,3.6977854932234928e-31,6.6613381477509392e-16,validation,2.13.1,10,7
h2o-v2-0184,H2O,1.050000000000,1.150000000000,115.000000000000,0.0000000000000000e+00,0.0000000000000000e+00,0.0000000000000000e+00,0.0000000000000000e+00,0.0000000000000000e+00,1.0500000000000000e+00,1.0422539550921475e+00,0.0000000000000000e+00,-4.8601100100180417e-01,legacy_grid,full-space CASCI analytic nuclear gradient,direct FCI,sto-3g,-74.9282820075620180,-74.9981892405171493,-74.9981892404279904,8.9158902483177371e-11,-2040.8046951734133927,0.6618892015541933,7.5739831992413675e-01,-1.5777218104420236e-30,-2.6096614558703295e+00,2.1370700688998374e+00,2.1693674893577825e-30,-8.9300412148647346e-01,-2.8944683888239742e+00,-3.9443045261050590e-30,3.5026655773568032e+00,7.5739743303764551e-01,-7.1536402341763345e-15,-2.6096598169006091e+00,2.1370741354650282e+00,9.8130587814388357e-16,-8.9300248251675318e-01,-2.8944715685028561e+00,6.1723343560323727e-15,3.5026622994173739e+00,8.8688649124701868e-07,7.1536402341763330e-15,-1.6389697203855746e-06,-4.0665651908078360e-06,-9.8130587814388140e-16,-1.6389697202745523e-06,3.1796788819704602e-06,-6.1723343560323766e-15,3.2779394292248298e-06,4.0665651908078360e-06,1.8288551264573141e-13,9.2316977398088085e-06,4.4408920985006262e-16,2.2204460492503131e-16,train,2.13.1,10,7
h2o-v2-0187,H2O,1.050000000000,1.150000000000,130.000000000000,0.0000000000000000e+00,0.0000000000000000e+00,0.0000000000000000e+00,0.0000000000000000e+00,0.0000000000000000e+00,1.0500000000000000e+00,8.8095110958682465e-01,0.0000000000000000e+00,-7.3920575113952025e-01,legacy_grid,full-space CASCI analytic nuclear gradient,direct FCI,sto-3g,-74.9010295540634559,-74.9699647602528785,-74.9699647600463379,2.0654056243074592e-10,-2040.0366679393500817,1.4299164356175320,-2.2943197471127910e+00,3.9443045261050590e-31,-3.9848812227741850e+00,3.4002041081947101e+00,1.9721522630525295e-31,-9.9574749278453423e-01,-1.1058843610819196e+00,-2.4651903288156619e-31,4.9806287155587192e+00,-2.2943205534382796e+00,1.6431106237047905e-15,-3.9848789372322471e+00,3.4002114742377705e+00,-1.4876047055767909e-15,-9.9574520724259630e-01,-1.1058909207996288e+00,-1.5550591812795737e-16,4.9806241444748087e+00,8.0632548860037900e-07,-1.6431106237047901e-15,-2.2855419379297359e-06,-7.3660430603972316e-06,1.4876047055767911e-15,-2.2855419379297359e-06,6.5597177092424630e-06,1.5550591812795713e-16,4.5710839104984302e-06,7.3660430603972316e-06,1.4217393118549255e-13,1.6610227716817860e-05,4.4408920985006262e-16,8.8817841970012523e-16,train,2.13.1,10,7
h2o-v2-0189,H2O,1.050000000000,1.250000000000,85.000000000000,0.0000000000000000e+00,0.0000000000000000e+00,0.0000000000000000e+00,0.0000000000000000e+00,0.0000000000000000e+00,1.0500000000000000e+00,1.2452433726146819e+00,0.0000000000000000e+00,1.0894467843457267e-01,legacy_grid,full-space CASCI analytic nuclear gradient,direct FCI,sto-3g,-74.9074345507986692,-74.9928276732859729,-74.9928276730478132,2.3815971417207038e-10,-2040.6587994966021142,0.8077848783655673,5.9432366003678379e+00,-8.0767949134853389e-22,1.5834452075820757e+00,-1.0623714548859864e+00,-8.0767949511411212e-22,-2.6062402449995803e-01,-4.8808651454818515e+00,-8.0767949292625570e-22,-1.3228211830821177e+00,5.9432341211820612e+00,-5.3622697942722256e-15,1.5834478713758326e+00,-1.0623671956698404e+00,-3.9157570696971488e-18,-2.6062136070620107e-01,-4.8808669255123602e+00,5.3661855513419003e-15,-1.3228265106696329e+00,2.4791857766714998e-06,5.3622689865927343e-15,-2.6637937569073955e-06,-4.2592161459964473e-06,3.9149493902020347e-18,-2.6637937569629067e-06,1.7800305087689594e-06,-5.3661863590213932e-15,5.3275875151470586e-06,5.3275875151470586e-06,1.3945037608349956e-13,1.0912395200790570e-05,2.4230384793889017e-21,2.0770427068897735e-30,train,2.13.1,10,7
h2o-v2-0190,H2O,1.050000000000,1.250000000000,90.000000000000,0.0000000000000000e+00,0.0000000000000000e+00,0.0000000000000000e+00,0.0000000000000000e+00,0.0000000000000000e+00,1.0500000000000000e+00,1.2500000000000000e+00,0.0000000000000000e+00,7.6540424946709579e-17,legacy_grid,full-space CASCI analytic nuclear gradient,direct FCI,sto-3g,-74.9112145605304676,-74.9953750113992896,-74.9953750110995401,2.9974955850775586e-10,-2040.7281160979027845,0.7384682770649788,5.6067201685437800e+00,-2.3665827156630354e-30,7.4836381902941718e-01,-4.5678459414194289e-01,-3.1554436208840472e-30,-3.6466475995018499e-01,-5.1499355744018374e+00,6.3108872417680944e-30,-3.8369905907923213e-01,5.6067182493040244e+00,3.1340507487149988e-15,7.4836610383855595e-01,-4.5678075566250909e-01,-7.3493570789031257e-15,-3.6466247514104622e-01,-5.1499374936415929e+00,4.2153063301881726e-15,-3.8370362869769992e-01,1.9192397555656271e-06,-3.1340507487150012e-15,-2.2848091387750458e-06,-3.8384794338042205e-06,7.3493570789031225e-15,-2.2848091387750458e-06,1.9192397555656271e-06,-4.2153063301881663e-15,4.5696184677868068e-06,4.5696184677868068e-06,2.0527975689653441e-13,9.7424264380308045e-06,5.5511151231257827e-17,8.3687240695582884e-30,validation,2.13.1,10,7
h2o-v2-0191,H2O,1.050000000000,1.250000000000,95.000000000000,0.0000000000000000e+00,0.0000000000000000e+00,0.0000000000000000e+00,0.0000000000000000e+00,0.0000000000000000e+00,1.0500000000000000e+00,1.2452433726146819e+00,0.0000000000000000e+00,-1.0894467843457280e-01,legacy_grid,full-space CASCI analytic nuclear gradient,direct FCI,sto-3g,-74.9128946036264693,-74.9959435463631223,-74.9959435459926596,3.7046277157060103e-10,-2040.7435867223978221,0.7229976525697787,5.1246989741630236e+00,2.3665827156630354e-30,-1.0870111830184366e-01,1.1347883653889462e-01,-5.9164567891575885e-31,-4.4526639576524613e-01,-5.2381778107019175e+00,-1.5777218104420236e-30,5.5396751406708977e-01,5.1246983221858935e+00,-4.6774033310861755e-15,-1.0870025557878545e-01,1.1348036692845492e-01,-8.4344453931216301e-16,-4.4526553304218791e-01,-5.2381786891145117e+00,5.5208478703984183e-15,5.5396578862095047e-01,6.5197713006170943e-07,4.6774033310861779e-15,-8.6272305821477602e-07,-1.5303895603002715e-06,8.4344453931216242e-16,-8.6272305821477602e-07,8.7841259421850282e-07,-5.5208478703984199e-15,1.7254461393001463e-06,1.7254461393001463e-06,1.6501738966281913e-13,3.8512078273100769e-06,8.8817841970012523e-16,2.2204460492503131e-16,train,2.13.1,10,7
h2o-v2-0193,H2O,1.050000000000,1.250000000000,105.000000000000,0.0000000000000000e+00,0.0000000000000000e+00,0.0000000000000000e+00,0.0000000000000000e+00,0.0000000000000000e+00,1.0500000000000000e+00,1.2074072828613354e+00,0.0000000000000000e+00,-3.2352380637815104e-01,legacy_grid,full-space CASCI analytic nuclear gradient,direct FCI,sto-3g,-74.9102256186143194,-74.9915881354483247,-74.9915881349635924,4.8473225433554035e-10,-2040.6250699537354194,0.8415144212323289,3.7589718298677255e+00,3.9443045261050590e-30,-1.7815973883186698e+00,1.1602979623947194e+00,-7.3955709864469857e-31,-5.4554920769117954e-01,-4.9192697922624449e+00,-3.1554436208840472e-30,2.3271465960098494e+00,3.7589726068347158e+00,6.7193241745961574e-15,-1.7815986796420800e+00,1.1602953704333123e+00,-2.9465199272934943e-16,-5.4555049901458974e-01,-4.9192679772682748e+00,-6.4246721818665174e-15,2.3271491786566130e+00,-7.7696699030127547e-07,-6.7193241745961534e-15,1.2913234102018833e-06,2.5919614070613051e-06,2.9465199272934869e-16,1.2913234102018833e-06,-1.8149941700684735e-06,6.4246721818665143e-15,-2.5826467635603478e-06,2.5919614070613051e-06,2.5337225670322697e-13,6.4270597743831814e-06,4.9303806576313238e-32,3.8367929345112286e-30,train,2.13.1,10,7
h2o-v2-0195,H2O,1.050000000000,1.250000000000,115.000000000000,0.0000000000000000e+00,0.0000000000000000e+00,0.0000000000000000e+00,0.0000000000000000e+00,0.0000000000000000e+00,1.0500000000000000e+00,1.1328847337958126e+00,0.0000000000000000e+00,-5.2827282717587420e-01,legacy_grid,full-space CASCI analytic nuclear gradient,direct FCI,sto-3g,-74.9001059207965483,-74.9805614296880378,-74.9805614290839060,6.0413185565266758e-10,-2040.3250180042712145,1.1415663706963555,1.9429732919526865e+00,-7.8886090522101181e-31,-3.2447569738400737e+00,2.0969121780219093e+00,-7.8886090522101181e-31,-5.8256929887383813e-01,-4.0398854699745952e+00,5.9164567891575885e-31,3.8273262727139117e+00,1.9429735243754600e+00,-4.8668840534576105e-15,-3.2447574785258086e+00,2.0969110071596444e+00,3.7062506951542843e-15,-5.8256980355957311e-01,-4.0398845315352938e+00,1.1606333583033117e-15,3.8273272820855073e+00,-2.3242277347179652e-07,4.8668840534576097e-15,5.0468573498108071e-07,1.1708622649209133e-06,-3.7062506951542851e-15,5.0468573498108071e-07,-9.3843930137893494e-07,-1.1606333583033111e-15,-1.0093715956394078e-06,1.1708622649209133e-06,2.2712243541432337e-13,2.8686589523818640e-06,8.8817841970012523e-16,4.4408920985006262e-16,train,2.13.1,10,7
h2o-v2-0198,H2O,1.050000000000,1.250000000000,130.000000000000,0.0000000000000000e+00,0.0000000000000000e+00,0.0000000000000000e+00,0.0000000000000000e+00,0.0000000000000000e+00,1.0500000000000000e+00,9.5755555389872249e-01,0.0000000000000000e+00,-8.0348451210817418e-01,legacy_grid,full-space CASCI analytic nuclear gradient,direct FCI,sto-3g,-74.8728053464241157,-74.9530605222735744,-74.9530605222294213,4.4153125600132626e-11,-2039.5766801905012926,1.8899041844664748,-1.3093423832091600e+00,1.3765622796106656e-28,-4.7276115103792957e+00,3.3083817670909479e+00,-7.8294444843185422e-29,-5.7756166605457460e-01,-1.9990393838817879e+00,-5.9361783117881138e-29,5.3051731764338701e+00,-1.3093425751843664e+00,2.0432459357682158e-15,-4.7276107646784098e+00,3.3083840281930885e+00,-8.6585528762960737e-16,-5.7756092035368889e-01,-1.9990414530090468e+00,-1.1773906481385337e-15,5.3051716850320529e+00,1.9197520639835375e-07,-2.0432459357680781e-15,-7.4570088592906814e-07,-2.2611021406326870e-06,8.6585528762952908e-16,-7.4570088570702353e-07,2.0691272588635456e-06,1.1773906481384743e-15,1.4914018171552357e-06,2.2611021406326870e-06,3.2777424053482469e-13,5.4647690583831121e-06,0.0000000000000000e+00,2.2204460492503131e-16,train,2.13.1,10,7
h2o-v2-0199,H2O,1.150000000000,1.150000000000,80.000000000000,0.0000000000000000e+00,0.0000000000000000e+00,0.0000000000000000e+00,0.0000000000000000e+00,0.0000000000000000e+00,1.1499999999999999e+00,1.1325289159640390e+00,0.0000000000000000e+00,1.9969540431696997e-01,legacy_grid,full-space CASCI analytic nuclear gradient,direct FCI,sto-3g,-74.9111905599656893,-74.9963854052450074,-74.9963854050018597,2.4314772417710628e-10,-2040.7556103150991476,0.7109740598685833,4.5557855861981418e+00,7.8886090522101181e-31,5.4293738394405917e+00,-1.6217240598434108e+00,-4.7331654313260708e-30,-3.2652778617852012e+00,-2.9340615263547303e+00,2.3665827156630354e-30,-2.1640959776553905e+00,4.5557855861980494e+00,-2.7363611552811318e-15,5.4293738394406192e+00,-1.6217240598434197e+00,7.9288608423598197e-15,-3.2652778617851732e+00,-2.9340615263548080e+00,-5.1924996870788425e-15,-2.1640959776554447e+00,9.2370555648813024e-14,2.7363611552811326e-15,-2.7533531010703882e-14,8.8817841970012523e-15,-7.9288608423598244e-15,-2.7977620220553945e-14,7.7715611723760958e-14,5.1924996870788448e-15,5.4178883601707639e-14,9.2370555648813024e-14,1.7808475662489399e-13,1.1677984013248144e-13,8.8817841970012523e-16,4.4408920985006262e-16,train,2.13.1,10,7
h2o-v2-0204,H2O,1.150000000000,1.150000000000,105.000000000000,0.0000000000000000e+00,0.0000000000000000e+00,0.0000000000000000e+00,0.0000000000000000e+00,0.0000000000000000e+00,1.1499999999999999e+00,1.1108147002324285e+00,0.0000000000000000e+00,-2.9764190186789896e-01,legacy_grid,full-space CASCI analytic nuclear gradient,direct FCI,sto-3g,-74.9203210734474823,-75.0001695248394498,-75.0001695247062230,1.3322676295501878e-10,-2040.8585814549844599,0.6080029199832008,2.3228689763877757e+00,2.0751972187970242e-28,1.7824000551212851e+00,1.0754977082879065e+00,-1.1675141397270975e-28,-3.8064268233410674e+00,-3.3983666846756821e+00,-9.0719004100416358e-29,2.0240267682197821e+00,2.3228689763877659e+00,2.3258306396247842e-16,1.7824000551212624e+00,1.0754977082879089e+00,-6.6374908915310946e-16,-3.8064268233410901e+00,-3.3983666846756950e+00,4.3116602519062897e-16,2.0240267682197479e+00,9.7699626167013776e-15,-2.3258306396227090e-16,2.2648549702353193e-14,-2.4424906541753444e-15,6.6374908915299270e-16,2.2648549702353193e-14,1.2878587085651816e-14,-4.3116602519071969e-16,3.4194869158454821e-14,3.4194869158454821e-14,8.2074846846695513e-14,2.1340297566356241e-14,4.9303806576313238e-32,5.5511151231257827e-16,validation,2.13.1,10,7
h2o-v2-0206,H2O,1.150000000000,1.150000000000,115.000000000000,0.0000000000000000e+00,0.0000000000000000e+00,0.0000000000000000e+00,0.0000000000000000e+00,0.0000000000000000e+00,1.1499999999999999e+00,1.0422539550921475e+00,0.0000000000000000e+00,-4.8601100100180417e-01,legacy_grid,full-space CASCI analytic nuclear gradient,direct FCI,sto-3g,-74.9100916484010924,-74.9889356255108765,-74.9889356253573425,1.5353407434304245e-10,-2040.5528914813062329,0.9136928936615518,6.5727148017721249e-01,-2.3665827156630354e-30,4.1872811329780302e-01,1.9542389877211859e+00,7.8886090522101181e-31,-3.7927595912579375e+00,-2.6115104678983982e+00,7.8886090522101181e-31,3.3740314779601346e+00,6.5727148017717918e-01,1.6427547086490397e-15,4.1872811329778120e-01,1.9542389877211506e+00,-2.8899895193768898e-15,-3.7927595912579593e+00,-2.6115104678984307e+00,1.2472348107283506e-15,3.3740314779601146e+00,3.3306690738754696e-14,-1.6427547086490420e-15,2.1815882433884326e-14,3.5305092183079978e-14,2.8899895193768905e-15,2.1760371282653068e-14,3.2418512319054571e-14,-1.2472348107283498e-15,1.9984014443252818e-14,3.5305092183079978e-14,1.1914343271452060e-13,5.8314895351421248e-15,7.8886090522101181e-31,1.1102230246251565e-16,train,2.13.1,10,7
h2o-v2-0207,H2O,1.150000000000,1.150000000000,120.000000000000,0.0000000000000000e+00,0.0000000000000000e+00,0.0000000000000000e+00,0.0000000000000000e+00,0.0000000000000000e+00,1.1499999999999999e+00,9.9592921435210446e-01,0.0000000000000000e+00,-5.7499999999999973e-01,legacy_grid,full-space CASCI analytic nuclear gradient,direct FCI,sto-3g,-74.9023894749006161,-74.9809770707046255,-74.9809770705154222,1.8920331967819948e-10,-2040.3363281725132765,1.1302562024543139,-2.8606144436421649e-01,-4.9303806576313238e-31,-1.6515765190837706e-01,2.3576627506209444e+00,1.5777218104420236e-30,-3.7532763673712366e+00,-2.0716013062567282e+00,-7.8886090522101181e-31,3.9184340192796139e+00,-2.8606144436425518e-01,3.7339383005501194e-16,-1.6515765190836915e-01,2.3576627506208938e+00,2.5936445913851293e-15,-3.7532763673712286e+00,-2.0716013062567606e+00,-2.9670384214405066e-15,3.9184340192796321e+00,3.8691272408186705e-14,-3.7339383005501244e-16,-7.9103390504542404e-15,5.0626169922907138e-14,-2.5936445913851278e-15,-7.9936057773011271e-15,3.2418512319054571e-14,2.9670384214405058e-15,-1.8207657603852567e-14,5.0626169922907138e-14,1.2682149094730987e-13,2.3964359475533533e-14,4.4408920985006262e-16,6.6613381477509392e-16,train,2.13.1,10,7
h2o-v2-0208,H2O,1.150000000000,1.150000000000,125.000000000000,0.0000000000000000e+00,0.0000000000000000e+00,0.0000000000000000e+00,0.0000000000000000e+00,0.0000000000000000e+00,1.1499999999999999e+00,9.4202485093234034e-01,0.0000000000000000e+00,-6.5961290180370302e-01,legacy_grid,full-space CASCI analytic nuclear gradient,direct FCI,sto-3g,-74.8931188577714551,-74.9715745720010460,-74.9715745717441280,2.5691804239613703e-10,-2040.0804731486127821,1.3861112263548159,-1.2777561866849416e+00,-3.1554436208840472e-30,-6.6515776942682536e-01,2.7371785923000238e+00,2.3665827156630354e-30,-3.6982188707987267e+00,-1.4594224056150822e+00,1.5777218104420236e-30,4.3633766402255523e+00,-1.2777561866850038e+00,2.9185119568808059e-15,-6.6515776942681293e-01,2.7371785923000074e+00,5.2444578916358116e-15,-3.6982188707987143e+00,-1.4594224056151706e+00,-8.1629698485165520e-15,4.3633766402255274e+00,6.2172489379008766e-14,-2.9185119568808091e-15,-1.2434497875801753e-14,1.6431300764452317e-14,-5.2444578916358092e-15,-1.2434497875801753e-14,8.8373752760162461e-14,8.1629698485165536e-15,2.4868995751603507e-14,8.8373752760162461e-14,1.6697754290362354e-13,9.1414289410658082e-14,7.8886090522101181e-31,2.2204460492503131e-16,train,2.13.1,10,7
h2o-v2-0209,H2O,1.150000000000,1.150000000000,130.000000000000,0.0000000000000000e+00,0.0000000000000000e+00,0.0000000000000000e+00,0.0000000000000000e+00,0.0000000000000000e+00,1.1499999999999999e+00,8.8095110958682465e-01,0.0000000000000000e+00,-7.3920575113952025e-01,legacy_grid,full-space CASCI analytic nuclear gradient,direct FCI,sto-3g,-74.8824149498315279,-74.9608179526251917,-74.9608179522411717,3.8401992696890375e-10,-2039.7877706240753923,1.6788137508922676,-2.2959674578400984e+00,-1.5777218104420236e-30,-1.0706272084654969e+00,3.0917356683317001e+00,4.7331654313260708e-30,-3.6330758815894164e+00,-7.9576821049160185e-01,-3.5498740734945531e-30,4.7037030900549128e+00,-2.2959674578401890e+00,-8.3823343804181395e-15,-1.0706272084655286e+00,3.0917356683316184e+00,9.3953105374303108e-15,-3.6330758815894484e+00,-7.9576821049169788e-01,-1.0129761570120775e-15,4.7037030900548746e+00,9.0594198809412774e-14,8.3823343804181380e-15,3.1752378504279477e-14,8.1712414612411521e-14,-9.3953105374303060e-15,3.1974423109204508e-14,9.6034291630076041e-14,1.0129761570120740e-15,3.8191672047105385e-14,9.6034291630076041e-14,2.8722660526458892e-13,2.1209004544871959e-14,8.9509041826236192e-16,8.6615976885013884e-30,train,2.13.1,10,7
h2o-v2-0210,H2O,1.150000000000,1.250000000000,80.000000000000,0.0000000000000000e+00,0.0000000000000000e+00,0.0000000000000000e+00,0.0000000000000000e+00,0.0000000000000000e+00,1.1499999999999999e+00,1.2310096912652599e+00,0.0000000000000000e+00,2.1706022208366302e-01,legacy_grid,full-space CASCI analytic nuclear gradient,direct FCI,sto-3g,-74.8861096344938062,-74.9813428565883271,-74.9813428565427103,4.5616843635798432e-11,-2040.3462817134779925,1.1203026614895792,5.8226733975438227e+00,-3.9443045261050590e-31,5.3324818524993676e+00,-1.4075917011680252e+00,-1.9721522630525295e-31,-3.2390222411235183e+00,-4.4150816963757968e+00,0.0000000000000000e+00,-2.0934596113758492e+00,5.8226756044673138e+00,3.3870978127760376e-15,5.3324798652100105e+00,-1.4075950637768782e+00,9.3979860053480535e-16,-3.2390242284128750e+00,-4.4150805406905036e+00,-4.3268964133107088e-15,-2.0934556367971262e+00,-2.2069234910659929e-06,-3.3870978127760380e-15,1.9872893570749284e-06,3.3626088529192799e-06,-9.3979860053480555e-16,1.9872893566308392e-06,-1.1556852932415040e-06,4.3268964133107088e-15,-3.9745787230316409e-06,3.9745787230316409e-06,6.8142736247946341e-14,8.5088917662901054e-06,8.8817841970012523e-16,4.4408920985006262e-16,test,2.13.1,10,7
h2o-v2-0211,H2O,1.150000000000,1.250000000000,85.000000000000,0.0000000000000000e+00,0.0000000000000000e+00,0.0000000000000000e+00,0.0000000000000000e+00,0.0000000000000000e+00,1.1499999999999999e+00,1.2452433726146819e+00,0.0000000000000000e+00,1.0894467843457267e-01,legacy_grid,full-space CASCI analytic nuclear gradient,direct FCI,sto-3g,-74.8914385066930919,-74.9854979384156337,-74.9854979383774207,3.8212988329178188e-11,-2040.4593472499645941,1.0072371250030532,5.6607595587163599e+00,3.9443045261050590e-31,4.5848505940777331e+00,-8.5141486141242717e-01,-7.8886090522101181e-31,-3.3777936964393103e+00,-4.8093446973039322e+00,3.9443045261050590e-31,-1.2070568976384233e+00,5.6607613782895720e+00,-2.6411496484078519e-15,4.5848487943071703e+00,-8.5141802818031687e-01,1.7947235963880969e-15,-3.3777954962098735e+00,-4.8093433501092662e+00,8.4642605201992514e-16,-1.2070532980974986e+00,-1.8195732121029096e-06,2.6411496484078523e-15,1.7997705628047811e-06,3.1667678896951656e-06,-1.7947235963880976e-15,1.7997705632488703e-06,-1.3471946660459366e-06,-8.4642605201992474e-16,-3.5995409246591947e-06,3.5995409246591947e-06,2.0211975304762894e-13,7.9773179435527197e-06,9.9301366129890925e-16,4.4408920985006262e-16,train,2.13.1,10,7
h2o-v2-0213,H2O,1.150000000000,1.250000000000,95.000000000000,0.0000000000000000e+00,0.0000000000000000e+00,0.0000000000000000e+00,0.0000000000000000e+00,0.0000000000000000e+00,1.1499999999999999e+00,1.2452433726146819e+00,0.0000000000000000e+00,-1.0894467843457280e-01,legacy_grid,full-space CASCI analytic nuclear gradient,direct FCI,sto-3g,-74.8961409786752625,-74.9879553094412472,-74.9879553088960193,5.4522786285815528e-10,-2040.5262157220922745,0.9403686528753846,4.9137190587677351e+00,0.0000000000000000e+00,2.9533186254166632e+00,1.6514866065001019e-01,2.7240353133413064e-30,-3.5501791159813392e+00,-5.0788677194177456e+00,-3.1554436208840472e-30,5.9686049056467561e-01,4.9137220551302265e+00,-6.4871653574584465e-15,2.9533150413606646e+00,1.6514172723218257e-01,-4.5295343228159098e-17,-3.5501827000373378e+00,-5.0788637823624505e+00,6.5324607006864852e-15,5.9686765867661917e-01,-2.9963624914586262e-06,6.4871653574584465e-15,3.5840559986510812e-06,6.9334178276203584e-06,4.5295343228161822e-17,3.5840559986510812e-06,-3.9370552951112359e-06,-6.5324607006864884e-15,-7.1681119435673679e-06,7.1681119435673679e-06,6.8307593758729523e-14,1.7328395624849335e-05,3.3306690738754696e-16,5.2165995786754581e-30,train,2.13.1,10,7
h2o-v2-0215,H2O,1.150000000000,1.250000000000,105.000000000000,0.0000000000000000e+00,0.0000000000000000e+00,0.0000000000000000e+00,0.0000000000000000e+00,0.0000000000000000e+00,1.1499999999999999e+00,1.2074072828613354e+00,0.0000000000000000e+00,-3.2352380637815104e-01,legacy_grid,full-space CASCI analytic nuclear gradient,direct FCI,sto-3g,-74.8930785099122289,-74.9833266196449983,-74.9833266190341305,6.1086780078767333e-10,-2040.4002626562337355,1.0663217187339760,3.6424614621176770e+00,-1.1823052816999914e-28,1.3123156590660046e+00,1.0736858572576431e+00,6.6782006007616281e-29,-3.5986400064798829e+00,-4.7161473193753203e+00,5.1621085485399960e-29,2.2863243474138786e+00,3.6424619651699390e+00,-3.8136344533367832e-16,1.3123149241518646e+00,1.0736842603940249e+00,1.0702946809572999e-16,-3.5986407413940231e+00,-4.7161462255641204e+00,2.7433397723787664e-16,2.2863258172421097e+00,-5.0305226206859288e-07,3.8136344533356009e-16,7.3491413998816313e-07,1.5968636182250862e-06,-1.0702946809566321e-16,7.3491414021020773e-07,-1.0938111998370914e-06,-2.7433397723782502e-16,-1.4698282311265132e-06,1.5968636182250862e-06,1.6377441692285039e-13,3.9649484110393374e-06,1.7256332301709633e-31,6.6613381477509392e-16,validation,2.13.1,10,7
h2o-v2-0216,H2O,1.150000000000,1.250000000000,110.000000000000,0.0000000000000000e+00,0.0000000000000000e+00,0.0000000000000000e+00,0.0000000000000000e+00,0.0000000000000000e+00,1.1499999999999999e+00,1.1746157759823856e+00,0.0000000000000000e+00,-4.2752517915708588e-01,legacy_grid,full-space CASCI analytic nuclear gradient,direct FCI,sto-3g,-74.8887935324505207,-74.9785859353035278,-74.9785859346301038,6.7342398324399255e-10,-2040.2712620635477379,1.1953223114200389,2.8347014496533482e+00,0.0000000000000000e+00,5.4500256091386423e-01,1.4935556314213920e+00,-3.9443045261050590e-31,-3.5826153131986676e+00,-4.3282570810747405e+00,7.1490519535654195e-31,3.0376127522848031e+00,2.8347007162985758e+00,-1.8484810990053448e-15,5.4500375321843142e-01,1.4935584000209938e+00,1.9913583332091883e-15,-3.5826141208941005e+00,-4.3282591163196615e+00,-1.4287723420394865e-16,3.0376103676755837e+00,7.3335477246416758e-07,1.8484810990053448e-15,-1.1923045671879962e-06,-2.7685996017989822e-06,-1.9913583332091887e-15,-1.1923045670769739e-06,2.0352449210392365e-06,1.4287723420394936e-16,2.3846092194190760e-06,2.7685996017989822e-06,1.2505665694398902e-13,6.8550075894568963e-06,4.4408920985006262e-16,7.7715611723760958e-16,train,2.13.1,10,7
h2o-v2-0217,H2O,1.150000000000,1.250000000000,115.000000000000,0.0000000000000000e+00,0.0000000000000000e+00,0.0000000000000000e+00,0.0000000000000000e+00,0.0000000000000000e+00,1.1499999999999999e+00,1.1328847337958126e+00,0.0000000000000000e+00,-5.2827282717587420e-01,legacy_grid,full-space CASCI analytic nuclear gradient,direct FCI,sto-3g,-74.8827806810473646,-74.9723354962508779,-74.9723354954782053,7.7267259257496335e-10,-2040.1011789522790423,1.3654054226887020,1.9302348161348244e+00,-1.0103282124975237e-22,-1.6059764123825351e-01,1.8925879263127192e+00,-1.0103283229380504e-22,-3.5431944287155179e+00,-3.8228227424475438e+00,-1.0103282899045000e-22,3.7037920699537712e+00,1.9302332310293457e+00,1.2823302725013291e-15,-1.6059475292684985e-01,1.8925951370486331e+00,-9.1168884402575662e-16,-3.5431915404041141e+00,-3.8228283680782398e+00,-3.7064142847549458e-16,3.7037862933308840e+00,1.5851054786519825e-06,-1.2823303735341503e-15,-2.8883114036593049e-06,-7.2107359139206295e-06,9.1168874299292433e-16,-2.8883114038258384e-06,5.6256306959490132e-06,3.7064132744266559e-16,5.7766228871436454e-06,7.2107359139206295e-06,2.7266101049666948e-13,1.7808462039026196e-05,4.4408920985016606e-16,6.1062266354383610e-16,train,2.13.1,10,7
h2o-v2-0218,H2O,1.150000000000,1.250000000000,120.000000000000,0.0000000000000000e+00,0.0000000000000000e+00,0.0000000000000000e+00,0.0000000000000000e+00,0.0000000000000000e+00,1.1499999999999999e+00,1.0825317547305484e+00,0.0000000000000000e+00,-6.2499999999999978e-01,legacy_grid,full-space CASCI analytic nuclear gradient,direct FCI,sto-3g,-74.8751300968116738,-74.9646505223910111,-74.9646505214587933,9.3221785846253624e-10,-2039.8920601602878833,1.5745242146798581,9.4559310510143568e-01,-9.8607613152626476e-31,-7.8748709196511923e-01,2.2715587637500745e+00,7.8886090522101181e-31,-3.4830689228055398e+00,-3.2171518688515102e+00,7.8886090522101181e-31,4.2705560147706585e+00,9.4559103187950955e-01,-1.6429914974740321e-15,-7.8748281705347833e-01,2.2715703145581658e+00,-3.4165341607332746e-15,-3.4830646478938991e+00,-3.2171613464375763e+00,5.0595256582071381e-15,4.2705474649474118e+00,2.0732219261354601e-06,1.6429914974740311e-15,-4.2749116409002141e-06,-1.1550808091342901e-05,3.4165341607332754e-15,-4.2749116406781695e-06,9.4775860661755473e-06,-5.0595256582071373e-15,8.5498232467173807e-06,1.1550808091342901e-05,1.0491507720902217e-13,2.8462375753268709e-05,8.8817841970012523e-16,2.2204460492503131e-16,train,2.13.1,10,7
h2o-v2-0220,H2O,1.150000000000,1.250000000000,130.000000000000,0.0000000000000000e+00,0.0000000000000000e+00,0.0000000000000000e+00,0.0000000000000000e+00,0.0000000000000000e+00,1.1499999999999999e+00,9.5755555389872249e-01,0.0000000000000000e+00,-8.0348451210817418e-01,legacy_grid,full-space CASCI analytic nuclear gradient,direct FCI,sto-3g,-74.8553216975943769,-74.9452716780105277,-74.9452716779283890,8.2138740253867581e-11,-2039.3647349408495302,2.1018494341180869,-1.1871817904604312e+00,9.3164472906601494e-28,-1.7492120212759976e+00,2.9693227212008564e+00,-5.0585705547297382e-28,-3.3122632590789403e+00,-1.7821409307404257e+00,-4.2519602791412536e-28,5.0614752803549381e+00,-1.1871824158658839e+00,-4.6815305216704619e-15,-1.7492102930404294e+00,2.9693283224972755e+00,8.6739619971225938e-16,-3.3122615308433718e+00,-1.7821459066315442e+00,3.8141343219580935e-15,5.0614718238835845e+00,6.2540545275879822e-07,4.6815305216713936e-15,-1.7282355682102235e-06,-5.6012964191332060e-06,-8.6739619971276524e-16,-1.7282355684322681e-06,4.9758911184749621e-06,-3.8141343219585187e-15,3.4564713535800706e-06,5.6012964191332060e-06,2.6501979386312664e-13,1.3749305618926400e-05,4.4408920985006262e-16,4.4408920985006262e-16,train,2.13.1,10,7
h2o-v2-0221,H2O,1.250000000000,1.250000000000,80.000000000000,0.0000000000000000e+00,0.0000000000000000e+00,0.0000000000000000e+00,0.0000000000000000e+00,0.0000000000000000e+00,1.2500000000000000e+00,1.2310096912652599e+00,0.0000000000000000e+00,2.1706022208366302e-01,legacy_grid,full-space CASCI analytic nuclear gradient,direct FCI,sto-3g,-74.8610973942190867,-74.9663860289173272,-74.9663860287609083,1.5641887785022845e-10,-2039.9392856987078630,1.5272986762598393,5.5670393534884752e+00,3.1554436208840472e-30,6.6345391496332740e+00,-1.1476159280662868e+00,-2.3665827156630354e-30,-4.6899558069738525e+00,-4.4194234254221891e+00,-1.1832913578315177e-30,-1.9445833426594215e+00,5.5670393534883393e+00,-3.8440403015498561e-15,6.6345391496332455e+00,-1.1476159280663711e+00,8.9966992288713930e-16,-4.6899558069738809e+00,-4.4194234254223161e+00,2.9443703786627763e-15,-1.9445833426595009e+00,1.3589129821411916e-13,3.8440403015498592e-15,2.8421709430404007e-14,8.4376949871511897e-14,-8.9966992288714167e-16,2.8421709430404007e-14,1.2700951401711791e-13,-2.9443703786627775e-15,7.9491968563161208e-14,1.3589129821411916e-13,3.7390755542503463e-13,7.9150585564449754e-14,8.8817841970012523e-16,8.8817841970012523e-16,train,2.13.1,10,7
h2o-v2-0223,H2O,1.250000000000,1.250000000000,90.000000000000,0.0000000000000000e+00,0.0000000000000000e+00,0.0000000000000000e+00,0.0000000000000000e+00,0.0000000000000000e+00,1.2500000000000000e+00,1.2500000000000000e+00,0.0000000000000000e+00,7.6540424946709579e-17,legacy_grid,full-space CASCI analytic nuclear gradient,direct FCI,sto-3g,-74.8686904010260719,-74.9718240418388149,-74.9718240417047213,1.3409362509264611e-10,-2040.0872615687251255,1.3793228062425635,5.1540419628362208e+00,-1.4544622940012405e-30,5.1540419628361986e+00,-2.2764328882909643e-01,-2.3665827156630354e-30,-4.9263986740071024e+00,-4.9263986740071246e+00,3.5498740734945531e-30,-2.2764328882909635e-01,5.1540419628362253e+00,-1.5638078402444897e-16,5.1540419628361684e+00,-2.2764328882910809e-01,3.3355433604148619e-15,-4.9263986740071326e+00,-4.9263986740071202e+00,-3.1791625763902456e-15,-2.2764328882911058e-01,-4.4408920985006262e-15,1.5638078402444752e-16,3.0198066269804258e-14,1.1657341758564144e-14,-3.3355433604148643e-15,3.0198066269804258e-14,-4.4408920985006262e-15,3.1791625763902491e-15,1.4238610290817633e-14,3.0198066269804258e-14,7.4793242699109814e-14,2.7260800772458483e-14,1.1102230246251565e-16,4.4408920985006262e-16,validation,2.13.1,10,7
h2o-v2-0224,H2O,1.250000000000,1.250000000000,95.000000000000,0.0000000000000000e+00,0.0000000000000000e+00,0.0000000000000000e+00,0.0000000000000000e+00,0.0000000000000000e+00,1.2500000000000000e+00,1.2452433726146819e+00,0.0000000000000000e+00,-1.0894467843457280e-01,legacy_grid,full-space CASCI analytic nuclear gradient,direct FCI,sto-3g,-74.8697440798440965,-74.9718855014655787,-74.9718855013398269,1.2575185337482253e-10,-2040.0889339703674068,1.3776504046001583,4.7531019201118312e+00,-1.1832913578315177e-30,4.3554154626806412e+00,1.9297002618478917e-01,-7.8886090522101181e-31,-4.9818478273007480e+00,-4.9460719462966205e+00,7.8886090522101181e-31,6.2643236462010765e-01,4.7531019201118188e+00,-2.1957214886389647e-15,4.3554154626806376e+00,1.9297002618478074e-01,-1.0777057112165709e-15,-4.9818478273007516e+00,-4.9460719462966329e+00,3.2734271998559403e-15,6.2643236462010055e-01,1.2434497875801753e-14,2.1957214886389635e-15,3.5527136788005009e-15,8.4376949871511897e-15,1.0777057112165701e-15,3.5527136788005009e-15,1.2434497875801753e-14,-3.2734271998559395e-15,7.1054273576010019e-15,1.2434497875801753e-14,3.6326015542033945e-14,7.9932297859747835e-15,7.7715611723760958e-16,6.6613381477509392e-16,train,2.13.1,10,7
h2o-v2-0226,H2O,1.250000000000,1.250000000000,105.000000000000,0.0000000000000000e+00,0.0000000000000000e+00,0.0000000000000000e+00,0.0000000000000000e+00,0.0000000000000000e+00,1.2500000000000000e+00,1.2074072828613354e+00,0.0000000000000000e+00,-3.2352380637815104e-01,legacy_grid,full-space CASCI analytic nuclear gradient,direct FCI,sto-3g,-74.8664064189972436,-74.9671741323493706,-74.9671741322364085,1.1296208413114073e-10,-2039.9607310855990363,1.5058532893687180,3.5892537621719662e+00,-4.3387349787155649e-28,2.7541312784196168e+00,9.6880088622684790e-01,2.4060257609240860e-28,-4.9784348215858385e+00,-4.5580546483988140e+00,1.9287649132653739e-28,2.2243035431662217e+00,3.5892537621718934e+00,-2.9514774474217076e-16,2.7541312784195773e+00,9.6880088622678595e-01,2.2040050638026012e-15,-4.9784348215858776e+00,-4.5580546483988895e+00,-1.9088573190604313e-15,2.2243035431661720e+00,7.2830630415410269e-14,2.9514774474173688e-16,3.9523939676655573e-14,6.1950444774083735e-14,-2.2040050638023606e-15,3.9079850466805510e-14,7.5495165674510645e-14,1.9088573190606241e-15,4.9737991503207013e-14,7.5495165674510645e-14,2.4653831568662921e-13,2.0614824466775235e-14,3.9443045261050590e-31,4.4408920985006262e-16,train,2.13.1,10,7
h2o-v2-0227,H2O,1.250000000000,1.250000000000,110.000000000000,0.0000000000000000e+00,0.0000000000000000e+00,0.0000000000000000e+00,0.0000000000000000e+00,0.0000000000000000e+00,1.2500000000000000e+00,1.1746157759823856e+00,0.0000000000000000e+00,-4.2752517915708588e-01,legacy_grid,full-space CASCI analytic nuclear gradient,direct FCI,sto-3g,-74.8621143203821049,-74.9625641148129773,-74.9625641147038237,1.0915357506746659e-10,-2039.8352861178154853,1.6312982571522923,2.8443262370959292e+00,-1.9721522630525295e-31,1.9916186723421416e+00,1.3282273274646836e+00,1.9721522630525295e-31,-4.9237739694065468e+00,-4.1725535645606131e+00,-7.8886090522101181e-31,2.9321552970644049e+00,2.8443262370958773e+00,1.6041069475583539e-15,1.9916186723421094e+00,1.3282273274646326e+00,3.5741905531735290e-16,-4.9237739694065787e+00,-4.1725535645606655e+00,-1.9615260028750936e-15,2.9321552970643716e+00,5.1958437552457326e-14,-1.6041069475583541e-15,3.2196467714129540e-14,5.1070259132757201e-14,-3.5741905531735270e-16,3.1974423109204508e-14,5.2402526762307389e-14,1.9615260028750928e-15,3.3306690738754696e-14,5.2402526762307389e-14,1.8358671568380901e-13,3.2439155191154902e-15,7.8886090522101181e-31,1.0107823345256851e-30,validation,2.13.1,10,7
h2o-v2-0228,H2O,1.250000000000,1.250000000000,115.000000000000,0.0000000000000000e+00,0.0000000000000000e+00,0.0000000000000000e+00,0.0000000000000000e+00,0.0000000000000000e+00,1.2500000000000000e+00,1.1328847337958126e+00,0.0000000000000000e+00,-5.2827282717587420e-01,legacy_grid,full-space CASCI analytic nuclear gradient,direct FCI,sto-3g,-74.8561603880236532,-74.9565479111342654,-74.9565479110264761,1.0778933301480720e-10,-2039.6715768757794649,1.7950074991882561,2.0067135085921715e+00,2.3665827156630354e-30,1.2784174982848326e+00,1.6705239870666364e+00,2.0707598762051560e-30,-4.8363607837917524e+00,-3.6772374956588076e+00,-3.5498740734945531e-30,3.5579432855069197e+00,2.0067135085921257e+00,4.1934305726404506e-15,1.2784174982848417e+00,1.6705239870666204e+00,-8.0677422118533847e-16,-4.8363607837917435e+00,-3.6772374956588658e+00,-3.3866563514556026e-15,3.5579432855069020e+00,4.5741188614556449e-14,-4.1934305726404483e-15,-9.1038288019262836e-15,1.5987211554602254e-14,8.0677422118534054e-16,-8.8817841970012523e-15,5.8175686490358203e-14,3.3866563514555990e-15,1.7763568394002505e-14,5.8175686490358203e-14,1.1990490904412231e-13,5.9415053817462100e-14,4.4408920985006262e-16,7.2164496600635175e-16,train,2.13.1,10,7
h2o-v2-0230,H2O,1.250000000000,1.250000000000,125.000000000000,0.0000000000000000e+00,0.0000000000000000e+00,0.0000000000000000e+00,0.0000000000000000e+00,0.0000000000000000e+00,1.2500000000000000e+00,1.0239400553612397e+00,0.0000000000000000e+00,-7.1697054543880767e-01,legacy_grid,full-space CASCI analytic nuclear gradient,direct FCI,sto-3g,-74.8395730075697969,-74.9405638520249084,-74.9405638519061341,1.1877432370965835e-10,-2039.2366284695760896,2.2299559053916713,1.1485654233440416e-01,-1.3805065841367707e-30,5.9790531479479866e-02,2.3058619295360785e+00,1.1832913578315177e-30,-4.5697335021367849e+00,-2.4207184718704826e+00,3.9443045261050590e-31,4.5099429706573044e+00,1.1485654233432949e-01,-1.2186963675703995e-15,5.9790531479447157e-02,2.3058619295360021e+00,2.6262767322030770e-15,-4.5697335021368177e+00,-2.4207184718705563e+00,-1.4075803646327170e-15,4.5099429706572733e+00,7.4676376193849592e-14,1.2186963675703981e-15,3.2709945863018675e-14,7.6383344094210770e-14,-2.6262767322030759e-15,3.2862601528904634e-14,7.3718808835110394e-14,1.4075803646327174e-15,3.1086244689504383e-14,7.6383344094210770e-14,2.4467663169420694e-13,5.7550551906052655e-15,8.8817841970012523e-16,8.8817841970012523e-16,train,2.13.1,10,7
h2o-v2-0231,H2O,1.250000000000,1.250000000000,130.000000000000,0.0000000000000000e+00,0.0000000000000000e+00,0.0000000000000000e+00,0.0000000000000000e+00,0.0000000000000000e+00,1.2500000000000000e+00,9.5755555389872249e-01,0.0000000000000000e+00,-8.0348451210817418e-01,legacy_grid,full-space CASCI analytic nuclear gradient,direct FCI,sto-3g,-74.8291125990023716,-74.9307278069211975,-74.9307278067815901,1.3960743672214448e-10,-2038.9689760471260342,2.4976083278417089,-9.0355009737561909e-01,-3.8427386845578538e-28,-4.2133232993292652e-01,2.5985573991639375e+00,1.9460212455670835e-28,-4.3931234424573811e+00,-1.6950073017883185e+00,1.8972104770565334e-28,4.8144557723903070e+00,-9.0355009737564129e-01,8.1429963907154937e-16,-4.2133232993290010e-01,2.5985573991639144e+00,2.8429067887660069e-16,-4.3931234424573544e+00,-1.6950073017883400e+00,-1.0985903179481650e-15,4.8144557723903345e+00,2.2204460492503131e-14,-8.1429963907193365e-16,-2.6423307986078726e-14,2.3092638912203256e-14,-2.8429067887640609e-16,-2.6645352591003757e-14,2.1538326677728037e-14,1.0985903179483547e-15,-2.7533531010703882e-14,2.7533531010703882e-14,1.0433828495464293e-13,2.9334595107205687e-15,9.1551335970444749e-16,4.4408920985006262e-16,test,2.13.1,10,7
h2o-v2-0233,H2O,1.126280484586,1.129573700224,90.490143379227,0.0000000000000000e+00,0.0000000000000000e+00,0.0000000000000000e+00,0.0000000000000000e+00,0.0000000000000000e+00,1.1262804845860275e+00,1.1295323685550687e+00,0.0000000000000000e+00,-9.6629511351148407e-03,aimd_trajectory,full-space CASCI analytic nuclear gradient,direct FCI,sto-3g,-74.9310058719439525,-75.0095428016084469,-75.0095428015133763,9.5070618044701405e-11,-2041.1136413095362059,0.3529430654314735,3.6368046085729619e+00,-1.3410635388757201e-29,3.5175025195991201e+00,-4.5435536043023494e-01,7.0997481469891062e-30,-3.0916805269455390e+00,-3.1824492481427273e+00,5.9164567891575885e-30,-4.2582199265358067e-01,3.6368047215444039e+00,-3.6499748504949751e-15,3.5175024053210309e+00,-4.5435558930603376e-01,1.9388249585954506e-15,-3.0916806412236282e+00,-3.1824491322383985e+00,1.7111498918992075e-15,-4.2582176409742128e-01,-1.1297144197897069e-07,3.6499748504949616e-15,1.1427808921382621e-07,2.2887579881336606e-07,-1.9388249585954435e-15,1.1427808921382621e-07,-1.1590432880126400e-07,-1.7111498918992016e-15,-2.2855615938732754e-07,2.2887579881336606e-07,3.3964886982889965e-14,5.1705990000705526e-07,6.2803698347351007e-16,2.2204460492503131e-16,train,2.13.1,10,7
h2o-v2-0234,H2O,0.986611259435,0.990054170556,87.952323758563,0.0000000000000000e+00,0.0000000000000000e+00,0.0000000000000000e+00,0.0000000000000000e+00,0.0000000000000000e+00,9.8661125943471983e-01,9.8942196245865810e-01,0.0000000000000000e+00,3.5375709737572814e-02,aimd_trajectory,full-space CASCI analytic nuclear gradient,direct FCI,sto-3g,-74.9588516922827921,-75.0158102663420578,-75.0158102662435766,9.8481223176349886e-11,-2041.2841877131857018,0.1823966617820776,-8.6968206991285679e-01,9.2752786121689279e-31,-1.1233084505805948e+00,-1.5109482887840788e+00,-5.9164567891575885e-31,2.5448476511873812e+00,2.3806303586969357e+00,-9.8607613152626476e-31,-1.4215392006067862e+00,-8.6968211844995003e-01,1.9769525342683496e-17,-1.1233084035901941e+00,-1.5109481967501954e+00,1.6501723238305673e-15,2.5448476981777817e+00,2.3806303152001234e+00,-1.6699418491734256e-15,-1.4215392945878274e+00,4.8537093233491646e-08,-1.9769525342682568e-17,-4.6990400681679034e-08,-9.2033883403175309e-08,-1.6501723238305679e-15,-4.6990400459634429e-08,4.3496812374144156e-08,1.6699418491734246e-15,9.3981041171531388e-08,9.3981041171531388e-08,2.4083396366869620e-13,1.8224976966463302e-07,2.2204460492503131e-16,2.2204460492503131e-16,train,2.13.1,10,7
h2o-v2-0260,H2O,0.998183765779,1.030868621685,101.217371683343,0.0000000000000000e+00,0.0000000000000000e+00,0.0000000000000000e+00,0.0000000000000000e+00,0.0000000000000000e+00,9.9818376577937107e-01,1.0111751340726569e+00,0.0000000000000000e+00,-2.0053668843273073e-01,aimd_trajectory,full-space CASCI analytic nuclear gradient,direct FCI,sto-3g,-74.9638567574992436,-75.0217170667679198,-75.0217170666461612,1.2175860319985077e-10,-2041.4449199410516940,0.0216644339159803,-3.0840485210674989e-01,-1.5777218104420236e-30,-2.0322260478703038e+00,5.4001120463637886e-01,-8.8746851837363828e-31,1.4532205234710045e+00,-2.3160635252962905e-01,7.8886090522101181e-31,5.7900552439929931e-01,-3.0840532727880848e-01,-7.6779421022711131e-15,-2.0322254454958548e+00,5.4001251337016598e-01,6.5423239000741061e-16,1.4532211258454533e+00,-2.3160718609117767e-01,7.0237097122634462e-15,5.7900431965035615e-01,4.7517205858937928e-07,7.6779421022711115e-15,-6.0237444898803005e-07,-1.3087337871198201e-06,-6.5423239000741149e-16,-6.0237444876598545e-07,8.3356154861879972e-07,-7.0237097122634454e-15,1.2047489431621372e-06,1.3087337871198201e-06,1.8547275207219107e-13,2.6917286035654797e-06,8.3266726846886741e-17,2.2204460492503131e-16,train,2.13.1,10,7
h2o-v2-0338,H2O,1.026917962091,1.068330980452,99.701324537701,0.0000000000000000e+00,0.0000000000000000e+00,0.0000000000000000e+00,0.0000000000000000e+00,0.0000000000000000e+00,1.0269179620909237e+00,1.0530533920713576e+00,0.0000000000000000e+00,-1.8002676812261920e-01,aimd_trajectory,full-space CASCI analytic nuclear gradient,direct FCI,sto-3g,-74.9583882760450706,-75.0215140048780427,-75.0215140048674414,1.0601297617540695e-11,-2041.4393943455343106,0.0271900294332684,1.2282570576352947e+00,-1.8301573001127474e-28,-8.1473435698558327e-01,4.3741196458606885e-01,1.0728508311005761e-28,1.0342074293795801e-01,-1.6656690222213637e+00,7.5730646901217133e-29,7.1131361404762528e-01,1.2282560376512330e+00,3.2606860843397065e-15,-8.1473308870260241e-01,4.3741465501945376e-01,-4.5530086558360762e-15,1.0342201122093889e-01,-1.6656706926706875e+00,1.2923225714967147e-15,7.1131107748170641e-01,1.0199840616564870e-06,-3.2606860843398895e-15,-1.2682829808596807e-06,-2.6904333849109285e-06,4.5530086558361835e-15,-1.2682829808735585e-06,1.6704493237540419e-06,-1.2923225714966389e-15,2.5365659188647527e-06,2.6904333849109285e-06,4.2859785643657608e-14,5.7347193221368720e-06,2.2204460492503131e-16,1.1102230246251565e-16,validation,2.13.1,10,7
h2o-v2-0350,H2O,1.091478382322,1.110226574293,99.075674335016,0.0000000000000000e+00,0.0000000000000000e+00,0.0000000000000000e+00,0.0000000000000000e+00,0.0000000000000000e+00,1.0914783823215244e+00,1.0963274988293155e+00,0.0000000000000000e+00,-1.7512584496874434e-01,aimd_trajectory,full-space CASCI analytic nuclear gradient,direct FCI,sto-3g,-74.9432990112235586,-75.0152172274792974,-75.0152172274405586,3.8738789953640662e-11,-2041.2680503036322079,0.1985340713355326,2.3583687524819181e+00,3.1554436208840472e-30,1.4166991334773675e+00,4.5968669908284626e-01,-3.1554436208840472e-30,-2.3245049103793209e+00,-2.8180554515647644e+00,3.9443045261050590e-31,9.0780577690195330e-01,2.3583685829692618e+00,4.7338805544327516e-15,1.4166993362828335e+00,4.5968713529547750e-01,-4.3587751642000496e-15,-2.3245047075738547e+00,-2.8180557182650099e+00,-3.7510539023259834e-16,9.0780537129107297e-01,1.6951265635611890e-07,-4.7338805544327485e-15,-2.0280546597639670e-07,-4.3621263123849729e-07,4.3587751642000464e-15,-2.0280546619844131e-07,2.6670024544372950e-07,3.7510539023259873e-16,4.0561088032742276e-07,4.3621263123849729e-07,2.7535438021309920e-13,9.6750522671218420e-07,1.1102230246251565e-16,3.3306690738754696e-16,train,2.13.1,10,7
h2o-v2-0352,H2O,1.052670424454,1.076072854064,102.881221323431,0.0000000000000000e+00,0.0000000000000000e+00,0.0000000000000000e+00,0.0000000000000000e+00,0.0000000000000000e+00,1.0526704244538900e+00,1.0489927403557393e+00,0.0000000000000000e+00,-2.3988959530371334e-01,aimd_trajectory,full-space CASCI analytic nuclear gradient,direct FCI,sto-3g,-74.9539677036146230,-75.0191260811954237,-75.0191260811802891,1.5134560271690134e-11,-2041.3744156318807654,0.0921687430869554,9.5939820526187303e-01,-2.4651903288156619e-31,-1.7001640803681506e-01,8.4039536838345796e-01,1.9721522630525295e-31,-1.0849122969138723e+00,-1.7997935736453310e+00,0.0000000000000000e+00,1.2549287049506872e+00,9.5939803918225719e-01,1.9405841870669181e-16,-1.7001619369081467e-01,8.4039584759642583e-01,-1.6127976176937716e-15,-1.0849120825678717e+00,-1.7997938867785481e+00,1.4187391989869588e-15,1.2549282762585439e+00,1.6607961583758879e-07,-1.9405841870669206e-16,-2.1434600039338392e-07,-4.7921296786324064e-07,1.6127976176937718e-15,-2.1434600050440622e-07,3.1313321713355435e-07,-1.4187391989869588e-15,4.2869214333940420e-07,4.7921296786324064e-07,1.9633414498743163e-13,1.0292655787114136e-06,4.9303806576313238e-32,2.2204460492503131e-16,train,2.13.1,10,7
h2o-v2-0392,H2O,1.060098291392,1.061635901257,95.438721286996,0.0000000000000000e+00,0.0000000000000000e+00,0.0000000000000000e+00,0.0000000000000000e+00,0.0000000000000000e+00,1.0600982913923009e+00,1.0568565624558715e+00,0.0000000000000000e+00,-1.0062302535648264e-01,aimd_trajectory,full-space CASCI analytic nuclear gradient,direct FCI,sto-3g,-74.9556768440623955,-75.0216927059377099,-75.0216927059234564,1.4253487279347610e-11,-2041.4442570490916751,0.0223273258760964,1.3706919674266667e+00,-3.9443045261050590e-30,1.1827628883035108e+00,-6.2383901694967110e-02,0.0000000000000000e+00,-1.2447512890026144e+00,-1.3083080657316994e+00,3.3526588471893002e-30,6.1988400699103559e-02,1.3706919206714878e+00,6.1850202278328867e-15,1.1827629398039121e+00,-6.2383793475009996e-02,-6.7793323958260502e-15,-1.2447512375022132e+00,-1.3083081271968982e+00,5.9431216799318883e-16,6.1988297698275366e-02,4.6755178839674727e-08,-6.1850202278328907e-15,-5.1500401276882712e-08,-1.0821995711368659e-07,6.7793323958260502e-15,-5.1500401276882712e-08,6.1465198708532398e-08,-5.9431216799318548e-16,1.0300082819297840e-07,1.0821995711368659e-07,4.2111463840885658e-13,2.2976583236022932e-07,4.8572257327350599e-17,1.1102230246251565e-16,train,2.13.1,10,7
h2o-v2-0393,H2O,1.028941970822,1.032180749493,88.710468827971,0.0000000000000000e+00,0.0000000000000000e+00,0.0000000000000000e+00,0.0000000000000000e+00,0.0000000000000000e+00,1.0289419708216003e+00,1.0319193372935151e+00,0.0000000000000000e+00,2.3228881684821331e-02,aimd_trajectory,full-space CASCI analytic nuclear gradient,direct FCI,sto-3g,-74.9575211115757867,-75.0204000247314582,-75.0204000244855109,2.4594726255600108e-10,-2041.4090814014953139,0.0575029734723411,9.6465058735257403e-01,-7.8886090522101181e-31,8.2372950344496187e-01,-1.1137961129294536e+00,1.5777218104420236e-30,2.8349568603575070e-01,1.4914552557687952e-01,7.8886090522101181e-31,-1.1072251894807126e+00,9.6465047692253181e-01,5.3256858358085887e-15,8.2372961174946979e-01,-1.1137958993832442e+00,-1.9880882973523491e-15,2.8349579434025857e-01,1.4914542246076390e-01,-3.3375975384560908e-15,-1.1072254060899203e+00,1.1043004222166530e-07,-5.3256858358085895e-15,-1.0830450791754487e-07,-2.1354620938218716e-07,1.9880882973523507e-15,-1.0830450786203372e-07,1.0311611561841794e-07,3.3375975384560916e-15,2.1660920768162839e-07,2.1660920768162839e-07,1.9864244883497336e-13,4.4085453121400775e-07,2.7755575615628914e-17,2.2204460492503131e-16,train,2.13.1,10,7
h2o-v2-0396,H2O,0.977695308166,0.980286570597,103.167743246413,0.0000000000000000e+00,0.0000000000000000e+00,0.0000000000000000e+00,0.0000000000000000e+00,0.0000000000000000e+00,9.7769530816631234e-01,9.5451219678948784e-01,0.0000000000000000e+00,-2.2331194923727174e-01,aimd_trajectory,full-space CASCI analytic nuclear gradient,direct FCI,sto-3g,-74.9652925563155037,-75.0178330488129177,-75.0178330487480594,6.4858340920181945e-11,-2041.3392304282917848,0.1273539466758963,-3.0390117005998243e+00,7.8886090522101181e-31,-2.5830895231947015e+00,6.7255512101277048e-01,-2.7117093616972281e-31,2.4478414298139404e+00,2.3664565795870538e+00,-7.8886090522101181e-31,1.3524809338076121e-01,-3.0390117281271709e+00,-2.2389549090367063e-15,-2.5830894883646982e+00,6.7255520051338913e-01,-1.9616531235250423e-16,2.4478414646439437e+00,2.3664565276138259e+00,2.4351202213891927e-15,1.3524802372064654e-01,2.7527346624367510e-08,2.2389549090367071e-15,-3.4830003325936332e-08,-7.9500618643812970e-08,1.9616531235250396e-16,-3.4830003325936332e-08,5.1973227943591382e-08,-2.4351202213891935e-15,6.9660114676572960e-08,7.9500618643812970e-08,1.1657723721894690e-13,1.5582500845212624e-07,5.5511151231257827e-17,2.2204460492503131e-16,train,2.13.1,10,7
h2o-v2-0398,H2O,0.979921596476,0.994559992111,94.814689303379,0.0000000000000000e+00,0.0000000000000000e+00,0.0000000000000000e+00,0.0000000000000000e+00,0.0000000000000000e+00,9.7992159647584309e-01,9.9105056131747082e-01,0.0000000000000000e+00,-8.3476720226231413e-02,aimd_trajectory,full-space CASCI analytic nuclear gradient,direct FCI,sto-3g,-74.9644670845708987,-75.0197224138465515,-75.0197224137687897,7.7761797001585364e-11,-2041.3906426699816166,0.0759417049860230,-1.2325539286965583e+00,0.0000000000000000e+00,-2.0753099629430469e+00,-4.5300793197111616e-01,-6.9025329206838533e-31,2.6652066388534528e+00,1.6855618606676743e+00,3.9443045261050590e-31,-5.8989667591040573e-01,-1.2325541413881849e+00,-2.2415824747652271e-15,-2.0753097278052230e+00,-4.5300744717066832e-01,-4.5598372408342358e-16,2.6652068739912766e+00,1.6855615885586914e+00,2.6975661988476747e-15,-5.8989714618607036e-01,2.1269162653325679e-07,2.2415824747652271e-15,-2.3513782387851734e-07,-4.8480044784193765e-07,4.5598372408342289e-16,-2.3513782387851734e-07,2.7210898290164209e-07,-2.6975661988476743e-15,4.7027566463242465e-07,4.8480044784193765e-07,1.6251545356666063e-13,9.6384819836536906e-07,2.4825341532472731e-16,1.1102230246251565e-16,train,2.13.1,10,7
h2o-v2-0400,H2O,0.986009486213,1.083530890242,105.317393488524,0.0000000000000000e+00,0.0000000000000000e+00,0.0000000000000000e+00,0.0000000000000000e+00,0.0000000000000000e+00,9.8600948621306017e-01,1.0450409140179653e+00,0.0000000000000000e+00,-2.8623186080172969e-01,aimd_region_latin_hypercube,full-space CASCI analytic nuclear gradient,direct FCI,sto-3g,-74.9553786118757444,-75.0158030639371134,-75.0158030636552553,2.8185809242131654e-10,-2041.2839917257626894,0.1825926492049211,1.0700245831731163e+00,5.6851035677358510e-22,-3.8974509488214344e+00,1.1182127614863133e+00,5.6851035085712832e-22,2.2430548249219360e+00,-2.1882373446594299e+00,5.6851035440700239e-22,1.6543961238994986e+00,1.0700234765117254e+00,-4.0073877146504015e-15,-3.8974492961445986e+00,1.1182163327903656e+00,2.0870461423019211e-15,2.2430564775987718e+00,-2.1882398093024347e+00,1.9203415723485116e-15,1.6543928185456556e+00,1.1066613909704870e-06,4.0073882831607583e-15,-1.6526768358282595e-06,-3.5713040522633577e-06,-2.0870455737915703e-15,-1.6526768358282595e-06,2.4646430047958745e-06,-1.9203410038381572e-15,3.3053538430749541e-06,3.5713040522633577e-06,3.8399884504914326e-13,7.6810290490225697e-06,2.2204460493158142e-16,4.4408920985006262e-16,train,2.13.1,10,7
h2o-v2-0402,H2O,0.928903955793,1.031450893072,90.900939851214,0.0000000000000000e+00,0.0000000000000000e+00,0.0000000000000000e+00,0.0000000000000000e+00,0.0000000000000000e+00,9.2890395579314833e-01,1.0313233796380818e+00,0.0000000000000000e+00,-1.6218243782386500e-02,aimd_region_latin_hypercube,full-space CASCI analytic nuclear gradient,direct FCI,sto-3g,-74.9547789359523904,-75.0102296988536921,-75.0102296987342640,1.1942802302655764e-10,-2041.1323327357879407,0.3342516391798018,1.3075253310715975e+00,0.0000000000000000e+00,-5.7071725743712038e+00,-1.1338123086370770e+00,0.0000000000000000e+00,6.7256556604838567e+00,-1.7371302243452053e-01,1.1832913578315177e-30,-1.0184830861126528e+00,1.3075240189021817e+00,-5.3387154293126270e-15,-5.7071710916362193e+00,-1.1338096143472745e+00,4.9429186307577606e-15,6.7256571432188412e+00,-1.7371440455490589e-01,3.9579679855551332e-16,-1.0184860515824969e+00,1.3121694157902652e-06,5.3387154293126270e-15,-1.4827349845702997e-06,-2.6942898025961171e-06,-4.9429186307577606e-15,-1.4827349845702997e-06,1.3821203853625619e-06,-3.9579679855551214e-16,2.9654698441294869e-06,2.9654698441294869e-06,1.2501881537045461e-13,5.5835104453283435e-06,5.5511151231257827e-17,8.9759468793611082e-31,validation,2.13.1,10,7
h2o-v2-0408,H2O,0.922069925941,1.062272794681,104.055825014054,0.0000000000000000e+00,0.0000000000000000e+00,0.0000000000000000e+00,0.0000000000000000e+00,0.0000000000000000e+00,9.2206992594113191e-01,1.0304678733493196e+00,0.0000000000000000e+00,-2.5799118650473551e-01,aimd_region_latin_hypercube,full-space CASCI analytic nuclear gradient,direct FCI,sto-3g,-74.9531569631663928,-75.0079125546249657,-75.0079125544346681,1.9029755549127003e-10,-2041.0692800291924414,0.3973043457753384,8.7234119286999090e-01,2.7610131682735413e-30,-8.1887333879311583e+00,8.8754617153029369e-01,-2.3665827156630354e-30,6.9539398588783055e+00,-1.7598873644002846e+00,-4.9303806576313238e-31,1.2347935290528524e+00,8.7234050602257551e-01,3.4241485954499340e-15,-8.1887323221326884e+00,8.8754834573480057e-01,-4.1240538618809518e-15,6.9539409246767745e+00,-1.7598888517576823e+00,6.9990526643132691e-16,1.2347913974559757e+00,6.8684741538760363e-07,-3.4241485954499312e-15,-1.0657984699236067e-06,-2.1742045068773308e-06,4.1240538618809494e-15,-1.0657984690354283e-06,1.4873573976892374e-06,-6.9990526643132740e-16,2.1315968767865456e-06,2.1742045068773308e-06,3.1235962515829521e-13,4.5850358779686573e-06,4.4408920985006262e-16,3.3306690738754696e-16,train,2.13.1,10,7
h2o-v2-0428,H2O,0.941116372907,1.010466141743,88.241490754439,0.0000000000000000e+00,0.0000000000000000e+00,0.0000000000000000e+00,0.0000000000000000e+00,0.0000000000000000e+00,9.4111637290656802e-01,1.0099902570613852e+00,0.0000000000000000e+00,3.1008132007579389e-02,aimd_region_latin_hypercube,full-space CASCI analytic nuclear gradient,direct FCI,sto-3g,-74.9552004514022627,-75.0105111648000644,-75.0105111647096265,9.0437879407545552e-11,-2041.1399918143697505,0.3265925605979713,4.9543060455858368e-01,7.8886090522101181e-31,-4.3206594954881758e+00,-1.6033104571569530e+00,-3.9443045261050590e-31,5.7806225268693741e+00,1.1078798525983695e+00,-7.8886090522101181e-31,-1.4599630313811978e+00,4.9542964126209338e-01,-2.6257425201676466e-15,-4.3206584946698472e+00,-1.6033086227437443e+00,-1.1351364255876732e-15,5.7806235276877027e+00,1.1078789814815013e+00,3.7608789457553784e-15,-1.4599650330178464e+00,9.6329649029724962e-07,2.6257425201676474e-15,-1.0008183286558392e-06,-1.8344132086678400e-06,1.1351364255876728e-15,-1.0008183286558392e-06,8.7111686819518752e-07,-3.7608789457553792e-15,2.0016366486519388e-06,2.0016366486519388e-06,1.4993470490555566e-13,3.7210181634828032e-06,4.9650683064945462e-16,7.1594518719712645e-31,train,2.13.1,10,7
h2o-v2-0433,H2O,1.149522409594,1.152330433768,93.574834449818,0.0000000000000000e+00,0.0000000000000000e+00,0.0000000000000000e+00,0.0000000000000000e+00,0.0000000000000000e+00,1.1495224095941154e+00,1.1500882420224183e+00,0.0000000000000000e+00,-7.1850289829590505e-02,aimd_region_latin_hypercube,full-space CASCI analytic nuclear gradient,direct FCI,sto-3g,-74.9222410753942540,-75.0043130160602232,-75.0043130158996263,1.6059686913649784e-10,-2040.9713315949998105,0.4952527799678755,3.7802404507359793e+00,4.4373425918681914e-31,3.4880634894287792e+00,-5.5140899309085389e-02,0.0000000000000000e+00,-3.6656705420962670e+00,-3.7250995514268941e+00,-3.9443045261050590e-31,1.7760705266748747e-01,3.7802405242712802e+00,3.3884586145272441e-16,3.4880634109520328e+00,-5.5141061088040795e-02,1.8262829707774808e-15,-3.6656706205730134e+00,-3.7250994631834002e+00,-2.1651288322300143e-15,1.7760720962082641e-01,-7.3535300959548522e-08,-3.3884586145272397e-16,7.8476746434574807e-08,1.6177895540564480e-07,-1.8262829707774808e-15,7.8476746434574807e-08,-8.8243493845396870e-08,2.1651288322300139e-15,-1.5695333893672725e-07,1.6177895540564480e-07,2.2278498740184259e-13,3.7281904630148688e-07,5.3891579640384933e-16,2.2204460492503131e-16,test,2.13.1,10,7
h2o-v2-0436,H2O,0.999355707670,1.156043805203,99.858571332458,0.0000000000000000e+00,0.0000000000000000e+00,0.0000000000000000e+00,0.0000000000000000e+00,0.0000000000000000e+00,9.9935570766995918e-01,1.1389729512039517e+00,0.0000000000000000e+00,-1.9793406976633415e-01,aimd_region_latin_hypercube,full-space CASCI analytic nuclear gradient,direct FCI,sto-3g,-74.9417616113326943,-75.0104445342230264,-75.0104445341347343,8.8292040345550049e-11,-2041.1381787040020299,0.3284056709655465,3.5429215289840768e+00,1.3805065841367707e-30,-2.9803161354606198e+00,5.4963107231387609e-01,-1.5777218104420236e-30,1.7868439464148214e+00,-4.0925526012979532e+00,-1.5777218104420236e-30,1.1934721890457984e+00,3.5429215836253372e+00,-9.1363868801961364e-16,-2.9803162131163337e+00,5.4963092254547619e-01,3.8047235053402753e-15,1.7868438687591077e+00,-4.0925525061709722e+00,-2.8910848173205033e-15,1.1934723443572575e+00,-5.4641260405219327e-08,9.1363868801961502e-16,7.7655713859314801e-08,1.4976839990410440e-07,-3.8047235053402769e-15,7.7655713637270196e-08,-9.5126980959037155e-08,2.8910848173205018e-15,-1.5531145902691890e-07,1.5531145902691890e-07,1.6208039431094440e-13,3.4539627213892038e-07,1.7749370367472766e-30,1.1102230246251565e-16,train,2.13.1,10,7
h2o-v2-0440,H2O,1.087264285840,1.113353367755,87.424852945712,0.0000000000000000e+00,0.0000000000000000e+00,0.0000000000000000e+00,0.0000000000000000e+00,0.0000000000000000e+00,1.0872642858401598e+00,1.1122290508850670e+00,0.0000000000000000e+00,5.0022593478353417e-02,aimd_region_latin_hypercube,full-space CASCI analytic nuclear gradient,direct FCI,sto-3g,-74.9389583423776031,-75.0134108979957119,-75.0134108979491998,4.6512127482856158e-11,-2041.2188975743667925,0.2476868006008937,3.6102845321012156e+00,7.8886090522101181e-31,2.9267581110999710e+00,-9.4200857010160532e-01,-2.1816934410018608e-30,-1.8858876554678683e+00,-2.6682759619996101e+00,1.5777218104420236e-30,-1.0408704556321029e+00,3.6102850983455017e+00,-3.0151708477670056e-15,2.9267575573317788e+00,-9.4200962787268161e-01,-8.4851423688813190e-17,-1.8858882092360605e+00,-2.6682754704726319e+00,3.1000222714553744e-15,-1.0408693480957818e+00,-5.6624428612650490e-07,3.0151708477670064e-15,5.5376819219077333e-07,1.0577710762849080e-06,8.4851423688811009e-17,5.5376819219077333e-07,-4.9152697823018343e-07,-3.1000222714553729e-15,-1.1075363210988343e-06,1.1075363210988343e-06,1.9871441489476620e-13,2.3573234255724884e-06,2.2204460492503131e-16,4.4408920985006262e-16,validation,2.13.1,10,7
h2o-v2-0441,H2O,0.948344603838,1.107461762469,91.306691329067,0.0000000000000000e+00,0.0000000000000000e+00,0.0000000000000000e+00,0.0000000000000000e+00,0.0000000000000000e+00,9.4834460383837194e-01,1.1071737703027398e+00,0.0000000000000000e+00,-2.5254656686031031e-02,aimd_region_latin_hypercube,full-space CASCI analytic nuclear gradient,direct FCI,sto-3g,-74.9474454960151633,-75.0100953775510959,-75.0100953775177004,3.3395508580724709e-11,-2041.1286776669419396,0.3379067080258102,3.7393749935213645e+00,0.0000000000000000e+00,-4.6966218308672421e+00,-7.8283135291935468e-01,-5.9164567891575885e-31,5.2997136061116201e+00,-2.9565436406020100e+00,7.8886090522101181e-31,-6.0309177524437751e-01,3.7393751068914423e+00,-3.3276826127734866e-15,-4.6966219668458624e+00,-7.8283158896474225e-01,-7.8491484390714305e-16,5.2997134701329998e+00,-2.9565435179269102e+00,4.1125974566808617e-15,-6.0309150328727856e-01,-1.1337007777001418e-07,3.3276826127734866e-15,1.3597862036363040e-07,2.3604538756938354e-07,7.8491484390714246e-16,1.3597862036363040e-07,-1.2267509985619540e-07,-4.1125974566808609e-15,-2.7195709895178055e-07,2.7195709895178055e-07,2.5311254001123756e-13,5.2805424122226441e-07,7.1088959579333461e-16,2.2204460492503131e-16,train,2.13.1,10,7
h2o-v2-0445,H2O,0.963920515857,1.118595969153,98.300124118250,0.0000000000000000e+00,0.0000000000000000e+00,0.0000000000000000e+00,0.0000000000000000e+00,0.0000000000000000e+00,9.6392051585742944e-01,1.1068792092215476e+00,0.0000000000000000e+00,-1.6147866236391192e-01,aimd_region_latin_hypercube,full-space CASCI analytic nuclear gradient,direct FCI,sto-3g,-74.9493464062869919,-75.0124720913066341,-75.0124720912684921,3.8141934055602178e-11,-2041.1933513429398772,0.2732330320277086,3.1218751001368861e+00,2.6032409872293390e-29,-4.7028041035737669e+00,2.6624499514199501e-01,-1.8932661725304283e-29,3.9766651470557206e+00,-3.3881200952788815e+00,-7.0997481469891062e-30,7.2613895651804616e-01,3.1218753364219021e+00,2.1021379434361529e-15,-4.7028044295026765e+00,2.6624437992610489e-01,-3.6482889625974320e-15,3.9766648211268110e+00,-3.3881197163480508e+00,1.5461510191612978e-15,7.2613960837582514e-01,-2.3628501599759488e-07,-2.1021379434361269e-15,3.2592890963911714e-07,6.1521589012070166e-07,3.6482889625974130e-15,3.2592890963911714e-07,-3.7893083071338651e-07,-1.5461510191613049e-15,-6.5185777897713848e-07,6.5185777897713848e-07,5.9716377335297085e-14,1.3757362880006951e-06,4.5775667985222375e-16,3.3306690738754696e-16,train,2.13.1,10,7
h2o-v2-0448,H2O,1.031730835095,1.032791278411,105.787321603601,0.0000000000000000e+00,0.0000000000000000e+00,0.0000000000000000e+00,0.0000000000000000e+00,0.0000000000000000e+00,1.0317308350951264e+00,9.9383255310284491e-01,0.0000000000000000e+00,-2.8098875627829323e-01,aimd_region_latin_hypercube,full-space CASCI analytic nuclear gradient,direct FCI,sto-3g,-74.9601452378373381,-75.0198134363211011,-75.0198134361614564,1.5964474187057931e-10,-2041.3931195176937763,0.0734648572739877,-1.0062567264324092e+00,2.4336358926068214e-28,-8.1260318056619663e-01,1.1187455202893659e+00,-1.3626955840110775e-28,-3.8060822359423369e-01,-1.1248879385695666e-01,-1.0689065265744710e-28,1.1932114041604303e+00,-1.0062567529859807e+00,-1.3187283667640712e-15,-8.1260314541470469e-01,1.1187456032116683e+00,-5.2698597224393938e-17,-3.8060818844274180e-01,-1.1248885022594957e-01,1.3714269639888841e-15,1.1932113338573951e+00,2.6553571563781020e-08,1.3187283667643146e-15,-3.5151491939444668e-08,-8.2922302357957278e-08,5.2698597224257669e-17,-3.5151491883933517e-08,5.6368992903954585e-08,-1.3714269639889910e-15,7.0303035171193073e-08,8.2922302357957278e-08,2.6698599345204834e-13,1.7126204288064883e-07,9.7144514654701197e-17,3.3306690738754696e-16,train,2.13.1,10,7
h2o-v2-0464,H2O,0.922292664767,1.048557300401,101.747092495226,0.0000000000000000e+00,0.0000000000000000e+00,0.0000000000000000e+00,0.0000000000000000e+00,0.0000000000000000e+00,9.2229266476661098e-01,1.0265961119723257e+00,0.0000000000000000e+00,-2.1347794993426597e-01,aimd_region_latin_hypercube,full-space CASCI analytic nuclear gradient,direct FCI,sto-3g,-74.9556951057467273,-75.0098096188878429,-75.0098096187374352,1.5040768630569801e-10,-2041.1209017775829579,0.3456825973847242,7.2084840875473821e-01,-3.9443045261050590e-31,-7.7113883727500827e+00,5.4570475165033361e-01,0.0000000000000000e+00,6.9577515211015699e+00,-1.2665531604050717e+00,7.8886090522101181e-31,7.5363685164851346e-01,7.2084767175526143e-01,-2.5551268132114432e-15,-7.7113873053333597e+00,5.4570689154876373e-01,4.7174438269464517e-16,6.9577525885182929e+00,-1.2665545633040951e+00,2.0833824305168714e-15,7.5363471681467298e-01,7.3699947678029787e-07,2.5551268132114428e-15,-1.0674167230106946e-06,-2.1398984301201907e-06,-4.7174438269464517e-16,-1.0674167230106946e-06,1.4028990233949656e-06,-2.0833824305168706e-15,2.1348338404836298e-06,2.1398984301201907e-06,3.9995942789935268e-13,4.4647126351549105e-06,7.0216669371534024e-16,2.2204460492503131e-16,validation,2.13.1,10,7
h2o-v2-0468,H2O,0.943939382298,1.010744462080,105.404056170560,0.0000000000000000e+00,0.0000000000000000e+00,0.0000000000000000e+00,0.0000000000000000e+00,0.0000000000000000e+00,9.4393938229756935e-01,9.7443508665661671e-01,0.0000000000000000e+00,-2.6847835949464965e-01,aimd_region_latin_hypercube,full-space CASCI analytic nuclear gradient,direct FCI,sto-3g,-74.9615365068233501,-75.0136162963534332,-75.0136162962711666,8.2266637946304400e-11,-2041.2244867484130282,0.2420976265546487,-1.5357161312535443e+00,-3.9443045261050590e-31,-5.6840120721510301e+00,9.8509767186477371e-01,1.5777218104420236e-30,4.8814513291035819e+00,5.5061845938877063e-01,-4.0675640425458421e-31,8.0256074304744884e-01,-1.5357168063096083e+00,2.5153655329578270e-15,-5.6840110983002603e+00,9.8509982692875586e-01,-2.5857898361635294e-15,4.8814523029543517e+00,5.5061697938060772e-01,7.0424303205844988e-17,8.0255879534592012e-01,6.7505606393680750e-07,-2.5153655329578274e-15,-9.7385076980316398e-07,-2.1550639821565909e-06,2.5857898361635310e-15,-9.7385076980316398e-07,1.4800081629129380e-06,-7.0424303205845394e-17,1.9477015287261423e-06,2.1550639821565909e-06,2.4496542085462480e-13,4.3295086944450389e-06,6.6613381477509392e-16,2.2204460492503131e-16,train,2.13.1,10,7
h2o-v2-0482,H2O,0.920801321253,1.135498218454,91.537743076707,0.0000000000000000e+00,0.0000000000000000e+00,0.0000000000000000e+00,0.0000000000000000e+00,0.0000000000000000e+00,9.2080132125344893e-01,1.1350892849556629e+00,0.0000000000000000e+00,-3.0471614528909539e-02,aimd_region_latin_hypercube,full-space CASCI analytic nuclear gradient,direct FCI,sto-3g,-74.9369383621184113,-75.0002208441397613,-75.0002208440958498,4.3911541069974191e-11,-2040.8599779242870227,0.6066064506805494,4.4913449553875635e+00,2.2443092753537786e-27,-7.1606803892970623e+00,-7.4533839298310522e-01,-1.6153899186663269e-27,7.6647479693815308e+00,-3.7460065624044585e+00,-6.2714441965070439e-28,-5.0406758008446884e-01,4.4913449553633011e+00,-6.1687924811680373e-15,-7.1606803892663020e+00,-7.4533839293221182e-01,-6.7803430131773042e-16,7.6647479694122911e+00,-3.7460065624312078e+00,6.8468267824854781e-15,-5.0406758014635467e-01,2.4262369890948321e-11,6.1687924811702816e-15,-3.0760283209474437e-11,-5.0893400604934413e-11,6.7803430131611503e-16,-3.0760283209474437e-11,2.6749269466108672e-11,-6.8468267824861053e-15,6.1885829794050551e-11,6.1885829794050551e-11,3.8434364139108909e-13,1.1782042034616823e-10,3.3306690738754696e-16,1.1102230246251565e-15,validation,2.13.1,10,7
h2o-v2-0496,H2O,1.020964120924,1.134536670502,105.937801364214,0.0000000000000000e+00,0.0000000000000000e+00,0.0000000000000000e+00,0.0000000000000000e+00,0.0000000000000000e+00,1.0209641209239675e+00,1.0909254818202678e+00,0.0000000000000000e+00,-3.1153659468487727e-01,aimd_region_latin_hypercube,full-space CASCI analytic nuclear gradient,direct FCI,sto-3g,-74.9436986066881019,-75.0109751565734371,-75.0109751565209137,5.2523319027386606e-11,-2041.1526176737299920,0.3139667012377674,2.1384809243605880e+00,-3.7352563862214909e-28,-2.5867178448507810e+00,1.2366040536628451e+00,2.2226156004602008e-28,4.6559143432511702e-01,-3.3750849780234331e+00,1.5146129380243427e-28,2.1211264105256640e+00,2.1384805068552200e+00,2.9656347108963211e-15,-2.5867172028300871e+00,1.2366054387008318e+00,1.1125675598517435e-15,4.6559207634581096e-01,-3.3750859455561795e+00,-4.0782022707480155e-15,2.1211251264840825e+00,4.1750536805551519e-07,-2.9656347108966946e-15,-6.4202069394170280e-07,-1.3850379867452745e-06,-1.1125675598515213e-15,-6.4202069394170280e-07,9.6753274636540709e-07,4.0782022707481670e-15,1.2840415815063011e-06,1.3850379867452745e-06,2.3205095429751257e-13,3.1162895883785069e-06,1.9721522630525295e-31,2.2204460492503131e-16,train,2.13.1,10,7
h2o-v2-0497,H2O,0.975954827477,1.030074530400,90.830917190852,0.0000000000000000e+00,0.0000000000000000e+00,0.0000000000000000e+00,0.0000000000000000e+00,0.0000000000000000e+00,9.7595482747682294e-01,1.0299662122418860e+00,0.0000000000000000e+00,-1.4937865251004840e-02,aimd_region_latin_hypercube,full-space CASCI analytic nuclear gradient,direct FCI,sto-3g,-74.9601823746708078,-75.0186088292136901,-75.0186088290734290,1.4026113603904378e-10,-2041.3603404884192969,0.1062438865484106,9.7149979520963337e-01,0.0000000000000000e+00,-2.2473744757555050e+00,-9.7944538353977662e-01,1.9721522630525295e-31,3.1755730215722977e+00,7.9455883301433102e-03,-3.9443045261050590e-31,-9.2819854581679295e-01,9.7149882464197912e-01,1.1936494219916546e-15,-2.2473734355534263e+00,-9.7944339714546880e-01,6.3136536928064167e-16,3.1755740617743764e+00,7.9445725035302873e-03,-1.8250147912722721e-15,-9.2820062622114619e-01,9.7056765424596847e-07,-1.1936494219916546e-15,-1.0402020786948185e-06,-1.9863943078179958e-06,-6.3136536928064148e-16,-1.0402020786948185e-06,1.0158266130228660e-06,1.8250147912722717e-15,2.0804043532329786e-06,2.0804043532329786e-06,2.0022686563226795e-13,4.0965515064605995e-06,2.3019590973883948e-16,1.1102230246251565e-16,train,2.13.1,10,7
h2o-v2-0510,H2O,1.038978860224,1.129205660246,98.490861074605,0.0000000000000000e+00,0.0000000000000000e+00,0.0000000000000000e+00,0.0000000000000000e+00,0.0000000000000000e+00,1.0389788602239709e+00,1.1168289192012311e+00,0.0000000000000000e+00,-1.6672908674924267e-01,aimd_region_latin_hypercube,full-space CASCI analytic nuclear gradient,direct FCI,sto-3g,-74.9462913987889010,-75.0157437103542861,-75.0157437103059834,4.8302695176971611e-11,-2041.2823766324954704,0.1842077424723172,3.0607446618953569e+00,-1.5777218104420236e-30,-5.9687255457126365e-01,3.7942189143175670e-01,-1.9721522630525295e-31,-2.6967659666085336e-01,-3.4401665533271135e+00,-1.5777218104420236e-30,8.6654915123211707e-01,3.0607442863595673e+00,3.6847579929809838e-15,-5.9687207373510420e-01,3.7942285785247182e-01,4.7816094145605381e-16,-2.6967611582469386e-01,-3.4401671442120221e+00,-4.1629189344370401e-15,8.6654818955978097e-01,3.7553578957627565e-07,-3.6847579929809854e-15,-4.8083615944438662e-07,-9.6642071512054173e-07,-4.7816094145605401e-16,-4.8083615949989778e-07,5.9088490855785381e-07,4.1629189344370385e-15,9.6167233609723013e-07,9.6642071512054173e-07,2.4022927714492802e-14,2.1766318587523870e-06,3.3526588471893002e-30,2.2204460492503131e-16,train,2.13.1,10,7
h2o-v2-0514,H2O,0.983195265001,1.074454417419,88.436259742045,0.0000000000000000e+00,0.0000000000000000e+00,0.0000000000000000e+00,0.0000000000000000e+00,0.0000000000000000e+00,9.8319526500082077e-01,1.0740542746146540e+00,0.0000000000000000e+00,2.9320816713134981e-02,aimd_region_latin_hypercube,full-space CASCI analytic nuclear gradient,direct FCI,sto-3g,-74.9534001329427326,-75.0163467487147244,-75.0163467486961508,1.8573587112769019e-11,-2041.2987861422423066,0.1677982327252835,2.8587701002132584e+00,1.4791141972893971e-30,-1.7473386392337940e+00,-1.2043644162375047e+00,7.8886090522101181e-31,2.8949844764531978e+00,-1.6544056839757537e+00,-3.9443045261050590e-30,-1.1476458372194038e+00,2.8587700592688741e+00,6.1523549874452790e-16,-1.7473385958009358e+00,-1.2043643379058135e+00,4.8495638088189221e-15,2.8949845198860560e+00,-1.6544057213630909e+00,-5.4647993075633681e-15,-1.1476459240851580e+00,4.0944384327445960e-08,-6.1523549874452643e-16,-4.3432858198855229e-08,-7.8331691133470827e-08,-4.8495638088189214e-15,-4.3432858198855229e-08,3.7387337226135742e-08,5.4647993075633642e-15,8.6865754145293295e-08,8.6865754145293295e-08,4.8479512741840502e-14,1.6921765166877394e-07,1.6763294235946501e-30,3.8372708564789234e-30,train,2.13.1,10,7
h2o-v2-0518,H2O,1.081701462589,1.086428108888,88.103380938945,0.0000000000000000e+00,0.0000000000000000e+00,0.0000000000000000e+00,0.0000000000000000e+00,0.0000000000000000e+00,1.0817014625886210e+00,1.0858329316719522e+00,0.0000000000000000e+00,3.5956644428768392e-02,aimd_region_latin_hypercube,full-space CASCI analytic nuclear gradient,direct FCI,sto-3g,-74.9450171453817404,-75.0165294819600064,-75.0165294819279609,3.2045477382780518e-11,-2041.3037585671597753,0.1628258078079335,2.8134605570508220e+00,-2.6932105734697954e-25,2.7373619134448881e+00,-9.1964796291100626e-01,-2.6931198544656949e-25,-1.7585007446524836e+00,-1.8938125941398156e+00,-2.6930291354615945e-25,-9.7886116879240448e-01,2.8134606493209469e+00,3.6820755472532755e-15,2.7373618238020545e+00,-9.1964813854597027e-01,2.5402638320160308e-15,-1.7585008342953172e+00,-1.8938125107750758e+00,-6.2223393792692255e-15,-9.7886098950690792e-01,-9.2270124874005433e-08,-3.6820755475225966e-15,8.9642833600578342e-08,1.7563496401695744e-07,-2.5402638322853427e-15,8.9642833600578342e-08,-8.3364739777991304e-08,6.2223393789999225e-15,-1.7928549655987780e-07,1.7928549655987780e-07,1.9740767550345200e-13,3.8166120241989182e-07,8.0793595633970848e-25,4.4408920985006262e-16,train,2.13.1,10,7
h2o-v2-0524,H2O,0.927162394844,0.940535981235,97.677580142547,0.0000000000000000e+00,0.0000000000000000e+00,0.0000000000000000e+00,0.0000000000000000e+00,0.0000000000000000e+00,9.2716239484416407e-01,9.3210459598313378e-01,0.0000000000000000e+00,-1.2565410516713715e-01,aimd_region_latin_hypercube,full-space CASCI analytic nuclear gradient,direct FCI,sto-3g,-74.9574831646434205,-75.0052588136917251,-75.0052588136586706,3.3054448067559861e-11,-2040.9970680596611601,0.4695163153065358,-4.7247930291754212e+00,2.3665827156630354e-30,-5.2946420405872523e+00,-3.2236606230454268e-01,0.0000000000000000e+00,6.2956905856109939e+00,5.0471590914799647e+00,7.8886090522101181e-31,-1.0010485450237416e+00,-4.7247935554456912e+00,-6.6516944906762934e-15,-5.2946414285676848e+00,-3.2236476225103117e-01,2.3361116004839241e-15,6.2956911976305614e+00,5.0471583176963337e+00,4.3155828901923188e-15,-1.0010497690630995e+00,5.2627027002927207e-07,6.6516944906762958e-15,-6.1201956746970154e-07,-1.3000535115104128e-06,-2.3361116004839241e-15,-6.1201956746970154e-07,7.7378363094737779e-07,-4.3155828901923181e-15,1.2240393578721864e-06,1.3000535115104128e-06,4.4837178478473502e-13,2.4435225625119017e-06,8.8817841970012523e-16,4.4408920985006262e-16,train,2.13.1,10,7
h2o-v2-0536,H2O,1.094619175923,1.120539785983,104.181201667257,0.0000000000000000e+00,0.0000000000000000e+00,0.0000000000000000e+00,0.0000000000000000e+00,0.0000000000000000e+00,1.0946191759234820e+00,1.0863922114862923e+00,0.0000000000000000e+00,-2.7452026299161875e-01,aimd_region_latin_hypercube,full-space CASCI analytic nuclear gradient,direct FCI,sto-3g,-74.9388941875618286,-75.0111116946814747,-75.0111116946351331,4.6341597226273734e-11,-2041.1563330649250929,0.3102513100426599,1.9076464319143986e+00,-1.5901594845118038e-22,7.0952034362068173e-01,1.0148028624004564e+00,-1.5901594978238316e-22,-2.4704812577303845e+00,-2.9224492943148550e+00,-1.5901594805674993e-22,1.7609609141097029e+00,1.9076461120636814e+00,-1.9931028733863233e-15,7.0952076732976788e-01,1.0148038233029752e+00,-1.1269967682478639e-16,-2.4704808340212985e+00,-2.9224499353665183e+00,2.1058025502113776e-15,1.7609600666914680e+00,3.1985071724527359e-07,1.9931027143703749e-15,-4.2370908615030345e-07,-9.6090251888725220e-07,1.1269951780883660e-16,-4.2370908603928115e-07,6.4105166330818975e-07,-2.1058027092273257e-15,8.4741823491718549e-07,9.6090251888725220e-07,1.5164329796481314e-13,2.1484325044007768e-06,4.7704784629031348e-22,1.1102230246251565e-16,train,2.13.1,10,7
h2o-v2-0540,H2O,0.932546393889,1.026473971043,101.935611050676,0.0000000000000000e+00,0.0000000000000000e+00,0.0000000000000000e+00,0.0000000000000000e+00,0.0000000000000000e+00,9.3254639388860672e-01,1.0042822545799888e+00,0.0000000000000000e+00,-2.1228746162726272e-01,aimd_region_latin_hypercube,full-space CASCI analytic nuclear gradient,direct FCI,sto-3g,-74.9598426773498687,-75.0129174397539629,-75.0129174396492999,1.0466294497746276e-10,-2041.2054698915542303,0.2611144834133937,-2.6148299222007754e-01,3.1554436208840472e-30,-6.5430938751585792e+00,5.3916795968239140e-01,-3.9443045261050590e-30,5.9837409932223649e+00,-2.7768496746231375e-01,-3.1554436208840472e-30,5.5935288193621435e-01,-2.6148372708350448e-01,-9.3743594813017811e-15,-6.5430928505128625e+00,5.3917007918501669e-01,1.1268336565268142e-15,5.9837420178680816e+00,-2.7768635210158854e-01,8.2475258247751803e-15,5.5935083264459862e-01,7.3486342694328854e-07,9.3743594813017842e-15,-1.0246457167184531e-06,-2.1195026252973648e-06,-1.1268336565268181e-15,-1.0246457167184531e-06,1.3846392747929315e-06,-8.2475258247751834e-15,2.0492916157355268e-06,2.1195026252973648e-06,1.9763280388203812e-13,4.3285432483886055e-06,1.1102230246251565e-16,3.0531133177191805e-16,test,2.13.1,10,7
h2o-v2-0544,H2O,1.025828498216,1.104270848584,90.906334711370,0.0000000000000000e+00,0.0000000000000000e+00,0.0000000000000000e+00,0.0000000000000000e+00,0.0000000000000000e+00,1.0258284982164763e+00,1.1041326929760091e+00,0.0000000000000000e+00,-1.7467207368063040e-02,aimd_region_latin_hypercube,full-space CASCI analytic nuclear gradient,direct FCI,sto-3g,-74.9500450065199288,-75.0179614660281402,-75.0179614659969047,3.1235458664014004e-11,-2041.3427248387358759,0.1238595362318427,3.3362411277361756e+00,-1.1709654061874394e-31,7.4788386689792444e-02,-6.4976020441162508e-01,7.8886090522101181e-31,4.8639164108773442e-01,-2.6864809233245506e+00,-1.9721522630525295e-30,-5.6118002777752685e-01,3.3362409631713752e+00,-4.2340138349386956e-17,7.4788566884416444e-02,-6.4975986673006247e-01,-2.2763121973508943e-15,4.8639182128235842e-01,-2.6864810964413079e+00,2.3186523357003329e-15,-5.6118038816705529e-01,1.6456480045334843e-07,4.2340138349386839e-17,-1.8019462399987418e-07,-3.3768156260105542e-07,2.2763121973508951e-15,-1.8019462399987418e-07,1.7311675737374799e-07,-2.3186523357003348e-15,3.6038952844208438e-07,3.6038952844208438e-07,2.8048487815729738e-13,7.4734499211359662e-07,1.3003878984502616e-30,2.1276030956707188e-30,train,2.13.1,10,7
h2o-v2-0545,H2O,1.003461717824,1.047918506183,94.783194586167,0.0000000000000000e+00,0.0000000000000000e+00,0.0000000000000000e+00,0.0000000000000000e+00,0.0000000000000000e+00,1.0034617178238701e+00,1.0442689831886407e+00,0.0000000000000000e+00,-8.7381270018195692e-02,aimd_region_latin_hypercube,full-space CASCI analytic nuclear gradient,direct FCI,sto-3g,-74.9613585510724221,-75.0221650509198241,-75.0221650507214974,1.9832668840535916e-10,-2041.4571102108411651,0.0094741641264316,1.1698307897696121e+00,1.5777218104420236e-30,-1.2122405959065441e+00,-2.7972653490454902e-01,0.0000000000000000e+00,1.4065549270455673e+00,-8.9010425486506295e-01,0.0000000000000000e+00,-1.9431433113902336e-01,1.1698298474875832e+00,-4.3049210973273940e-15,-1.2122395217695179e+00,-2.7972438069879307e-01,-2.2250337885780742e-15,1.4065560011825935e+00,-8.9010546678870384e-01,6.5299548859054903e-15,-1.9431647941306981e-01,9.4228202884849566e-07,4.3049210973273956e-15,-1.0741370262135064e-06,-2.1542057559442718e-06,2.2250337885780742e-15,-1.0741370262135064e-06,1.2119236408869583e-06,-6.5299548859054903e-15,2.1482740464595640e-06,2.1542057559442718e-06,8.6569925108519112e-14,4.5109383650654422e-06,2.0014830212433605e-16,5.5511151231257827e-17,train,2.13.1,10,7
h2o-v2-0548,H2O,1.077983677450,1.159468364475,92.460286584268,0.0000000000000000e+00,0.0000000000000000e+00,0.0000000000000000e+00,0.0000000000000000e+00,0.0000000000000000e+00,1.0779836774498668e+00,1.1583995845011152e+00,0.0000000000000000e+00,-4.9772390404388828e-02,aimd_region_latin_hypercube,full-space CASCI analytic nuclear gradient,direct FCI,sto-3g,-74.9337175169464871,-75.0103784926182016,-75.0103784925241541,9.4047436505206861e-11,-2041.1363816203850092,0.3302027545827395,4.2293118047938014e+00,-6.2132010181527661e-23,1.7096688357821601e+00,-2.5864893548319634e-01,-6.2132004265070872e-23,-1.6395808029207730e+00,-3.9706628693106047e+00,-6.2132005053931777e-23,-7.0088032861386956e-02,4.2293116362172416e+00,-5.7349800132534982e-15,1.7096690257031333e+00,-2.5864857384953727e-01,2.4111628249328942e-15,-1.6395806129997998e+00,-3.9706630623678967e+00,3.3238171883204439e-15,-7.0088412703490532e-02,1.6857655982249753e-07,5.7349799511214880e-15,-1.8992097317038770e-07,-3.6163365907393441e-07,-2.4111628870648984e-15,-1.8992097317038770e-07,1.9305729193064280e-07,-3.3238172504524489e-15,3.7984210357611126e-07,3.7984210357611126e-07,2.4830427723925795e-13,8.3945304485411043e-07,4.6526822989449862e-16,2.2204460492503131e-16,train,2.13.1,10,7
h2o-v2-0551,H2O,1.014419169753,1.092544204107,100.427192362661,0.0000000000000000e+00,0.0000000000000000e+00,0.0000000000000000e+00,0.0000000000000000e+00,0.0000000000000000e+00,1.0144191697531606e+00,1.0745015864270782e+00,0.0000000000000000e+00,-1.9773512255786005e-01,aimd_region_latin_hypercube,full-space CASCI analytic nuclear gradient,direct FCI,sto-3g,-74.9550655051710777,-75.0191126981731173,-75.0191126981540890,1.9028334463655483e-11,-2041.3740514612916286,0.0925329136760724,1.9482617007521039e+00,-7.8886090522101181e-31,-1.7584428845742299e+00,5.4971080601332978e-01,-9.8607613152626476e-31,7.7978069133494943e-01,-2.4979725067654339e+00,1.1832913578315177e-30,9.7866219323928050e-01,1.9482613445184265e+00,4.3055971859224507e-15,-1.7584424158818572e+00,5.4971177723397835e-01,-9.3610112879301280e-16,7.7978116002732201e-01,-2.4979731217524468e+00,-3.3694960571296581e-15,9.7866125585434138e-01,3.5623367744541667e-07,-4.3055971859224514e-15,-4.6869237269042685e-07,-9.7122064857124712e-07,9.3610112879301181e-16,-4.6869237257940455e-07,6.1498701287021618e-07,3.3694960571296593e-15,9.3738493911477150e-07,9.7122064857124712e-07,1.9838278206438163e-13,2.1140509224304438e-06,5.9164567891575885e-31,1.1102230246251565e-16,train,2.13.1,10,7
h2o-v2-0564,H2O,0.936903298441,0.979378598755,99.997819468825,0.0000000000000000e+00,0.0000000000000000e+00,0.0000000000000000e+00,0.0000000000000000e+00,0.0000000000000000e+00,9.3690329844100695e-01,9.6450610881703036e-01,0.0000000000000000e+00,-1.7003060240134288e-01,aimd_region_latin_hypercube,full-space CASCI analytic nuclear gradient,direct FCI,sto-3g,-74.9622836203796084,-75.0127048693595952,-75.0127048693080383,5.1556980906752869e-11,-2041.1996855564486850,0.2668988185189929,-2.4495053093894814e+00,4.7331654313260708e-30,-5.2729919431268160e+00,1.6063654765836943e-01,-3.1554436208840472e-30,5.5204520896635678e+00,2.2888687617311123e+00,0.0000000000000000e+00,-2.4746014653675161e-01,-2.4495057673006193e+00,2.4865027142350384e-15,-5.2729913672059636e+00,1.6063776806386743e-01,6.2878329333440142e-15,5.5204526655844202e+00,2.2888679992365781e+00,-8.7743356475788002e-15,-2.4746129837867936e-01,4.5791113789661608e-07,-2.4865027142350337e-15,-5.7592085234148271e-07,-1.2204054979925161e-06,-6.2878329333440174e-15,-5.7592085234148271e-07,7.6249453417887025e-07,8.7743356475788002e-15,1.1518419277545267e-06,1.2204054979925161e-06,2.8248893466249497e-13,2.3840078897663375e-06,5.0952463777858613e-16,2.2204460492503131e-16,train,2.13.1,10,7
h2o-v2-0578,H2O,0.941424828418,0.970587602883,93.039467386219,0.0000000000000000e+00,0.0000000000000000e+00,0.0000000000000000e+00,0.0000000000000000e+00,0.0000000000000000e+00,9.4142482841815289e-01,9.6922222581476425e-01,0.0000000000000000e+00,-5.1464277474209931e-02,aimd_region_latin_hypercube,full-space CASCI analytic nuclear gradient,direct FCI,sto-3g,-74.9596714156481028,-75.0111718256557083,-75.0111718256064819,4.9226400733459741e-11,-2041.1579693120902448,0.3086150628774411,-2.2287724456779685e+00,3.9443045261050590e-31,-4.3648597688215141e+00,-9.2273731105875145e-01,7.8886090522101181e-31,5.4284734168218964e+00,3.1515097567367198e+00,9.8607613152626476e-32,-1.0636136480003819e+00,-2.2287727275067355e+00,-1.9952885241288885e-15,-4.3648594618925420e+00,-9.2273669850868523e-01,2.4412563032507519e-15,5.4284737237508685e+00,3.1515094260155090e+00,-4.4596777912156742e-16,-1.0636142618585158e+00,2.8182876699034409e-07,1.9952885241288889e-15,-3.0692897201589631e-07,-6.1255006622573660e-07,-2.4412563032507511e-15,-3.0692897201589631e-07,3.3072121086163975e-07,4.4596777912156752e-16,6.1385813387992982e-07,6.1385813387992982e-07,2.0900673093491276e-13,1.1886550286277497e-06,4.4408920985006262e-16,2.2204460492503131e-16,train,2.13.1,10,7
h2o-v2-0591,H2O,0.958334119916,1.154009130103,95.189141392016,0.0000000000000000e+00,0.0000000000000000e+00,0.0000000000000000e+00,0.0000000000000000e+00,0.0000000000000000e+00,9.5833411991610673e-01,1.1492794897829464e+00,0.0000000000000000e+00,-1.0437301722799450e-01,aimd_region_latin_hypercube,full-space CASCI analytic nuclear gradient,direct FCI,sto-3g,-74.9401951789360936,-75.0067680177415355,-75.0067680176683069,7.3228534347435925e-11,-2041.0381355939846344,0.4284487809831367,4.2651261466321353e+00,7.8886090522101181e-31,-4.8444445329561781e+00,-9.6854939334360318e-02,0.0000000000000000e+00,4.5466617459786107e+00,-4.1682712072977743e+00,-1.5160920522216321e-30,2.9778278697756688e-01,4.2651261513736607e+00,4.6432726784379833e-15,-4.8444445393374744e+00,-9.6854950556150121e-02,-4.6000084174847287e-15,4.5466617395973143e+00,-4.1682712008176699e+00,-4.3264260953365074e-17,2.9778279974023153e-01,-4.7415253945359837e-09,-4.6432726784379826e-15,6.3812963801979095e-09,1.1221789802950966e-08,4.6000084174847287e-15,6.3812963801979095e-09,-6.4801044530327090e-09,4.3264260953363558e-17,-1.2762664647336663e-08,1.2762664647336663e-08,1.7429851781892474e-13,2.6098368133276410e-08,9.9301366129890925e-16,1.5086961683362545e-30,train,2.13.1,10,7
h2o-v2-0609,H2O,1.139918027771,1.143028052425,101.009099475752,0.0000000000000000e+00,0.0000000000000000e+00,0.0000000000000000e+00,0.0000000000000000e+00,0.0000000000000000e+00,1.1399180277705052e+00,1.1219927558194809e+00,0.0000000000000000e+00,-2.1827822731307855e-01,aimd_region_latin_hypercube,full-space CASCI analytic nuclear gradient,direct FCI,sto-3g,-74.9262482035176447,-75.0050989706308400,-75.0050989705213027,1.0953726814477704e-10,-2040.9927185083927270,0.4738658665750219,2.7603200597635102e+00,1.7256332301709633e-31,2.2013143253006859e+00,6.9486130206600305e-01,0.0000000000000000e+00,-3.5794656366263014e+00,-3.4551813618295131e+00,-4.9303806576313238e-31,1.3781513113256152e+00,2.7603200024569245e+00,1.3371684234192478e-16,2.2013143950648431e+00,6.9486145739580429e-01,7.3027108946502898e-16,-3.5794655668621442e+00,-3.4551814598529682e+00,-8.6398793180699885e-16,1.3781511717971040e+00,5.7306585699024026e-08,-1.3371684234192461e-16,-6.9764157117901959e-08,-1.5532980124355333e-07,-7.3027108946502898e-16,-6.9764157117901959e-08,9.8023455130658022e-08,8.6398793180699836e-16,1.3952851118936849e-07,1.5532980124355333e-07,3.1011834130592913e-13,3.5500960526846370e-07,4.9650683064945462e-16,4.7983307649989283e-31,train,2.13.1,10,7
h2o-v2-0630,H2O,1.112900233148,1.158106483823,96.947779733586,0.0000000000000000e+00,0.0000000000000000e+00,0.0000000000000000e+00,0.0000000000000000e+00,0.0000000000000000e+00,1.1129002331478171e+00,1.1496022913482751e+00,0.0000000000000000e+00,-1.4008996966154993e-01,aimd_region_latin_hypercube,full-space CASCI analytic nuclear gradient,direct FCI,sto-3g,-74.9290521847014901,-75.0076206328153461,-75.0076206327165949,9.8751229415938724e-11,-2041.0613364320770415,0.4052479428905242,3.6261593127534271e+00,1.5777218104420236e-30,2.0752814588964723e+00,2.8077225578720799e-01,-1.5777218104420236e-30,-2.8231865738256099e+00,-3.9069315685406347e+00,-7.8886090522101181e-31,7.4790511492913758e-01,3.6261590427108730e+00,-2.4004598582936414e-15,2.0752817780146731e+00,2.8077291253497266e-01,-2.7816566891754760e-15,-2.8231862547074091e+00,-3.9069319552459620e+00,5.1821165474692188e-15,7.4790447669263382e-01,2.7004255409579514e-07,2.4004598582936430e-15,-3.1911820075336550e-07,-6.5674776467128382e-07,2.7816566891754744e-15,-3.1911820075336550e-07,3.8670532731543972e-07,-5.1821165474692195e-15,6.3823650375827157e-07,6.5674776467128382e-07,1.5489680288186201e-13,1.5187864237375948e-06,4.4408920985006262e-16,4.4408920985006262e-16,train,2.13.1,10,7
h2o-v2-0646,H2O,1.030458121214,1.108546769472,88.141197873627,0.0000000000000000e+00,0.0000000000000000e+00,0.0000000000000000e+00,0.0000000000000000e+00,0.0000000000000000e+00,1.0304581212142847e+00,1.1079634493071695e+00,0.0000000000000000e+00,3.5957406837281006e-02,aimd_region_latin_hypercube,full-space CASCI analytic nuclear gradient,direct FCI,sto-3g,-74.9467866900986337,-75.0160973626176997,-75.0160973625822152,3.5484504223859403e-11,-2041.2920000008318766,0.1745843741358032,3.6654993037302548e+00,-3.9443045261050590e-31,6.6736091830081368e-01,-1.0122562994910567e+00,7.8886090522101181e-31,3.6019234928612448e-01,-2.6532430042391981e+00,2.9582283945787943e-31,-1.0275532675869381e+00,3.6654991406530399e+00,-1.6141632475384932e-15,6.6736108773150449e-01,-1.0122559898325001e+00,2.3189751261874224e-15,3.6019251871681524e-01,-2.6532431508204954e+00,-7.0481187864900329e-16,-1.0275536064485742e+00,1.6307721484309923e-07,1.6141632475384929e-15,-1.6943069081065687e-07,-3.0965855657427710e-07,-2.3189751261874216e-15,-1.6943069075514572e-07,1.4658129732225689e-07,7.0481187864900358e-16,3.3886163608443098e-07,3.3886163608443098e-07,2.5830917579642798e-13,6.8926568808080901e-07,6.9025329206838533e-31,2.2204460492503131e-16,test,2.13.1,10,7
h2o-v2-0653,H2O,0.784611161874,1.233182589578,104.868893288512,0.0000000000000000e+00,0.0000000000000000e+00,0.0000000000000000e+00,0.0000000000000000e+00,0.0000000000000000e+00,7.8461116187409208e-01,1.1918901340458570e+00,0.0000000000000000e+00,-3.1644463591884275e-01,full_domain_latin_hypercube,full-space CASCI analytic nuclear gradient,direct FCI,sto-3g,-74.8391346732827429,-74.9015992261532091,-74.9015992261039543,4.9254822442890145e-11,-2038.1763469850507136,3.2902373899168991,4.4216049521025642e+00,1.5777218104420236e-30,-2.8764156402503392e+01,1.1939062491227210e+00,-1.1832913578315177e-30,2.6487310165299430e+01,-5.6155112012252859e+00,-3.9443045261050590e-31,2.2768462372039635e+00,4.4216053315984549e+00,5.7157921718788522e-15,-2.8764157368649883e+01,1.1939047206006024e+00,-3.3301825324002891e-15,2.6487309199152939e+01,-5.6155100521990935e+00,-2.3856096394787225e-15,2.2768481694967906e+00,-3.7949589071217815e-07,-5.7157921718788507e-15,9.6614649081061543e-07,1.5285221186545073e-06,3.3301825324002879e-15,9.6614649081061543e-07,-1.1490261924151923e-06,2.3856096394787221e-15,-1.9322928270781858e-06,1.9322928270781858e-06,1.5747894301353198e-13,3.8659795029705180e-06,1.6011864169946884e-15,4.4408920985006262e-16,test,2.13.1,10,7
h2o-v2-0654,H2O,1.089604578620,1.209354407462,103.850359957207,0.0000000000000000e+00,0.0000000000000000e+00,0.0000000000000000e+00,0.0000000000000000e+00,0.0000000000000000e+00,1.0896045786195159e+00,1.1741915168537516e+00,0.0000000000000000e+00,-2.8950365213156648e-01,full_domain_latin_hypercube,full-space CASCI analytic nuclear gradient,direct FCI,sto-3g,-74.9176954560037132,-74.9981469499698932,-74.9981469497111277,2.5876545350911329e-10,-2040.8035443889975795,0.6630399859701340,3.5035947957758262e+00,1.4392767215757360e-27,3.5970881582679276e-02,1.0164913050127060e+00,-8.8293256816861746e-28,-2.0936888769147144e+00,-4.5200861007885322e+00,-5.5594972295450807e-28,2.0577179953320353e+00,3.5035950672684133e+00,-2.8974211635440182e-15,3.5970483152396350e-02,1.0164904673215789e+00,1.5323480574137032e-15,-2.0936892753449974e+00,-4.5200855345901942e+00,1.3650731061302698e-15,2.0577187921923499e+00,-2.7149258707837021e-07,2.8974211635454575e-15,3.9843028292602112e-07,8.3769112713127925e-07,-1.5323480574145862e-15,3.9843028298847116e-07,-5.6619833799231856e-07,-1.3650731061308257e-15,-7.9686031462244955e-07,8.3769112713127925e-07,3.2278046151409894e-13,2.0123352404421979e-06,3.9443045261050590e-31,4.4408920985006262e-16,test,2.13.1,10,7
h2o-v2-0655,H2O,0.982973622643,1.201534562590,119.905703035165,0.0000000000000000e+00,0.0000000000000000e+00,0.0000000000000000e+00,0.0000000000000000e+00,0.0000000000000000e+00,9.8297362264281163e-01,1.0415467833274235e+00,0.0000000000000000e+00,-5.9905392348135489e-01,full_domain_latin_hypercube,full-space CASCI analytic nuclear gradient,direct FCI,sto-3g,-74.9103116044632031,-74.9798704089569981,-74.9798704087568524,2.0014567780890502e-10,-2040.3062143722549990,1.1603700027126636,5.7949173684749533e-01,-2.3488333452955627e-28,-7.0541812510719391e+00,2.7053354338568290e+00,1.4031863351618747e-28,2.6116904762756836e+00,-3.2848271707043244e+00,9.4071662947605658e-29,4.4424907747962559e+00,5.7949160222694196e-01,-1.2544136882006001e-15,-7.0541808858557333e+00,2.7053363332692886e+00,1.2218469449863342e-16,2.6116908414918898e+00,-3.2848279354959415e+00,1.1322289937019864e-15,4.4424900443637751e+00,1.3462055337143397e-07,1.2544136882003652e-15,-3.6521620572216307e-07,-8.9941245962066318e-07,-1.2218469449849311e-16,-3.6521620616625228e-07,7.6479161714715360e-07,-1.1322289937018923e-15,7.3043248072224287e-07,8.9941245962066318e-07,2.9708107720022808e-13,2.1030296823987271e-06,8.8817841970012523e-16,4.4408920985006262e-16,validation,2.13.1,10,7
h2o-v2-0657,H2O,0.962389003002,1.134969327747,113.752996925567,0.0000000000000000e+00,0.0000000000000000e+00,0.0000000000000000e+00,0.0000000000000000e+00,0.0000000000000000e+00,9.6238900300202157e-01,1.0388265432729671e+00,0.0000000000000000e+00,-4.5715947755494624e-01,full_domain_latin_hypercube,full-space CASCI analytic nuclear gradient,direct FCI,sto-3g,-74.9360896327395949,-74.9981937999280035,-74.9981937998844899,4.3513637137948535e-11,-2040.8048192413032211,0.6617651336643855,9.2585949482196928e-01,3.1554436208840472e-30,-7.1093268777709966e+00,2.1247660602638372e+00,-5.1275958839365767e-30,3.7984046669348128e+00,-3.0506255550858059e+00,3.1554436208840472e-30,3.3109222108361833e+00,9.2585905018852599e-01,7.0486868482887157e-15,-7.1093259635390025e+00,2.1247681565170109e+00,9.1443030877637388e-16,3.7984055811668065e+00,-3.0506272067056082e+00,-7.9631171570648541e-15,3.3109203823721849e+00,4.4463344328615761e-07,-7.0486868482887125e-15,-9.1423199410911593e-07,-2.0962531737112045e-06,-9.1443030877637901e-16,-9.1423199366502672e-07,1.6516198022564765e-06,7.9631171570648573e-15,1.8284639984322837e-06,2.0962531737112045e-06,7.2355202974625430e-14,4.6719215911483758e-06,6.2803698347351007e-16,7.1748032453782540e-30,train,2.13.1,10,7
h2o-v2-0658,H2O,1.213596648557,1.249315403959,112.136252417335,0.0000000000000000e+00,0.0000000000000000e+00,0.0000000000000000e+00,0.0000000000000000e+00,0.0000000000000000e+00,1.2135966485573362e+00,1.1572288643692052e+00,0.0000000000000000e+00,-4.7075506799261696e-01,full_domain_latin_hypercube,full-space CASCI analytic nuclear gradient,direct FCI,sto-3g,-74.8704185428675686,-74.9666190769192156,-74.9666190768442675,7.4948047767975368e-11,-2039.9456272579011511,1.5209571170665985,2.4691979874085450e+00,-5.9164567891575885e-31,1.2974133927107521e+00,1.5477461191233894e+00,2.9582283945787943e-31,-4.5546224159521334e+00,-4.0169441065319340e+00,9.8607613152626476e-32,3.2572090232413813e+00,2.4691974170530679e+00,-9.8559976860550960e-16,1.2974142812336036e+00,1.5477483441745592e+00,3.6873318984869559e-16,-4.5546215274292816e+00,-4.0169457612277872e+00,6.1686657875678768e-16,3.2572072461955179e+00,5.7035547706973944e-07,9.8559976860550901e-16,-8.8852285151652666e-07,-2.2250511697574638e-06,-3.6873318984869529e-16,-8.8852285173857126e-07,1.6546958532259737e-06,-6.1686657875678758e-16,1.7770458633492581e-06,2.2250511697574638e-06,2.2640755030803998e-13,5.5357198456285062e-06,1.9721522630525295e-31,2.2204460492503131e-16,train,2.13.1,10,7
h2o-v2-0660,H2O,0.852661308895,1.150840268915,105.515315720596,0.0000000000000000e+00,0.0000000000000000e+00,0.0000000000000000e+00,0.0000000000000000e+00,0.0000000000000000e+00,8.5266130889529368e-01,1.1089024795226681e+00,0.0000000000000000e+00,-3.0784511603167614e-01,full_domain_latin_hypercube,full-space CASCI analytic nuclear gradient,direct FCI,sto-3g,-74.9105194503074898,-74.9684504246779255,-74.9684504246542360,2.3689494810241740e-11,-2039.9954607691140609,1.4711236058536172,3.1364148791506965e+00,-5.2301478016153083e-28,-1.6996405738435641e+01,1.1872744188107589e+00,3.5340968553901329e-28,1.4883172485872569e+01,-4.3236892979614554e+00,1.6881623371729653e-28,2.1132332525630710e+00,3.1364150365757113e+00,3.2251443614491534e-15,-1.6996406058853950e+01,1.1872738371042686e+00,-1.4145395999071313e-15,1.4883172165454258e+01,-4.3236888736801617e+00,-1.8106047615420793e-15,2.1132338933995407e+00,-1.5742501480175974e-07,-3.2251443614496765e-15,3.2041830877460598e-07,5.8170649031019650e-07,1.4145395999074847e-15,3.2041831055096281e-07,-4.2428129365390532e-07,1.8106047615422481e-15,-6.4083646966750507e-07,6.4083646966750507e-07,2.3625420750568444e-13,1.3372367144715014e-06,8.8817841970012523e-16,6.6613381477509392e-16,train,2.13.1,10,7
h2o-v2-0661,H2O,0.802099607318,0.993747145869,105.845249312621,0.0000000000000000e+00,0.0000000000000000e+00,0.0000000000000000e+00,0.0000000000000000e+00,0.0000000000000000e+00,8.0209960731804153e-01,9.5598739798740273e-01,0.0000000000000000e+00,-2.7133279346984812e-01,full_domain_latin_hypercube,full-space CASCI analytic nuclear gradient,direct FCI,sto-3g,-74.9059704466058491,-74.9490773955857463,-74.9490773955279082,5.7838178690872155e-11,-2039.4682937917320942,1.9982905832356674,-1.4862243432080755e+00,7.8886090522101181e-31,-2.2504257602566486e+01,7.5853308166061451e-01,2.3665827156630354e-30,2.2074364295370540e+01,7.2769126154746089e-01,2.3665827156630354e-30,4.2989330719594671e-01,-1.4862243281518333e+00,-4.7562989319680389e-15,-2.2504257629684844e+01,7.5853302845760795e-01,2.7448482285299407e-15,2.2074364268252182e+01,7.2769129969431734e-01,2.0114507034376592e-15,4.2989336143279877e-01,-1.5056242252953211e-08,4.7562989319680397e-15,2.7118357337485577e-08,5.3203006555868626e-08,-2.7448482285299383e-15,2.7118357337485577e-08,-3.8146856451426459e-08,-2.0114507034376569e-15,-5.4236852065070451e-08,5.4236852065070451e-08,1.6532298217457755e-13,1.0487432311467873e-07,1.2412670766236366e-16,1.1102230246251565e-16,validation,2.13.1,10,7
h2o-v2-0664,H2O,0.972670414776,1.128377833974,83.491162047019,0.0000000000000000e+00,0.0000000000000000e+00,0.0000000000000000e+00,0.0000000000000000e+00,0.0000000000000000e+00,9.7267041477632199e-01,1.1211047416145719e+00,0.0000000000000000e+00,1.2790893062334299e-01,full_domain_latin_hypercube,full-space CASCI analytic nuclear gradient,direct FCI,sto-3g,-74.9374228933711493,-75.0054877861171008,-75.0054877860718108,4.5289993977348786e-11,-2041.0032987167676310,0.4632856581999577,4.7162481584387077e+00,1.2141062369417135e-30,-1.9078094070154759e+00,-1.8582731088240636e+00,3.9443045261050590e-31,3.8461187613604166e+00,-2.8579750496146445e+00,-7.8886090522101181e-31,-1.9383093543449406e+00,4.7162472879557704e+00,-4.7409869418922797e-17,-1.9078085202984123e+00,-1.8582716713597502e+00,-2.5818949469148377e-15,3.8461196480774800e+00,-2.8579756165959433e+00,2.6293048163338043e-15,-1.9383111277793192e+00,8.7048293728742010e-07,4.7409869418924011e-17,-8.8671706355292201e-07,-1.4374643133585607e-06,2.5818949469148381e-15,-8.8671706333087741e-07,5.6698129879961812e-07,-2.6293048163338051e-15,1.7734343786823814e-06,1.7734343786823814e-06,2.6304602005776649e-13,3.3138626069906252e-06,4.9650683064945462e-16,1.1908452428763006e-30,train,2.13.1,10,7
h2o-v2-0668,H2O,0.865152855378,1.045889808200,126.105735036554,0.0000000000000000e+00,0.0000000000000000e+00,0.0000000000000000e+00,0.0000000000000000e+00,0.0000000000000000e+00,8.6515285537753905e-01,8.4500669830852249e-01,0.0000000000000000e+00,-6.1631904944565163e-01,full_domain_latin_hypercube,full-space CASCI analytic nuclear gradient,direct FCI,sto-3g,-74.9148915844210848,-74.9623330240741836,-74.9623330238961785,1.7800516616262030e-10,-2039.8289978184641313,1.6375865565034777,-3.0274278935512742e+00,1.7670484276950664e-28,-1.5521387465568885e+01,3.2948341064217130e+00,-1.0255191767873153e-28,1.1952962878954214e+01,-2.6740621287043875e-01,-7.8886090522101181e-29,3.5684245866146722e+00,-3.0274277526377928e+00,1.1317557173804623e-14,-1.5521387944092218e+01,3.2948327775392072e+00,-1.9897171421939398e-15,1.1952962400430881e+01,-2.6740502490121482e-01,-9.3278400316107393e-15,3.5684255436613039e+00,-1.4091348132794224e-07,-1.1317557173804446e-14,4.7852333295850258e-07,1.3288825058133114e-06,1.9897171421938372e-15,4.7852333295850258e-07,-1.1879692239369355e-06,9.3278400316106604e-15,-9.5704663172213600e-07,1.3288825058133114e-06,2.0239649687273229e-13,2.6905653975894950e-06,4.5775667985222375e-16,2.2204460492503131e-16,train,2.13.1,10,7
h2o-v2-0674,H2O,0.803428948659,0.980637665384,95.684967328327,0.0000000000000000e+00,0.0000000000000000e+00,0.0000000000000000e+00,0.0000000000000000e+00,0.0000000000000000e+00,8.0342894865862735e-01,9.7581449139930521e-01,0.0000000000000000e+00,-9.7140666788031571e-02,full_domain_latin_hypercube,full-space CASCI analytic nuclear gradient,direct FCI,sto-3g,-74.9050608817927781,-74.9490843562013112,-74.9490843561493136,5.1997517402924132e-11,-2039.4684831997305992,1.9981011752370232,-8.3857062980325348e-01,-1.5777218104420236e-30,-2.1244793917949462e+01,-1.0041901510037476e+00,-2.3665827156630354e-30,2.2255029425765184e+01,1.8427607808070015e+00,4.7331654313260708e-30,-1.0102355078157190e+00,-8.3857107966189981e-01,-1.2350117365612364e-14,-2.1244793296420546e+01,-1.0041890656700585e+00,4.6226412906695980e-15,2.2255030047294099e+01,1.8427601453319327e+00,7.7274760749428169e-15,-1.0102367508734973e+00,4.4985864633417805e-07,1.2350117365612362e-14,-6.2152891544542399e-07,-1.0853336891436527e-06,-4.6226412906696004e-15,-6.2152891544542399e-07,6.3547506878869342e-07,-7.7274760749428121e-15,1.2430577782662766e-06,1.2430577782662766e-06,6.0900970053930495e-14,2.1467127944152509e-06,2.7012892057857038e-15,7.7715611723760958e-16,train,2.13.1,10,7
h2o-v2-0679,H2O,1.022189688994,1.102720896351,117.019214875510,0.0000000000000000e+00,0.0000000000000000e+00,0.0000000000000000e+00,0.0000000000000000e+00,0.0000000000000000e+00,1.0221896889939233e+00,9.8236356679897707e-01,0.0000000000000000e+00,-5.0095428721074964e-01,full_domain_latin_hypercube,full-space CASCI analytic nuclear gradient,direct FCI,sto-3g,-74.9387339315824477,-75.0019207458327344,-75.0019207457989268,3.3807623367465567e-11,-2040.9062346058349249,0.5603497691328503,-5.5432531879035774e-01,3.9443045261050590e-30,-3.5117735768523790e+00,2.3625819933582135e+00,-1.5777218104420236e-30,1.3129307172056523e-01,-1.8082566745678557e+00,-1.3805065841367707e-30,3.3804805051318136e+00,-5.5432622892998451e-01,-2.8099336645906242e-15,-3.5117718615277087e+00,2.3625864378163408e+00,3.7045849929079904e-15,1.3129478704523553e-01,-1.8082602088864681e+00,-8.9465132831718891e-16,3.3804770744823021e+00,9.1013962677521931e-07,2.8099336645906281e-15,-1.7153246703038860e-06,-4.4444581273062056e-06,-3.7045849929079920e-15,-1.7153246703038860e-06,3.5343186124414672e-06,8.9465132831718753e-16,3.4306495115821178e-06,4.4444581273062056e-06,2.0422177581531935e-13,9.6837563865470599e-06,2.2204460492503131e-16,2.2204460492503131e-16,train,2.13.1,10,7
h2o-v2-0680,H2O,0.911625265535,1.127899692941,100.922703234214,0.0000000000000000e+00,0.0000000000000000e+00,0.0000000000000000e+00,0.0000000000000000e+00,0.0000000000000000e+00,9.1162526553531542e-01,1.1074663319234774e+00,0.0000000000000000e+00,-2.1371953816379982e-01,full_domain_latin_hypercube,full-space CASCI analytic nuclear gradient,direct FCI,sto-3g,-74.9389355297688553,-74.9990214720918260,-74.9990214720627364,2.9089619602018502e-11,-2040.8273413482381784,0.6392430267295585,3.1833838038352051e+00,-1.5777218104420236e-30,-9.4378929427245097e+00,5.7624644273404779e-01,-1.9721522630525295e-30,8.2380124424959398e+00,-3.7596302465692526e+00,1.5777218104420236e-30,1.1998805002285691e+00,3.1833842940509633e+00,-7.6522515349069414e-15,-9.4378937206196696e+00,5.7624501194643751e-01,-1.2971723781317992e-15,8.2380116646007799e+00,-3.7596293059974455e+00,8.9494239130387335e-15,1.1998820560187888e+00,-4.9021575820873409e-07,7.6522515349069398e-15,7.7789515984250102e-07,1.4307876102792605e-06,1.2971723781317972e-15,7.7789515984250102e-07,-9.4057180710649391e-07,-8.9494239130387319e-15,-1.5557902197649298e-06,1.5557902197649298e-06,1.1015650529739907e-13,3.2283460218440752e-06,9.9301366129890925e-16,2.9894791791812263e-30,train,2.13.1,10,7
h2o-v2-0681,H2O,0.840788243557,1.075144800033,107.061077765750,0.0000000000000000e+00,0.0000000000000000e+00,0.0000000000000000e+00,0.0000000000000000e+00,0.0000000000000000e+00,8.4078824355685033e-01,1.0278304104588916e+00,0.0000000000000000e+00,-3.1543777258475886e-01,full_domain_latin_hypercube,full-space CASCI analytic nuclear gradient,direct FCI,sto-3g,-74.9208410879825237,-74.9715138073983383,-74.9715138071800595,2.1827872842550278e-10,-2040.0788196595385671,1.3877647154291808,1.2446239311836054e+00,1.0894169101102173e-27,-1.7939307053080693e+01,1.2371079604473920e+00,-7.0800266243585810e-28,1.6165689741651367e+01,-2.4817318916309974e+00,-3.8106912102832502e-28,1.7736173114293285e+00,1.2446240504563042e+00,-1.0839681153128252e-15,-1.7939307286433941e+01,1.2371075070558475e+00,6.7628458070497707e-16,1.6165689508298119e+01,-2.4817315575123673e+00,4.0768353460782091e-16,1.7736177781354947e+00,-1.1927269882860969e-07,1.0839681153139147e-15,2.3335324783602118e-07,4.5339154453039043e-07,-6.7628458070568507e-16,2.3335324783602118e-07,-3.3411863009646936e-07,-4.0768353460820198e-16,-4.6670616615784866e-07,4.6670616615784866e-07,3.9199049196408400e-13,9.6629478174570238e-07,1.9984014443252818e-15,2.2204460492503131e-16,test,2.13.1,10,7
h2o-v2-0683,H2O,0.998778443128,1.223853026769,126.911848549122,0.0000000000000000e+00,0.0000000000000000e+00,0.0000000000000000e+00,0.0000000000000000e+00,0.0000000000000000e+00,9.9877844312810471e-01,9.7854450958189354e-01,0.0000000000000000e+00,-7.3502848509368357e-01,full_domain_latin_hypercube,full-space CASCI analytic nuclear gradient,direct FCI,sto-3g,-74.8907355717101808,-74.9636294642355665,-74.9636294638094682,4.2609826778061688e-10,-2039.8642757524403351,1.6023086225272778,-7.7793851194986219e-01,7.8886090522101181e-31,-6.8889339065788269e+00,3.2554461988442740e+00,-2.7610131682735413e-30,1.7052062800835366e+00,-2.4775076868944121e+00,1.1832913578315177e-30,5.1837276264952896e+00,-7.7793897314237892e-01,5.1715464175573561e-15,-6.8889321954987874e+00,3.2554509770348576e+00,-2.5351413392414122e-15,1.7052079911635756e+00,-2.4775120038928380e+00,-2.6364050783160619e-15,5.1837242043352179e+00,4.6119251673193418e-07,-5.1715464175573554e-15,-1.7110800394348757e-06,-4.7781905836430383e-06,2.5351413392414094e-15,-1.7110800389907865e-06,4.3169984258462080e-06,2.6364050783160631e-15,3.4221600717643241e-06,4.7781905836430383e-06,3.5932196246798507e-13,1.1294206548218000e-05,9.9301366129890925e-16,4.4408920985006262e-16,train,2.13.1,10,7
h2o-v2-0684,H2O,0.959753439639,1.209181160904,105.437861930208,0.0000000000000000e+00,0.0000000000000000e+00,0.0000000000000000e+00,0.0000000000000000e+00,0.0000000000000000e+00,9.5975343963937543e-01,1.1655535541872040e+00,0.0000000000000000e+00,-3.2187574032180172e-01,full_domain_latin_hypercube,full-space CASCI analytic nuclear gradient,direct FCI,sto-3g,-74.9233717162217943,-74.9935581097673918,-74.9935581095899266,1.7746515368344262e-10,-2040.6786756858261924,0.7879086891415171,3.5228361526298646e+00,8.4112294019190384e-29,-6.7349985389904914e+00,1.2480626404571820e+00,-5.4628617686555068e-29,4.3897875589633726e+00,-4.7708987930870466e+00,-2.9089245880024810e-29,2.3452109800271197e+00,3.5228365264236734e+00,8.1013633771478844e-16,-6.7349992220004005e+00,1.2480613270155441e+00,-1.2784864920450746e-15,4.3897868759534635e+00,-4.7708978534394086e+00,4.6835015433039285e-16,2.3452123460468788e+00,-3.7379380879443147e-07,-8.1013633771470433e-16,6.8300990907488313e-07,1.3134416378957070e-06,1.2784864920450200e-15,6.8300990907488313e-07,-9.3964763792087069e-07,-4.6835015433042194e-16,-1.3660197590859013e-06,1.3660197590859013e-06,1.9962341005619986e-13,3.1551990762324067e-06,8.8817841970012523e-16,5.4972319972364043e-29,validation,2.13.1,10,7
h2o-v2-0689,H2O,0.790216203038,0.953166065385,117.501969252712,0.0000000000000000e+00,0.0000000000000000e+00,0.0000000000000000e+00,0.0000000000000000e+00,0.0000000000000000e+00,7.9021620303826934e-01,8.4545349830836569e-01,0.0000000000000000e+00,-4.4015216732317203e-01,full_domain_latin_hypercube,full-space CASCI analytic nuclear gradient,direct FCI,sto-3g,-74.8894868350610210,-74.9280547748453074,-74.9280547748249006,2.0406787371030077e-11,-2038.8962391388611195,2.5703452361066694,-5.1968134726525719e+00,-4.3387349787155649e-30,-2.3846363341834760e+01,2.1360996201549409e+00,2.2433231992222523e-30,2.3443265245843282e+01,3.0607138524976309e+00,1.5777218104420236e-30,4.0309809599148100e-01,-5.1968134634117762e+00,-1.1884746706315000e-15,-2.3846363364152438e+01,2.1360995668170406e+00,2.1927436857960978e-16,2.3443265223525604e+01,3.0607138965948986e+00,9.6920030205169922e-16,4.0309814062684479e-01,-9.2407956842066596e-09,1.1884746706314957e-15,2.2317678372019145e-08,5.3337900318695119e-08,-2.1927436857960754e-16,2.2317678372019145e-08,-4.4097267615228475e-08,-9.6920030205169764e-16,-4.4635363793954497e-08,5.3337900318695119e-08,1.6330048521221146e-13,9.9295121902542860e-08,3.1641356201816961e-15,6.6613381477509392e-16,train,2.13.1,10,7
h2o-v2-0691,H2O,0.848114269040,0.964761337213,121.360864236525,0.0000000000000000e+00,0.0000000000000000e+00,0.0000000000000000e+00,0.0000000000000000e+00,0.0000000000000000e+00,8.4811426904049536e-01,8.2381595044094436e-01,0.0000000000000000e+00,-5.0208736050692326e-01,full_domain_latin_hypercube,full-space CASCI analytic nuclear gradient,direct FCI,sto-3g,-74.9216568550030217,-74.9632381800799124,-74.9632381800512064,2.8705926524708048e-11,-2039.8536283681489749,1.6129560068187181,-5.4800112429337942e+00,3.3060131567369357e-24,-1.4888044135936116e+01,2.6460897229674298e+00,3.3060450562997906e-24,1.3891085683108386e+01,2.8339215199663643e+00,3.3060253347771601e-24,9.9695845282772866e-01,-5.4800113738453557e+00,4.2690623475467768e-16,-1.4888043824263464e+01,2.6460905546518867e+00,-2.6565408696343072e-15,1.3891085994781038e+01,2.8339208191937457e+00,2.2296346348796390e-15,9.9695782948256151e-01,1.3091156159106276e-07,-4.2690623144866452e-16,-3.1167265213127848e-07,-8.3168445685899428e-07,2.6565408729403522e-15,-3.1167265213127848e-07,7.0077261860035378e-07,-2.2296346315736137e-15,6.2334516715001342e-07,8.3168445685899428e-07,3.0809249040773597e-13,1.5707342266857438e-06,1.5543122344752192e-15,4.4408920985006262e-16,train,2.13.1,10,7
h2o-v2-0692,H2O,1.046046721186,1.144448761097,121.048166842859,0.0000000000000000e+00,0.0000000000000000e+00,0.0000000000000000e+00,0.0000000000000000e+00,0.0000000000000000e+00,1.0460467211861442e+00,9.8048818869920984e-01,0.0000000000000000e+00,-5.9025916223104191e-01,full_domain_latin_hypercube,full-space CASCI analytic nuclear gradient,direct FCI,sto-3g,-74.9207352084123386,-74.9893091455494982,-74.9893091454488427,1.0065548394777579e-10,-2040.5630554793476676,0.9035288956200010,-5.2960517818993003e-01,-7.3955709864469857e-31,-3.3772759406307626e+00,2.6922022342313672e+00,9.8607613152626476e-31,-7.9683048268036982e-01,-2.1625970560414371e+00,-9.8607613152626476e-32,4.1741064233111320e+00,-5.2960608342894877e-01,3.8058261396988505e-16,-3.3772739932843989e+00,2.6922075616483365e+00,-1.0951538860912975e-15,-7.9682853533400599e-01,-2.1626014782192575e+00,7.1457127212141841e-16,4.1741025286186497e+00,9.0523901874473012e-07,-3.8058261396988579e-16,-1.9473463637176280e-06,-5.3274169693473539e-06,1.0951538860912985e-15,-1.9473463638286503e-06,4.4221778203734630e-06,-7.1457127212141851e-16,3.8946924822980122e-06,5.3274169693473539e-06,2.7753017543898797e-13,1.2001658066695953e-05,1.4791141972893971e-31,4.4408920985006262e-16,train,2.13.1,10,7
h2o-v2-0694,H2O,0.806792366472,0.824473114666,128.823389663068,0.0000000000000000e+00,0.0000000000000000e+00,0.0000000000000000e+00,0.0000000000000000e+00,0.0000000000000000e+00,8.0679236647175345e-01,6.4233224856663962e-01,0.0000000000000000e+00,-5.1688025620896172e-01,full_domain_latin_hypercube,full-space CASCI analytic nuclear gradient,direct FCI,sto-3g,-74.8560240340562615,-74.8877306716113651,-74.8877306714305746,1.8079049368679989e-10,-2037.7989643907390018,3.6676199842285673,-1.6423699338453392e+01,2.3665827156630354e-30,-1.0857026800640174e+01,2.5755724858238804e+00,-3.1554436208840472e-30,1.8765505856579932e+01,1.3848126852629512e+01,0.0000000000000000e+00,-7.9084790559397566e+00,-1.6423699533072085e+01,-1.9170252713487719e-15,-1.0857026369441124e+01,2.5755739160097360e+00,-1.3802782207115896e-15,1.8765506287778980e+01,1.3848125617062214e+01,3.2973034920602877e-15,-7.9084799183379220e+00,1.9461869271708565e-07,1.9170252713487742e-15,-4.3119904979960211e-07,-1.4301858555221258e-06,1.3802782207115864e-15,-4.3119904802324527e-07,1.2355672982522492e-06,-3.2973034920602877e-15,8.6239816532440727e-07,1.4301858555221258e-06,1.5054296710937528e-13,2.3464495235714367e-06,8.8817841970012523e-16,2.4753236709903625e-30,validation,2.13.1,10,7
h2o-v2-0695,H2O,0.766599284749,0.769427869731,96.151723775368,0.0000000000000000e+00,0.0000000000000000e+00,0.0000000000000000e+00,0.0000000000000000e+00,0.0000000000000000e+00,7.6659928474909467e-01,7.6499720326055565e-01,0.0000000000000000e+00,-8.2453172905575814e-02,full_domain_latin_hypercube,full-space CASCI analytic nuclear gradient,direct FCI,sto-3g,-74.7883814056380345,-74.8195318165819003,-74.8195318164671761,1.1472423011582578e-10,-2035.9431790049982283,5.5234053699694741,-2.5392948198130785e+01,0.0000000000000000e+00,-2.3453438587142980e+01,-2.2615677216598784e+00,9.8607613152626476e-32,2.8700410423749123e+01,2.7654515919790665e+01,4.9303806576313238e-32,-5.2469718366061437e+00,-2.5392948337569276e+01,2.5369395354340715e-16,-2.3453438431225916e+01,-2.2615673923675632e+00,-5.7798029325688090e-16,2.8700410579666187e+01,2.7654515729936861e+01,3.2428633971312778e-16,-5.2469721484403058e+00,1.3943849097586281e-07,-2.5369395354340715e-16,-1.5591706414852524e-07,-3.2929231519318591e-07,5.7798029325688100e-16,-1.5591706414852524e-07,1.8985380378921946e-07,-3.2428633971312773e-16,3.1183416204783043e-07,3.2929231519318591e-07,4.0672365535440174e-14,5.0664155093471663e-07,8.8817841970012523e-16,3.7796262856809444e-32,train,2.13.1,10,7
h2o-v2-0697,H2O,0.872209898571,0.947697030733,121.891807966536,0.0000000000000000e+00,0.0000000000000000e+00,0.0000000000000000e+00,0.0000000000000000e+00,0.0000000000000000e+00,8.7220989857098941e-01,8.0463954259911252e-01,0.0000000000000000e+00,-5.0068440014250537e-01,full_domain_latin_hypercube,full-space CASCI analytic nuclear gradient,direct FCI,sto-3g,-74.9300046134753046,-74.9717330254968459,-74.9717330254757144,2.1131540961505380e-11,-2040.0847848878891000,1.3817994870785777,-6.6761858736625346e+00,-1.9721522630525295e-30,-1.1109428045793980e+01,2.6565241144020368e+00,-3.1554436208840472e-30,1.0731041606222034e+01,4.0196617592604982e+00,3.1554436208840472e-30,3.7838643957194612e-01,-6.6761860604362608e+00,2.7322143649134114e-15,-1.1109427641284542e+01,2.6565252430637956e+00,1.7846368174843178e-15,1.0731042010731471e+01,4.0196608173726327e+00,-4.5168511823976068e-15,3.7838563055307056e-01,1.8677372626285660e-07,-2.7322143649134133e-15,-4.0450943750158785e-07,-1.1286617587202841e-06,-1.7846368174843209e-15,-4.0450943750158785e-07,9.4188786547988457e-07,4.5168511823976100e-15,8.0901887555828722e-07,1.1286617587202841e-06,1.6786595078394410e-13,2.1069870759227172e-06,9.3053645978892269e-16,4.4408920985006262e-16,test,2.13.1,10,7
h2o-v2-0699,H2O,0.782269113175,1.174959368213,126.618752152277,0.0000000000000000e+00,0.0000000000000000e+00,0.0000000000000000e+00,0.0000000000000000e+00,0.0000000000000000e+00,7.8226911317527370e-01,9.4304858542921755e-01,0.0000000000000000e+00,-7.0084868728583549e-01,full_domain_latin_hypercube,full-space CASCI analytic nuclear gradient,direct FCI,sto-3g,-74.8309477388304884,-74.8849225000245440,-74.8849224999934222,3.1121771826292388e-11,-2037.7225501490452189,3.7440342259225656,-3.7391097314801763e-01,-8.1477106531882309e-23,-3.1211519166997391e+01,3.6033097828351637e+00,-8.1477108553338379e-23,2.5822530791077313e+01,-3.2293988096871464e+00,1.6295421385262552e-22,5.3889883759200785e+00,-3.7391094146734233e-01,4.0097066081235981e-15,-3.1211519533937619e+01,3.6033089013729405e+00,-3.0083798049981398e-16,2.5822530424137085e+01,-3.2293979599056524e+00,-3.7088686276242887e-15,5.3889891098006606e+00,-3.1680675305345574e-08,-4.0097066896007047e-15,3.6694022753636091e-07,8.8146222321228151e-07,3.0083789902270543e-16,3.6694022753636091e-07,-8.4978149406111925e-07,3.7088687905785025e-15,-7.3388058208223583e-07,8.8146222321228151e-07,1.3808246839911234e-13,1.9771939196999710e-06,4.4408920985006262e-16,2.6645352591003863e-15,train,2.13.1,10,7
h2o-v2-0702,H2O,0.901856128053,0.981945612045,116.325230337080,0.0000000000000000e+00,0.0000000000000000e+00,0.0000000000000000e+00,0.0000000000000000e+00,0.0000000000000000e+00,9.0185612805344761e-01,8.8010924628990250e-01,0.0000000000000000e+00,-4.3545941212684153e-01,full_domain_latin_hypercube,full-space CASCI analytic nuclear gradient,direct FCI,sto-3g,-74.9463538248974572,-74.9924657078271650,-74.9924657077784360,4.8729020818427671e-11,-2040.6489499146948674,0.8176344602728939,-4.3084324976571198e+00,-2.5805612362042349e-28,-9.2433242029303937e+00,2.2034137998350087e+00,1.4712255882371870e-28,8.0269842566545755e+00,2.1050186978221115e+00,1.1083495718355216e-28,1.2163399462758167e+00,-4.3084328545697339e+00,6.9724273108908526e-16,-9.2433235294222893e+00,2.2034155133724771e+00,-2.0719662358479102e-15,8.0269849301626799e+00,2.1050173411968522e+00,1.3747235047591546e-15,1.2163385992595765e+00,3.5691261413006714e-07,-6.9724273108934332e-16,-6.7350810439847919e-07,-1.7135374683618920e-06,2.0719662358480573e-15,-6.7350810439847919e-07,1.3566252592411843e-06,-1.3747235047590438e-15,1.3470162401052477e-06,1.7135374683618920e-06,4.0589778074008904e-13,3.3216410053604761e-06,1.6165091241761061e-15,4.4408920985006262e-16,validation,2.13.1,10,7
h2o-v2-0703,H2O,0.756062181720,0.976203213423,98.614920481468,0.0000000000000000e+00,0.0000000000000000e+00,0.0000000000000000e+00,0.0000000000000000e+00,0.0000000000000000e+00,7.5606218171954309e-01,9.6518910967966898e-01,0.0000000000000000e+00,-1.4622823411582128e-01,full_domain_latin_hypercube,full-space CASCI analytic nuclear gradient,direct FCI,sto-3g,-74.8622045337081232,-74.9032443363507099,-74.9032443363120706,3.8639313970634248e-11,-2038.2211127140521967,3.2454716609154914,-1.0343801055681316e+00,4.7855170020097054e-24,-3.1168759667654228e+01,-6.9326832683034756e-01,4.7855248906187577e-24,3.1973560442292897e+01,1.7276484323984791e+00,4.7855221296055894e-24,-8.0480077463866917e-01,-1.0343802146530869e+00,-2.6652976719544212e-15,-3.1168759495004679e+01,-6.9326803019028149e-01,-1.0394858834877290e-15,3.1973560614942446e+01,1.7276482448431878e+00,3.7047835554421443e-15,-8.0480111993775116e-01,1.0908495529093898e-07,2.6652976767399382e-15,-1.7264954976781155e-07,-2.9664006606644477e-07,1.0394858882732539e-15,-1.7264954976781155e-07,1.8755529129776960e-07,-3.7047835506566222e-15,3.4529908199409931e-07,3.4529908199409931e-07,1.8148964892536086e-13,5.8498317090371899e-07,1.1102230246251565e-15,3.3306690738754696e-16,validation,2.13.1,10,7
h2o-v2-0704,H2O,1.094274409589,1.202438493126,89.911844839385,0.0000000000000000e+00,0.0000000000000000e+00,0.0000000000000000e+00,0.0000000000000000e+00,0.0000000000000000e+00,1.0942744095888242e+00,1.2024370698696543e+00,0.0000000000000000e+00,1.8500684966635947e-03,full_domain_latin_hypercube,full-space CASCI analytic nuclear gradient,direct FCI,sto-3g,-74.9189902524262834,-75.0018411728462127,-75.0018411726415763,2.0463630789890885e-10,-2040.9040693145639125,0.5625150604038398,5.0469266876261054e+00,-1.1399040080443621e-27,2.5021751089643689e+00,-4.7220142010758476e-01,7.4882621428104546e-28,-2.0654108919808647e+00,-4.5747252675185202e+00,3.9088057853701135e-28,-4.3676421698350404e-01,5.0469270196858380e+00,-2.3212721696503622e-15,2.5021747446983813e+00,-4.7220208254582546e-01,1.9464428890879470e-16,-2.0654112562468523e+00,-4.5747249371401661e+00,2.1266278807416026e-15,-4.3676348845117818e-01,-3.3205973259953225e-07,2.3212721696492223e-15,3.6426598759575768e-07,6.6243824070610913e-07,-1.9464428890804588e-16,3.6426598759575768e-07,-3.3037835400762106e-07,-2.1266278807412117e-15,-7.2853232585545769e-07,7.2853232585545769e-07,3.8300370855837417e-13,1.6002920708579893e-06,9.0365607197660547e-16,4.4408920985006262e-16,train,2.13.1,10,7
h2o-v2-0705,H2O,0.982085398560,1.011363663171,116.132569073942,0.0000000000000000e+00,0.0000000000000000e+00,0.0000000000000000e+00,0.0000000000000000e+00,0.0000000000000000e+00,9.8208539855978139e-01,9.0797939217226575e-01,0.0000000000000000e+00,-4.4545469194140563e-01,full_domain_latin_hypercube,full-space CASCI analytic nuclear gradient,direct FCI,sto-3g,-74.9542832209599652,-75.0074278496479963,-75.0074278495356594,1.1233680652367184e-10,-2041.0560905348486358,0.4104938401190054,-3.3086793845887366e+00,-2.9582283945787943e-31,-3.7898086305572245e+00,2.2276043778467272e+00,-1.9721522630525295e-30,1.9107706106793374e+00,1.0810750067420096e+00,1.9721522630525295e-31,1.8790380198778869e+00,-3.3086796677061514e+00,5.8876790919101800e-16,-3.7898081515226494e+00,2.2276056491246354e+00,-2.1367242860123801e-15,1.9107710897139123e+00,1.0810740185813357e+00,1.5479563768213594e-15,1.8790370618083942e+00,2.8311741484543518e-07,-5.8876790919101829e-16,-4.7903457511822012e-07,-1.2712779082768577e-06,2.1367242860123781e-15,-4.7903457489617551e-07,9.8816067395368634e-07,-1.5479563768213592e-15,9.5806949262922103e-07,1.2712779082768577e-06,3.8735679738138397e-13,2.5585915641723744e-06,3.1401849173675503e-16,4.4408920985006262e-16,train,2.13.1,10,7
h2o-v2-0707,H2O,0.874700732134,1.212699250099,80.182830307185,0.0000000000000000e+00,0.0000000000000000e+00,0.0000000000000000e+00,0.0000000000000000e+00,0.0000000000000000e+00,8.7470073213414834e-01,1.1949415105945795e+00,0.0000000000000000e+00,2.0677102661675484e-01,full_domain_latin_hypercube,full-space CASCI analytic nuclear gradient,direct FCI,sto-3g,-74.8897991695155696,-74.9606162071297746,-74.9606162070702595,5.9515059547265992e-11,-2039.7822808494761375,1.6843035254914496,6.5914329605396595e+00,0.0000000000000000e+00,-1.0368381018463731e+01,-2.4823051731050816e+00,1.1832913578315177e-30,1.2896473562423918e+01,-4.1091277874345788e+00,-1.5777218104420236e-30,-2.5280925439601880e+00,6.5914303516366459e+00,-7.7116966321010948e-15,-1.0368378135830527e+01,-2.4823014517198594e+00,2.5320491868404420e-15,1.2896476445057122e+01,-4.1091288999169890e+00,5.1796474452600615e-15,-2.5280983092266713e+00,2.6089030136233760e-06,7.7116966321010948e-15,-2.8826332041376190e-06,-3.7213852221995580e-06,-2.5320491868404408e-15,-2.8826332041376190e-06,1.1124824101926833e-06,-5.1796474452600631e-15,5.7652664833263145e-06,5.7652664833263145e-06,2.1658854957060633e-13,9.9142255307604898e-06,1.9860273225978185e-15,8.8817841970012523e-16,test,2.13.1,10,7
h2o-v2-0708,H2O,0.896170912807,1.125892080367,86.604210821824,0.0000000000000000e+00,0.0000000000000000e+00,0.0000000000000000e+00,0.0000000000000000e+00,0.0000000000000000e+00,8.9617091280660044e-01,1.1239152208286134e+00,0.0000000000000000e+00,6.6689976934840328e-02,full_domain_latin_hypercube,full-space CASCI analytic nuclear gradient,direct FCI,sto-3g,-74.9278595955368303,-74.9899917010208128,-74.9899917009891510,3.1661784305470064e-11,-2040.5816287599118368,0.8849556150557478,4.8666936485980772e+00,2.5006890695506074e-28,-8.6867485089730927e+00,-1.6570252939294621e+00,-1.9405978268436890e-28,1.0198455573046047e+01,-3.2096683546686156e+00,-5.6958222547285868e-29,-1.5117070640729540e+00,4.8666934525269170e+00,2.0454224925828935e-15,-8.6867482801060145e+00,-1.6570249425284174e+00,-1.9714530366614365e-15,1.0198455801913125e+01,-3.2096685099987652e+00,-7.3969455921536829e-17,-1.5117075218074330e+00,1.9607116019670912e-07,-2.0454224925826434e-15,-2.2886707817804108e-07,-3.5140104470698930e-07,1.9714530366612424e-15,-2.2886707817804108e-07,1.5533014963153846e-07,7.3969455921479871e-17,4.5773447898689312e-07,4.5773447898689312e-07,4.1752752898131180e-13,8.1901114357130211e-07,6.2803698347351007e-16,8.8817841970012523e-16,train,2.13.1,10,7
h2o-v2-0709,H2O,1.079973881365,1.188722688279,109.854847984286,0.0000000000000000e+00,0.0000000000000000e+00,0.0000000000000000e+00,0.0000000000000000e+00,0.0000000000000000e+00,1.0799738813650532e+00,1.1180603418756909e+00,0.0000000000000000e+00,-4.0373593047218514e-01,full_domain_latin_hypercube,full-space CASCI analytic nuclear gradient,direct FCI,sto-3g,-74.9202385292816047,-74.9969861397569417,-74.9969861395733943,1.8354739950154908e-10,-2040.7719571339346203,0.6946272410330434,2.2691927544478627e+00,0.0000000000000000e+00,-1.0910000638736415e+00,1.6041602698589863e+00,5.9164567891575885e-31,-1.8571976825530774e+00,-3.8733530243068488e+00,-5.4234187233944562e-31,2.9481977464267186e+00,2.2691915704860186e+00,1.2448161710187859e-15,-1.0909981063662699e+00,1.6041647583731109e+00,-1.4287567968149636e-15,-1.8571957250457058e+00,-3.8733563288592023e+00,1.8394062579620079e-16,2.9481938314120502e+00,1.1839618441200628e-06,-1.2448161710187859e-15,-1.9575073715305535e-06,-4.4885141246009397e-06,1.4287567968149642e-15,-1.9575073715305535e-06,3.3045523535335519e-06,-1.8394062579620133e-16,3.9150146684541198e-06,4.4885141246009397e-06,1.0426170569267292e-13,1.0558867222676405e-05,4.4408920985006262e-16,1.1102230246251565e-16,train,2.13.1,10,7
h2o-v2-0710,H2O,0.760293291894,0.941321953969,82.785906472643,0.0000000000000000e+00,0.0000000000000000e+00,0.0000000000000000e+00,0.0000000000000000e+00,0.0000000000000000e+00,7.6029329189368822e-01,9.3387030067604249e-01,0.0000000000000000e+00,1.1820863986405926e-01,full_domain_latin_hypercube,full-space CASCI analytic nuclear gradient,direct FCI,sto-3g,-74.8424014626496046,-74.8845615622818315,-74.8845615622487344,3.3097080631705467e-11,-2037.7127285327173922,3.7538558422502710,-1.6112593072305270e+00,-3.9443045261050590e-31,-2.8805792163355516e+01,-4.4594017505858545e+00,-7.8886090522101181e-31,3.1667911933278912e+01,6.0706610578163813e+00,-3.9443045261050590e-31,-2.8621197699233973e+00,-1.6112606875808140e+00,5.6476351728614877e-16,-2.8805790696007534e+01,-4.4593995470930521e+00,-3.3120997056460711e-15,3.1667913400626894e+01,6.0706602346737162e+00,2.7473361883596179e-15,-2.8621227046195470e+00,1.3803502869613737e-06,-5.6476351728614916e-16,-1.4673479817872703e-06,-2.2034928024439182e-06,3.3120997056460703e-15,-1.4673479817872703e-06,8.2314266514060819e-07,-2.7473361883596183e-15,2.9346961496479196e-06,2.9346961496479196e-06,2.4010733573833597e-13,4.3186237825842966e-06,1.3322676295501878e-15,6.6613381477509392e-16,train,2.13.1,10,7
h2o-v2-0712,H2O,0.869161551530,1.171689782678,93.689516187847,0.0000000000000000e+00,0.0000000000000000e+00,0.0000000000000000e+00,0.0000000000000000e+00,0.0000000000000000e+00,8.6916155152958374e-01,1.1692613495623583e+00,0.0000000000000000e+00,-7.5397899514995897e-02,full_domain_latin_hypercube,full-space CASCI analytic nuclear gradient,direct FCI,sto-3g,-74.9128272356589378,-74.9758553205997771,-74.9758553205507781,4.8999027058016509e-11,-2040.1969582521549000,1.2696261228127730,5.1175127485206113e+00,-1.1832913578315177e-30,-1.3129129015060220e+01,-4.3947998967432056e-01,9.8607613152626476e-31,1.3154157864105082e+01,-4.6780327588462907e+00,-3.9443045261050590e-31,-2.5028849044860395e-02,5.1175128339344065e+00,1.2184433501649567e-15,-1.3129129140879952e+01,-4.3948018484184886e-01,7.7552614481402624e-16,1.3154157738285351e+01,-4.6780326490926685e+00,-1.9939694949789564e-15,-2.5028597405537659e-02,-8.5413795147815108e-08,-1.2184433501649578e-15,1.2581973152236969e-07,1.9516752830517348e-07,-7.7552614481402526e-16,1.2581973152236969e-07,-1.0975362219056706e-07,1.9939694949789560e-15,-2.5163932273683520e-07,2.5163932273683520e-07,1.7781994665104977e-13,4.7213946308133359e-07,1.4051260155412137e-15,8.8817841970012523e-16,train,2.13.1,10,7
h2o-v2-0720,H2O,1.169919850850,1.202938177606,101.113013809252,0.0000000000000000e+00,0.0000000000000000e+00,0.0000000000000000e+00,0.0000000000000000e+00,0.0000000000000000e+00,1.1699198508503477e+00,1.1803817760913493e+00,0.0000000000000000e+00,-2.3186013416177059e-01,full_domain_latin_hypercube,full-space CASCI analytic nuclear gradient,direct FCI,sto-3g,-74.9039822583033725,-74.9916080772741935,-74.9916080769246491,3.4954439342982369e-10,-2040.6256125984614300,0.8409717765061616,3.6911949123803334e+00,9.8607613152626476e-32,2.4853886968489114e+00,7.1701080648167970e-01,0.0000000000000000e+00,-4.0619399304060355e+00,-4.4082057188620132e+00,0.0000000000000000e+00,1.5765512335571237e+00,3.6911944879068090e+00,6.2399064907710619e-16,2.4853892309734977e+00,7.1701197017991214e-01,1.6898432316503756e-15,-4.0619393962814492e+00,-4.4082064580867710e+00,-2.3138338807274848e-15,1.5765501653078400e+00,4.2447352432972707e-07,-6.2399064907710610e-16,-5.3412458633772530e-07,-1.1636982324425560e-06,-1.6898432316503756e-15,-5.3412458633772530e-07,7.3922475785082042e-07,2.3138338807274848e-15,1.0682492836977531e-06,1.1636982324425560e-06,1.2205992082264488e-13,2.7937723725557362e-06,4.4408920985006262e-16,6.6613381477509392e-16,train,2.13.1,10,7
h2o-v2-0722,H2O,0.928347680445,0.933894345705,88.425929516525,0.0000000000000000e+00,0.0000000000000000e+00,0.0000000000000000e+00,0.0000000000000000e+00,0.0000000000000000e+00,9.2834768044523186e-01,9.3354193952098341e-01,0.0000000000000000e+00,2.5653383687936942e-02,full_domain_latin_hypercube,full-space CASCI analytic nuclear gradient,direct FCI,sto-3g,-74.9487803885029962,-74.9981395770192023,-74.9981395769820978,3.7104541661392432e-11,-2040.8033437607884935,0.6632406141791558,-4.3163416282991482e+00,-7.8886090522101181e-31,-4.9314973523260663e+00,-1.9104018906455038e+00,0.0000000000000000e+00,6.6601611166012260e+00,6.2267435189446525e+00,0.0000000000000000e+00,-1.7286637642751597e+00,-4.3163417782229789e+00,3.3644888384579432e-15,-4.9314972056174406e+00,-1.9104016028923889e+00,-1.4180581282928397e-15,6.6601612633098517e+00,6.2267433811153152e+00,-1.9464307101652165e-15,-1.7286640576923542e+00,1.4992383068346271e-07,-3.3644888384579440e-15,-1.4670862569232668e-07,-2.8775311489148692e-07,1.4180581282928397e-15,-1.4670862569232668e-07,1.3782933727668478e-07,1.9464307101652165e-15,2.9341719454123449e-07,2.9341719454123449e-07,7.7312347518747650e-14,5.3751643891430945e-07,8.8817841970012523e-16,6.6613381477509392e-16,train,2.13.1,10,7
h2o-v2-0723,H2O,0.758503399985,1.030127177055,88.264936482161,0.0000000000000000e+00,0.0000000000000000e+00,0.0000000000000000e+00,0.0000000000000000e+00,0.0000000000000000e+00,7.5850339998521943e-01,1.0296548822680007e+00,0.0000000000000000e+00,3.1190131920037199e-02,full_domain_latin_hypercube,full-space CASCI analytic nuclear gradient,direct FCI,sto-3g,-74.8526119571319271,-74.8994454322848782,-74.8994454321950371,8.9841023509507068e-11,-2038.1177392682054688,3.3488451067622926,2.8275754774935908e+00,1.5777218104420236e-30,-3.0202300810800999e+01,-2.5019296935278916e+00,0.0000000000000000e+00,3.2055231483866457e+01,-3.2564578396569910e-01,-1.9721522630525295e-31,-1.8529306730654549e+00,2.8275738099084848e+00,-9.6760173653545104e-15,-3.0202298636492809e+01,-2.5019265559491379e+00,1.0998291430246382e-14,3.2055233658174643e+01,-3.2564725395947614e-01,-1.3222740648919749e-15,-1.8529350216817875e+00,1.6675851060021785e-06,9.6760173653545120e-15,-2.1743081894953775e-06,-3.1375787536980226e-06,-1.0998291430246382e-14,-2.1743081859426638e-06,1.4699937770368265e-06,1.3222740648919747e-15,4.3486163325834326e-06,4.3486163325834326e-06,1.3723506281731626e-13,6.8115889402253771e-06,3.3325189318763902e-15,2.6645352591003757e-15,train,2.13.1,10,7
h2o-v2-0725,H2O,0.977010298254,1.227948327163,86.363855232152,0.0000000000000000e+00,0.0000000000000000e+00,0.0000000000000000e+00,0.0000000000000000e+00,0.0000000000000000e+00,9.7701029825404118e-01,1.2254763674002809e+00,0.0000000000000000e+00,7.7876614754368079e-02,full_domain_latin_hypercube,full-space CASCI analytic nuclear gradient,direct FCI,sto-3g,-74.9164595824070290,-74.9937055845464187,-74.9937055843987537,1.4766499134566402e-10,-2040.6826886789997388,0.7838956959678749,5.9502863575798806e+00,2.3665827156630354e-30,-2.3998901189947119e+00,-1.1098595243658436e+00,1.5777218104420236e-30,3.5923245710418548e+00,-4.8404268332140372e+00,-3.1554436208840472e-30,-1.1924344520471426e+00,5.9502833368919461e+00,4.8802047911238056e-15,-2.3998866098208489e+00,-1.1098541519934995e+00,3.1738658415860123e-15,3.5923280802157178e+00,-4.8404291848986629e+00,-8.0540706327098132e-15,-1.1924414703948825e+00,3.0206879344518711e-06,-4.8802047911238032e-15,-3.5091738630477209e-06,-5.3723723441034821e-06,-3.1738658415860108e-15,-3.5091738630477209e-06,2.3516846257010116e-06,8.0540706327098100e-15,7.0183477398622074e-06,7.0183477398622074e-06,2.1625195272335921e-13,1.3666541232471019e-05,2.2204460492503131e-16,4.3111596418579770e-30,train,2.13.1,10,7
h2o-v2-0726,H2O,0.791083751026,1.038972956988,89.999290127528,0.0000000000000000e+00,0.0000000000000000e+00,0.0000000000000000e+00,0.0000000000000000e+00,0.0000000000000000e+00,7.9108375102559247e-01,1.0389729569082786e+00,0.0000000000000000e+00,1.2872471721768455e-05,full_domain_latin_hypercube,full-space CASCI analytic nuclear gradient,direct FCI,sto-3g,-74.8865297092996656,-74.9351600704588634,-74.9351600703516993,1.0716405540733831e-10,-2039.0895840821933689,2.3770002927742726,2.7137466825131833e+00,1.3568407569801403e-27,-2.3570061877512369e+01,-1.8946757211199341e+00,-1.0235470245242628e-27,2.5012695884434635e+01,-8.1907096139324909e-01,-3.3368816290848799e-28,-1.4426340069222650e+00,2.7137449865982259e+00,-1.1831409205064639e-15,-2.3570059650212130e+01,-1.8946723293729297e+00,2.5131733575453804e-15,2.5012698111734874e+01,-8.1907265722542033e-01,-1.3300324370389347e-15,-1.4426384615228802e+00,1.6959149573558818e-06,1.1831409205078207e-15,-2.2273002393546903e-06,-3.3917470043665077e-06,-2.5131733575464039e-15,-2.2273002393546903e-06,1.6958321712445823e-06,1.3300324370386010e-15,4.4546006152668127e-06,4.4546006152668127e-06,1.8421005639255308e-13,7.3113436718230673e-06,4.5775667985222375e-16,8.8817841970012523e-16,train,2.13.1,10,7
h2o-v2-0727,H2O,0.765396098203,1.084734995576,124.213572531719,0.0000000000000000e+00,0.0000000000000000e+00,0.0000000000000000e+00,0.0000000000000000e+00,0.0000000000000000e+00,7.6539609820319288e-01,8.9701878617194097e-01,0.0000000000000000e+00,-6.0992401812264718e-01,full_domain_latin_hypercube,full-space CASCI analytic nuclear gradient,direct FCI,sto-3g,-74.8433429927411709,-74.8889457790418902,-74.8889457788356196,2.0627055619115708e-10,-2037.8320291483614710,3.6345552266061785,-1.0683908042586099e+00,-1.5777218104420236e-30,-3.3229019341461154e+01,3.2160193798508834e+00,3.1554436208840472e-30,2.9024626977017327e+01,-2.1476285755922735e+00,-1.5777218104420236e-30,4.2043923644438239e+00,-1.0683903625232025e+00,-5.6083076609187723e-15,-3.3229021890118140e+01,3.2160132975352962e+00,3.6445644218063047e-15,2.9024624428360337e+01,-2.1476229350122336e+00,1.9637432391126554e-15,4.2043974617577469e+00,-4.4173540736380801e-07,5.6083076609187708e-15,2.5486569867894104e-06,6.0823155871858603e-06,-3.6445644218063015e-15,2.5486569903421241e-06,-5.6405800399339512e-06,-1.9637432391126570e-15,-5.0973139229526510e-06,6.0823155871858603e-06,1.5099620888593193e-13,1.2668092219891847e-05,2.6645352591003757e-15,1.5543122344752192e-15,train,2.13.1,10,7
h2o-v2-0728,H2O,0.766144693722,1.233888389553,86.147000208496,0.0000000000000000e+00,0.0000000000000000e+00,0.0000000000000000e+00,0.0000000000000000e+00,0.0000000000000000e+00,7.6614469372170102e-01,1.2310994768714958e+00,0.0000000000000000e+00,8.2913424247058776e-02,full_domain_latin_hypercube,full-space CASCI analytic nuclear gradient,direct FCI,sto-3g,-74.8144589210665316,-74.8800995162658438,-74.8800995162198859,4.5957904148963280e-11,-2037.5913100751290585,3.8752742998386829,6.9912337557320203e+00,2.3781052499460391e-22,-2.9436764494106715e+01,-1.7578327124536197e+00,2.3781052598068004e-22,3.0883173528881223e+01,-5.2334010432784002e+00,-4.7562105117249918e-22,-1.4464090347745109e+00,6.9912330170881036e+00,-5.7372530012953117e-16,-2.9436763423103407e+01,-1.7578314515591142e+00,-2.3144770833366732e-15,3.0883174599884530e+01,-5.2334015655290180e+00,2.8882023834664475e-15,-1.4464111767813914e+00,7.3864391669786755e-07,5.7372553794005617e-16,-1.0710033073735303e-06,-1.2608945054726206e-06,2.3144773211471992e-15,-1.0710033073735303e-06,5.2225061786259630e-07,-2.8882028590874987e-15,2.1420068805344528e-06,2.1420068805344528e-06,2.7039390024748670e-13,3.5597494942862795e-06,3.1086244689504383e-15,2.6645352591004439e-15,train,2.13.1,10,7
h2o-v2-0733,H2O,0.755643242916,0.843867156419,107.645138479143,0.0000000000000000e+00,0.0000000000000000e+00,0.0000000000000000e+00,0.0000000000000000e+00,0.0000000000000000e+00,7.5564324291572216e-01,8.0416502984835037e-01,0.0000000000000000e+00,-2.5579363254575405e-01,full_domain_latin_hypercube,full-space CASCI analytic nuclear gradient,direct FCI,sto-3g,-74.8365980718278649,-74.8691078645570798,-74.8691078643400800,2.1699975150113460e-10,-2037.2922119950003434,4.1743723799672354,-1.3647497283380154e+01,-1.7749370367472766e-30,-2.6806393682143266e+01,2.2576824196962791e-01,7.8886090522101181e-31,3.0863511884178472e+01,1.3421729041410526e+01,1.9721522630525295e-31,-4.0571182020352081e+00,-1.3647500088256367e+01,1.5200688859335832e-15,-2.6806389169619301e+01,2.2577815783414351e-01,-2.9661805472249221e-15,3.0863516396702437e+01,1.3421721930422256e+01,1.4461116612915393e-15,-4.0571272270832974e+00,2.8048762121812842e-06,-1.5200688859335850e-15,-4.5125239651611082e-06,-9.9158645155972280e-06,2.9661805472249229e-15,-4.5125239651611082e-06,7.1109882693320969e-06,-1.4461116612915391e-15,9.0250480893061535e-06,9.9158645155972280e-06,1.6513432039306650e-13,1.6569429556412274e-05,2.6645352591003757e-15,1.3322676295501878e-15,test,2.13.1,10,7
h2o-v2-0734,H2O,0.818625265522,0.919492667595,95.443107485343,0.0000000000000000e+00,0.0000000000000000e+00,0.0000000000000000e+00,0.0000000000000000e+00,0.0000000000000000e+00,8.1862526552187165e-01,9.1534656371086831e-01,0.0000000000000000e+00,-8.7220605729961528e-02,full_domain_latin_hypercube,full-space CASCI analytic nuclear gradient,direct FCI,sto-3g,-74.9102045934177738,-74.9512598642014183,-74.9512598641812389,2.0179413695586845e-11,-2039.5276817882026990,1.9389025867648713,-5.2388623000735555e+00,-3.8105641247914190e-23,-1.7681231654345716e+01,-1.2536352954297834e+00,-3.8105583266637657e-23,1.9421050388260745e+01,6.4924975955033384e+00,-3.8105613637782508e-23,-1.7398187339150302e+00,-5.2388632854665724e+00,-1.0894649796596728e-15,-1.7681230421135091e+01,-1.2536329721172150e+00,-2.5237903801237051e-15,1.9421051621471371e+01,6.4924962575835705e+00,3.6132553597833961e-15,-1.7398212003364779e+00,9.8539301696121129e-07,1.0894649415540316e-15,-1.2332106251733421e-06,-2.3233125683308486e-06,2.5237903420181218e-15,-1.2332106251733421e-06,1.3379197678631272e-06,-3.6132553978890097e-15,2.4664214477443380e-06,2.4664214477443380e-06,2.9343990546932821e-13,4.2762469305568374e-06,9.9301366129891576e-16,4.4408920985006262e-16,train,2.13.1,10,7
h2o-v2-0735,H2O,0.808625658646,1.017517204219,107.558116103465,0.0000000000000000e+00,0.0000000000000000e+00,0.0000000000000000e+00,0.0000000000000000e+00,0.0000000000000000e+00,8.0862565864621183e-01,9.7011255213694902e-01,0.0000000000000000e+00,-3.0695748413714852e-01,full_domain_latin_hypercube,full-space CASCI analytic nuclear gradient,direct FCI,sto-3g,-74.9085774831128504,-74.9533366412717328,-74.9533366411856292,8.6103568719408941e-11,-2039.5841937712100389,1.8823906037577318,-6.8287797287309959e-01,-5.9164567891575885e-31,-2.2007728781996789e+01,1.1032436662814888e+00,1.9721522630525295e-31,2.0955123566539083e+01,-4.2036569340838920e-01,4.9303806576313238e-31,1.0526052154577050e+00,-6.8287786228609015e-01,1.1485037381673696e-15,-2.2007728995847096e+01,1.1032432421114737e+00,-6.1418456500686942e-16,2.0955123352688776e+01,-4.2036537982550759e-01,-5.3431917316056207e-16,1.0526056431582766e+00,-1.1058700943866739e-07,-1.1485037381673702e-15,2.1385030635201474e-07,4.2417001511196872e-07,6.1418456500686962e-16,2.1385030635201474e-07,-3.1358288160587833e-07,5.3431917316056256e-16,-4.2770057162577757e-07,4.2770057162577757e-07,1.3113538731584864e-13,8.5416905604152049e-07,1.5553031891404223e-15,6.1062266354383610e-16,train,2.13.1,10,7
h2o-v2-0738,H2O,0.845292640921,1.008173355610,129.545698963435,0.0000000000000000e+00,0.0000000000000000e+00,0.0000000000000000e+00,0.0000000000000000e+00,0.0000000000000000e+00,8.4529264092078615e-01,7.7741961717080688e-01,0.0000000000000000e+00,-6.4189738572464472e-01,full_domain_latin_hypercube,full-space CASCI analytic nuclear gradient,direct FCI,sto-3g,-74.9054268177931277,-74.9487849900469740,-74.9487849899709317,7.6042283581045922e-11,-2039.4603370316760902,2.0062473432916668,-4.5592394177024911e+00,-4.9717958551554269e-28,-1.6915736592627844e+01,3.4581874382153983e+00,2.8990638266872184e-28,1.4064743440005222e+01,1.1010519794870928e+00,2.0786484852573661e-28,2.8509931526226242e+00,-4.5592393934860347e+00,-6.7839920659493523e-16,-1.6915736685188779e+01,3.4581871605061218e+00,-1.8899654899570842e-15,1.4064743347444287e+01,1.1010522329795767e+00,2.5683646965520524e-15,2.8509933377442063e+00,-2.4216456395720343e-08,6.7839920659443805e-16,9.2560934916718907e-08,2.7770927646386667e-07,1.8899654899573741e-15,9.2560934916718907e-08,-2.5349248389261447e-07,-2.5683646965518445e-15,-1.8512158206362983e-07,2.7770927646386667e-07,4.4165648726430108e-13,5.4137897143036184e-07,1.3322676295501878e-15,8.8817841970012523e-16,train,2.13.1,10,7
h2o-v2-0739,H2O,0.766945701948,0.980709561493,86.803111403489,0.0000000000000000e+00,0.0000000000000000e+00,0.0000000000000000e+00,0.0000000000000000e+00,0.0000000000000000e+00,7.6694570194819822e-01,9.7918337544160827e-01,0.0000000000000000e+00,5.4691509959998594e-02,full_domain_latin_hypercube,full-space CASCI analytic nuclear gradient,direct FCI,sto-3g,-74.8611783110496845,-74.9052964450628735,-74.9052964450109897,5.1883830565202516e-11,-2038.2769534368376299,3.1896309381300489,4.8912577772803723e-01,-1.9721522630525295e-31,-2.7747591149955252e+01,-3.0948864990465839e+00,1.9721522630525295e-31,3.0026119325550251e+01,2.6057607213185467e+00,-3.9443045261050590e-31,-2.2785281755949969e+00,4.8912443574903908e-01,1.0664399837883712e-15,-2.7747589550656279e+01,-3.0948840830712530e+00,3.5548212209528889e-16,3.0026120924849224e+01,2.6057596473222704e+00,-1.4219221058835963e-15,-2.2785313741929216e+00,1.3419789981483632e-06,-1.0664399837883714e-15,-1.5992989723656592e-06,-2.4159753309049847e-06,-3.5548212209528869e-16,-1.5992989723656592e-06,1.0739962763572919e-06,1.4219221058835959e-15,3.1985979247473040e-06,3.1985979247473040e-06,6.0776979101444220e-14,4.9261973229519640e-06,2.6645352591003757e-15,2.2204460492503131e-15,train,2.13.1,10,7
h2o-v2-0741,H2O,0.924957524298,1.181398536576,99.856218619896,0.0000000000000000e+00,0.0000000000000000e+00,0.0000000000000000e+00,0.0000000000000000e+00,0.0000000000000000e+00,9.2495752429786338e-01,1.1639615839776325e+00,0.0000000000000000e+00,-2.0222742951777115e-01,full_domain_latin_hypercube,full-space CASCI analytic nuclear gradient,direct FCI,sto-3g,-74.9283883493405369,-74.9944383993609591,-74.9944383992715871,8.9372065303905401e-11,-2040.7026295859650418,0.7639547890026324,4.1936935705647524e+00,-3.9443045261050590e-31,-8.4463966135200526e+00,5.3361744416015322e-01,-1.9721522630525295e-31,7.2010243907034210e+00,-4.7273110147249060e+00,3.9443045261050590e-31,1.2453722228166322e+00,4.1936938717084153e+00,1.7917934032224535e-15,-8.4463970985140531e+00,5.3361658908321286e-01,-5.9949414684243419e-16,7.2010239057094214e+00,-4.7273104607917746e+00,-1.1922992563794673e-15,1.2453731928044336e+00,-3.0114366289524241e-07,-1.7917934032224539e-15,4.8499400051582597e-07,8.5507694036479620e-07,5.9949414684243400e-16,4.8499399962764755e-07,-5.5393313136420375e-07,1.1922992563794677e-15,-9.6998780141355212e-07,9.6998780141355212e-07,2.4638588048095969e-13,2.0319589024708762e-06,6.6613381477509392e-16,1.3322676295501878e-15,train,2.13.1,10,7
h2o-v2-0742,H2O,0.868660609461,1.003260885307,119.674388904146,0.0000000000000000e+00,0.0000000000000000e+00,0.0000000000000000e+00,0.0000000000000000e+00,0.0000000000000000e+00,8.6866060946108825e-01,8.7168612630443365e-01,0.0000000000000000e+00,-4.9668471004881903e-01,full_domain_latin_hypercube,full-space CASCI analytic nuclear gradient,direct FCI,sto-3g,-74.9311417886326865,-74.9764512668681391,-74.9764512667964027,7.1736394602339715e-11,-2040.2131747762450686,1.2534095987225191,-3.5719206761167825e+00,3.0765575303619460e-29,-1.3635147720571815e+01,2.5989460277549905e+00,-1.8932661725304283e-29,1.1599620991653781e+01,9.7297464836179182e-01,-1.1635698352009924e-29,2.0355267289180339e+00,-3.5719208129697955e+00,-2.7231142101489652e-15,-1.3635147399871427e+01,2.5989468496638524e+00,4.2097785322714396e-15,1.1599621312354170e+01,9.7297396330576513e-01,-1.4866643221225103e-15,2.0355260875172108e+00,1.3685301292198915e-07,2.7231142101489959e-15,-3.2070038891163222e-07,-8.2190886185884438e-07,-4.2097785322714585e-15,-3.2070038891163222e-07,6.8505602668356147e-07,1.4866643221224987e-15,6.4140082312036384e-07,8.2190886185884438e-07,1.8375291185192372e-13,1.6133169147281023e-06,4.9650683064945462e-16,6.6613381477509392e-16,train,2.13.1,10,7
h2o-v2-0743,H2O,0.824672384995,1.227244131479,83.256427768539,0.0000000000000000e+00,0.0000000000000000e+00,0.0000000000000000e+00,0.0000000000000000e+00,0.0000000000000000e+00,8.2467238499489770e-01,1.2187536107492545e+00,0.0000000000000000e+00,1.4411035540975395e-01,full_domain_latin_hypercube,full-space CASCI analytic nuclear gradient,direct FCI,sto-3g,-74.8635436015152607,-74.9322401179869075,-74.9322401179256303,6.1277205531951040e-11,-2039.0101281276590726,2.4564562473085911,6.8240042503247720e+00,0.0000000000000000e+00,-1.7770667361767455e+01,-2.0805293460307026e+00,7.8886090522101181e-31,1.9739349900236434e+01,-4.7434749042940698e+00,-1.9721522630525295e-30,-1.9686825384689819e+00,6.8240025083656981e+00,-3.8359508317231375e-15,-1.7770665170338116e+01,-2.0805266394829092e+00,1.1931156721207105e-15,1.9739352091665772e+01,-4.7434758688827392e+00,2.6428351596022085e-15,-1.9686869213276972e+00,1.7419590738754209e-06,3.8359508317231375e-15,-2.1914293384384109e-06,-2.7065477934407056e-06,-1.1931156721207097e-15,-2.1914293384384109e-06,9.6458866938320398e-07,-2.6428351596022104e-15,4.3828587152905385e-06,4.3828587152905385e-06,6.4649689025448735e-14,7.4346328595709110e-06,2.8865798640254070e-15,1.7763568394002505e-15,train,2.13.1,10,7
h2o-v2-0744,H2O,1.008430919834,1.017464473384,110.174495630289,0.0000000000000000e+00,0.0000000000000000e+00,0.0000000000000000e+00,0.0000000000000000e+00,0.0000000000000000e+00,1.0084309198340391e+00,9.5503960332681392e-01,0.0000000000000000e+00,-3.5090356321483285e-01,full_domain_latin_hypercube,full-space CASCI analytic nuclear gradient,direct FCI,sto-3g,-74.9597512535331845,-75.0159304506405107,-75.0159304505175299,1.2298073670535814e-10,-2041.2874580945515390,0.1791262804161743,-2.2356061501822921e+00,1.5230245618567143e-24,-2.0486714247490787e+00,1.5926738789259327e+00,1.5230166732476621e-24,6.0318753589001239e-01,6.4293227125635932e-01,1.5230194342608304e-24,1.4454838888590666e+00,-2.2356062689072562e+00,2.3703788554622661e-15,-2.0486712523046138e+00,1.5926743064558424e+00,5.6749987515288211e-16,6.0318770833447755e-01,6.4293196245116457e-01,-2.9378787306154166e-15,1.4454835439700904e+00,1.1872496408216193e-07,-2.3703788539392415e-15,-1.7244446492981069e-07,-4.2752990969674443e-07,-5.6749987362986543e-16,-1.7244446515185530e-07,3.0880519474862922e-07,2.9378787321384360e-15,3.4488897626694381e-07,4.2752990969674443e-07,2.5344767357964487e-13,8.6887789452205766e-07,4.5775667985222375e-16,3.3878216906611090e-30,train,2.13.1,10,7
h2o-v2-0745,H2O,0.766826288569,1.170275153629,89.311570638263,0.0000000000000000e+00,0.0000000000000000e+00,0.0000000000000000e+00,0.0000000000000000e+00,0.0000000000000000e+00,7.6682628856890611e-01,1.1701906790052063e+00,0.0000000000000000e+00,1.4060937801808573e-02,full_domain_latin_hypercube,full-space CASCI analytic nuclear gradient,direct FCI,sto-3g,-74.8366185386807388,-74.8951847263525536,-74.8951847263353727,1.7180923350679222e-11,-2038.0017995534003603,3.4647848215673478,6.1587795775804954e+00,-9.8607613152626476e-31,-2.9471949998821479e+01,-1.4845688918793389e+00,3.9443045261050590e-31,3.0500953443142645e+01,-4.6742106857011567e+00,7.8886090522101181e-31,-1.0290034443211651e+00,6.1587799293613656e+00,-1.2192304553077952e-15,-2.9471950525979267e+01,-1.4845695764383346e+00,-1.6634001335527202e-15,3.0500952915984858e+01,-4.6742103529231693e+00,2.8826305888603531e-15,-1.0290023900057170e+00,-3.5178087021137117e-07,1.2192304553077942e-15,5.2715778764422794e-07,6.8455899571162604e-07,1.6634001335527206e-15,5.2715778764422794e-07,-3.3277798738851061e-07,-2.8826305888603523e-15,-1.0543154480568973e-06,1.0543154480568973e-06,1.8751098290610150e-13,1.7540087866585452e-06,8.8817841970012523e-16,2.8865798640254070e-15,train,2.13.1,10,7
h2o-v2-0746,H2O,1.137285575070,1.153202835360,107.861167639033,0.0000000000000000e+00,0.0000000000000000e+00,0.0000000000000000e+00,0.0000000000000000e+00,0.0000000000000000e+00,1.1372855750697921e+00,1.0976213382886966e+00,0.0000000000000000e+00,-3.5370068873950955e-01,full_domain_latin_hypercube,full-space CASCI analytic nuclear gradient,direct FCI,sto-3g,-74.9202981259974763,-74.9988858733134691,-74.9988858731930463,1.2042278285662178e-10,-2040.8236515175058230,0.6429328574619121,1.9593196884095749e+00,-1.3706458228215080e-28,1.0687106387281120e+00,1.3512606124462292e+00,7.6026469740675013e-29,-3.5356121472727953e+00,-3.3105803008558041e+00,6.1531150607238921e-29,2.4669015085446833e+00,1.9593193097543924e+00,1.2375805059821115e-15,1.0687111691363911e+00,1.3512618825173262e+00,7.7061594733286456e-16,-3.5356116168645162e+00,-3.3105811922719268e+00,-2.0081964533147864e-15,2.4669004477280447e+00,3.7865518254243113e-07,-1.2375805059822486e-15,-5.3040827907580024e-07,-1.2700710969593132e-06,-7.7061594733278853e-16,-5.3040827907580024e-07,8.9141612269472148e-07,2.0081964533148480e-15,1.0608166385317475e-06,1.2700710969593132e-06,2.2325014316303616e-13,2.9241030378712729e-06,4.9303806576313238e-31,1.1102230246251565e-16,train,2.13.1,10,7
h2o-v2-0749,H2O,0.842438351345,0.891524776324,120.111194478406,0.0000000000000000e+00,0.0000000000000000e+00,0.0000000000000000e+00,0.0000000000000000e+00,0.0000000000000000e+00,8.4243835134522227e-01,7.7121655555784596e-01,0.0000000000000000e+00,-4.4725993698719790e-01,full_domain_latin_hypercube,full-space CASCI analytic nuclear gradient,direct FCI,sto-3g,-74.9119073216941587,-74.9492043087086870,-74.9492043087028037,5.8832938520936295e-12,-2039.4717472737399930,1.9948371012276445,-1.0281684279740730e+01,-2.5464280058076179e-22,-1.2091107965806101e+01,2.2565608341710184e+00,-2.5464278283139142e-22,1.4280250309242385e+01,8.0251234455697116e+00,-2.5464279663645726e-22,-2.1891423434362829e+00,-1.0281684641080593e+01,-6.7360596735430111e-15,-1.2091107260627808e+01,2.2565627837354860e+00,-3.1384943047921997e-15,1.4280251014420678e+01,8.0251218573449101e+00,9.8745539783348601e-15,-2.1891437537928238e+00,3.6133986291986275e-07,6.7360594189002105e-15,-7.0517829264815646e-07,-1.9495644676403856e-06,3.1384940501494169e-15,-7.0517829264815646e-07,1.5882248014520428e-06,-9.8745542329776568e-15,1.4103565408873919e-06,1.9495644676403856e-06,2.0241165279890577e-13,3.4404275517374572e-06,1.3322676295504070e-15,4.4408920985006262e-16,train,2.13.1,10,7
h2o-v2-0750,H2O,0.806713353534,0.978958262599,83.001258569507,0.0000000000000000e+00,0.0000000000000000e+00,0.0000000000000000e+00,0.0000000000000000e+00,0.0000000000000000e+00,8.0671335353360329e-01,9.7166387660096065e-01,0.0000000000000000e+00,1.1928365696742879e-01,full_domain_latin_hypercube,full-space CASCI analytic nuclear gradient,direct FCI,sto-3g,-74.8898323744385692,-74.9366018657740938,-74.9366018657152182,5.8875571085081901e-11,-2039.1288173314037522,2.3377670435638835,3.1130844503424299e-01,-7.2016229064667961e-23,-1.9655146175699098e+01,-3.6902551120011906e+00,-7.2016205398840804e-23,2.2304133159415411e+01,3.3789466669669479e+00,-7.2016218809476193e-23,-2.6489869837163154e+00,3.1130625437239451e-01,3.1485207708777766e-15,-1.9655143877001642e+01,-3.6902515772573494e+00,-8.7437850143537227e-15,2.2304135458112867e+01,3.3789453228850217e+00,5.5952642434762214e-15,-2.6489915811113365e+00,2.1906618484779372e-06,-3.1485208428940056e-15,-2.2986974563821150e-06,-3.5347438411825749e-06,8.7437849423375173e-15,-2.2986974563821150e-06,1.3440819262022785e-06,-5.5952643154924402e-15,4.5973950211219972e-06,4.5973950211219972e-06,1.2947314098277874e-13,7.1583206620040585e-06,2.7012892057857125e-15,1.3322676295501878e-15,train,2.13.1,10,7
h2o-v2-0751,H2O,0.849507598631,0.856608685745,113.308034512898,0.0000000000000000e+00,0.0000000000000000e+00,0.0000000000000000e+00,0.0000000000000000e+00,0.0000000000000000e+00,8.4950759863147551e-01,7.8670162654318987e-01,0.0000000000000000e+00,-3.3893803458426047e-01,full_domain_latin_hypercube,full-space CASCI analytic nuclear gradient,direct FCI,sto-3g,-74.9098725461525845,-74.9464848666673191,-74.9464848666631553,4.1637804315541871e-12,-2039.3977474859786980,2.0688368889888835,-1.3433145697786461e+01,1.4515040656066617e-28,-9.8092157300628422e+00,1.3879652366018957e+00,-8.2435964595595734e-29,1.3499919649609891e+01,1.2045180461184566e+01,-6.4292163775512462e-29,-3.6907039195470488e+00,-1.3433145772183765e+01,3.8065863894491077e-15,-9.8092156154294603e+00,1.3879655335599992e+00,-1.7655832524275262e-15,1.3499919764243273e+01,1.2045180238623230e+01,-2.0410031370219373e-15,-3.6907041488139489e+00,7.4397304317130875e-08,-3.8065863894489626e-15,-1.1463338189798833e-07,-2.9695810344065876e-07,1.7655832524274437e-15,-1.1463338189798833e-07,2.2256133647147180e-07,2.0410031370218730e-15,2.2926690013136408e-07,2.9695810344065876e-07,5.5340358232435332e-13,5.0806736595632174e-07,1.8310267194088950e-15,8.8817841970012523e-16,train,2.13.1,10,7
h2o-v2-0754,H2O,0.859290334937,1.211509189391,102.314980791185,0.0000000000000000e+00,0.0000000000000000e+00,0.0000000000000000e+00,0.0000000000000000e+00,0.0000000000000000e+00,8.5929033493722251e-01,1.1836321705966359e+00,0.0000000000000000e+00,-2.5839775677720411e-01,full_domain_latin_hypercube,full-space CASCI analytic nuclear gradient,direct FCI,sto-3g,-74.8976494445547587,-74.9623012712130645,-74.9623012711327448,8.0319750850321725e-11,-2039.8281337790958787,1.6384505958718052,4.3936762574751969e+00,2.1432369412445751e-22,-1.6075287789120043e+01,8.5833535429718466e-01,2.1432369333559660e-22,1.4305593330683317e+01,-5.2520116117723816e+00,2.1432369239882428e-22,1.7696944584367262e+00,4.3936766708491470e+00,-2.3457621819800350e-15,-1.6075288603379882e+01,8.5833399426815349e-01,2.0506645212508834e-15,1.4305592516423481e+01,-5.2520106651172647e+00,2.9509766072927783e-16,1.7696960869563954e+00,-4.1337395018103962e-07,2.3457623963037292e-15,8.1425983822214221e-07,1.3600290311721608e-06,-2.0506643069271900e-15,8.1425983644578537e-07,-9.4665511696234717e-07,-2.9509744640558543e-16,-1.6285196691168125e-06,1.6285196691168125e-06,3.5958202506018217e-14,3.3408416404423491e-06,6.4297107985887838e-22,4.4408920985006262e-16,train,2.13.1,10,7
h2o-v2-0755,H2O,1.155064831838,1.203861414880,118.039901890217,0.0000000000000000e+00,0.0000000000000000e+00,0.0000000000000000e+00,0.0000000000000000e+00,0.0000000000000000e+00,1.1550648318381675e+00,1.0625526792817439e+00,0.0000000000000000e+00,-5.6591881925586218e-01,full_domain_latin_hypercube,full-space CASCI analytic nuclear gradient,direct FCI,sto-3g,-74.8904875462406636,-74.9752663254112974,-74.9752663250215647,3.8973269056441495e-10,-2040.1809308765841706,1.2856534983835215,8.9322482234393785e-01,-4.9007983736855358e-28,-2.5275730035493543e-01,2.1572735731988848e+00,2.6979042958558604e-28,-3.7170461451125631e+00,-3.0504983955428226e+00,2.2088105346188331e-28,3.9698034454674982e+00,8.9322317133133255e-01,-5.1752024123552453e-16,-2.5275432267579639e-01,2.1572816329871602e+00,2.2035500190590705e-15,-3.7170431674334239e+00,-3.0505048043186433e+00,-1.6860297778236088e-15,3.9697974901091060e+00,1.6510126052970975e-06,5.1752024123503445e-16,-2.9776791390379032e-06,-8.0597882754496197e-06,-2.2035500190588007e-15,-2.9776791392599478e-06,6.4087758206987644e-06,1.6860297778238297e-15,5.9553583922067332e-06,8.0597882754496197e-06,1.8891807617182012e-13,1.9264306839350542e-05,4.4408920985006262e-16,1.1102230246251565e-16,train,2.13.1,10,7
h2o-v2-0756,H2O,0.813315908945,1.110222359142,100.983398847631,0.0000000000000000e+00,0.0000000000000000e+00,0.0000000000000000e+00,0.0000000000000000e+00,0.0000000000000000e+00,8.1331590894462080e-01,1.0898857813089480e+00,0.0000000000000000e+00,-2.1152463317241796e-01,full_domain_latin_hypercube,full-space CASCI analytic nuclear gradient,direct FCI,sto-3g,-74.8981300618721662,-74.9512153349044894,-74.9512153346364443,2.6804514163814019e-10,-2039.5264700843047194,1.9401142906628654,3.3005506875054045e+00,3.1554436208840472e-30,-2.1836239729429835e+01,4.0127587057582670e-01,-3.9443045261050590e-30,2.0818342649564649e+01,-3.7018265580812315e+00,1.5777218104420236e-30,1.0178970798651892e+00,3.3005503548064454e+00,-6.4858931241559184e-15,-2.1836239126889012e+01,4.0127688679639528e-01,6.2600475269148179e-15,2.0818343252105471e+01,-3.7018272416029214e+00,2.2584559724129555e-16,1.0178958747834188e+00,3.3269895904908253e-07,6.4858931241559216e-15,-6.0254082256960828e-07,-1.0162205685837478e-06,-6.2600475269148219e-15,-6.0254082256960828e-07,6.8352168991481221e-07,-2.2584559724129397e-16,1.2050817703723737e-06,1.2050817703723737e-06,1.4644780177752739e-13,2.2844914889796897e-06,3.1401849173675502e-15,2.1094237467877974e-15,train,2.13.1,10,7
h2o-v2-0757,H2O,0.866752724753,1.087032768710,91.628618039313,0.0000000000000000e+00,0.0000000000000000e+00,0.0000000000000000e+00,0.0000000000000000e+00,0.0000000000000000e+00,8.6675272475343024e-01,1.0865936553846081e+00,0.0000000000000000e+00,-3.0894470804663125e-02,full_domain_latin_hypercube,full-space CASCI analytic nuclear gradient,direct FCI,sto-3g,-74.9294634043828864,-74.9853933813292315,-74.9853933810852595,2.4397195375058800e-10,-2040.4565021067016914,1.0100822682658992,3.6084261260244963e+00,2.1299244440967319e-29,-1.2524954575067939e+01,-1.0493787999695150e+00,-1.4692534359741345e-29,1.3289261928745194e+01,-2.5590473260549813e+00,-5.5220263365470826e-30,-7.6430735367725511e-01,3.6084231637636477e+00,5.0080301273298141e-15,-1.2524950724207113e+01,-1.0493725469801698e+00,-8.3423751236093622e-16,1.3289265779606021e+01,-2.5590506167835350e+00,-4.1737926149689432e-15,-7.6431505539896738e-01,2.9622608486157276e-06,-5.0080301273297928e-15,-3.8508608266596411e-06,-6.2529893452012431e-06,8.3423751236092153e-16,-3.8508608266596411e-06,3.2907285536509789e-06,4.1737926149689377e-15,7.7017217122721249e-06,7.7017217122721249e-06,8.2202775089784404e-14,1.3890102812386118e-05,1.0846837446788912e-30,8.8817841970012523e-16,train,2.13.1,10,7
h2o-v2-0758,H2O,0.836935623583,0.881460299453,81.328535137614,0.0000000000000000e+00,0.0000000000000000e+00,0.0000000000000000e+00,0.0000000000000000e+00,0.0000000000000000e+00,8.3693562358307805e-01,8.7138441223520224e-01,0.0000000000000000e+00,1.3289644699794909e-01,full_domain_latin_hypercube,full-space CASCI analytic nuclear gradient,direct FCI,sto-3g,-74.8873942913931927,-74.9300702305319817,-74.9300702305151134,1.6868284546944778e-11,-2038.9510824820126800,2.5155018929549029,-7.6785044285986350e+00,1.1832913578315177e-30,-1.4978804943950829e+01,-4.4708731295729836e+00,-1.5777218104420236e-30,1.7420005234056763e+01,1.2149377558171619e+01,4.7331654313260708e-30,-2.4412002901059342e+00,-7.6785048501788680e+00,-1.2044641523612582e-15,-1.4978804565165229e+01,-4.4708724597204244e+00,-9.5454277019747482e-15,1.7420005612842363e+01,1.2149377309899267e+01,1.0749891854335662e-14,-2.4412010476771755e+00,4.2158023294547320e-07,1.2044641523612594e-15,-3.7878560021908925e-07,-6.6985255919860265e-07,9.5454277019747466e-15,-3.7878560021908925e-07,2.4827235201030362e-07,-1.0749891854335657e-14,7.5757124129438580e-07,7.5757124129438580e-07,4.8777089808090969e-14,1.1877647225766452e-06,4.3387349787155649e-30,8.8817841970012523e-16,train,2.13.1,10,7
h2o-v2-0760,H2O,0.832030407566,0.979156518097,125.843610835359,0.0000000000000000e+00,0.0000000000000000e+00,0.0000000000000000e+00,0.0000000000000000e+00,0.0000000000000000e+00,8.3203040756622393e-01,7.9372223325035474e-01,0.0000000000000000e+00,-5.7336943010236374e-01,full_domain_latin_hypercube,full-space CASCI analytic nuclear gradient,direct FCI,sto-3g,-74.9069636034786868,-74.9481686553465636,-74.9481686553098569,3.6706637729366776e-11,-2039.4435657100864319,2.0230186648813406,-5.1661965598499808e+00,-6.3108872417680944e-30,-1.7715247374556654e+01,3.0804851814621035e+00,7.8886090522101181e-31,1.5992762934312783e+01,2.0857113783878773e+00,0.0000000000000000e+00,1.7224844402438717e+00,-5.1661965838522015e+00,-7.2862314106932950e-15,-1.7715247300904363e+01,3.0804853890811872e+00,2.5213104161499145e-15,1.5992763007965074e+01,2.0857111947706066e+00,4.7649209945433867e-15,1.7224842929391198e+00,2.4002220655461315e-08,7.2862314106932886e-15,-7.3652291376902213e-08,-2.0761908370303672e-07,-2.5213104161499137e-15,-7.3652291376902213e-08,1.8361727072147005e-07,-4.7649209945433867e-15,1.4730475195179338e-07,2.0761908370303672e-07,4.4122090051508949e-13,3.9494496872904961e-07,4.4408920985006262e-16,1.7763568394002505e-15,train,2.13.1,10,7
h2o-v2-0762,H2O,0.839349772334,1.078691323707,95.079188082924,0.0000000000000000e+00,0.0000000000000000e+00,0.0000000000000000e+00,0.0000000000000000e+00,0.0000000000000000e+00,8.3934977233392138e-01,1.0744556150001343e+00,0.0000000000000000e+00,-9.5499231593655962e-02,full_domain_latin_hypercube,full-space CASCI analytic nuclear gradient,direct FCI,sto-3g,-74.9195847011129246,-74.9726016532142410,-74.9726016530244124,1.8982859728566837e-10,-2040.1084214522111324,1.3581629227565701,3.1361417375285607e+00,0.0000000000000000e+00,-1.6590860629903723e+01,-5.8339284879890174e-01,-3.9443045261050590e-31,1.6819706841941365e+01,-2.5527488887296590e+00,3.9443045261050590e-31,-2.2884621203764152e-01,3.1361402083859771e+00,3.5787336888064383e-15,-1.6590858421132410e+01,-5.8338920155695984e-01,-1.7347959276417440e-15,1.6819709050712678e+01,-2.5527510068290291e+00,-1.8439377611645336e-15,-2.2885062958065175e-01,1.5291425836672090e-06,-3.5787336888064383e-15,-2.2087713134055775e-06,-3.6472419419064650e-06,1.7347959276417436e-15,-2.2087713134055775e-06,2.1180993701186424e-06,1.8439377611645340e-15,4.4175430102266766e-06,4.4175430102266766e-06,3.8357521948387297e-13,8.0100423136553189e-06,2.7755575615628914e-17,1.3322676295501878e-15,train,2.13.1,10,7
h2o-v2-0764,H2O,0.854927472259,0.944650812662,111.697652590339,0.0000000000000000e+00,0.0000000000000000e+00,0.0000000000000000e+00,0.0000000000000000e+00,0.0000000000000000e+00,8.5492747225898447e-01,8.7772014810926424e-01,0.0000000000000000e+00,-3.4924561481232175e-01,full_domain_latin_hypercube,full-space CASCI analytic nuclear gradient,direct FCI,sto-3g,-74.9338171745327344,-74.9756518830875507,-74.9756518830656518,2.1898927116126288e-11,-2040.1914224354327416,1.2751619395348885,-5.5729927120185208e+00,1.5777218104420236e-30,-1.3238836332855366e+01,1.5145831680638755e+00,-2.9582283945787943e-31,1.3378428635941621e+01,4.0584095439546450e+00,-3.9443045261050590e-31,-1.3959230308625403e-01,-5.5729929776590286e+00,2.0961920790985200e-15,-1.3238835871778997e+01,1.5145842497329181e+00,5.1396952261088262e-16,1.3378429097017989e+01,4.0584087279259844e+00,-2.6101616017092639e-15,-1.3959322523919609e-01,2.6564050781274773e-07,-2.0961920790985184e-15,-4.6107636819670006e-07,-1.0816690425574649e-06,-5.1396952261088291e-16,-4.6107636819670006e-07,8.1602866064400814e-07,2.6101616017092635e-15,9.2215294206221543e-07,1.0816690425574649e-06,2.4031397997493051e-13,2.0191351901566179e-06,1.1102230246251565e-15,4.4408920985006262e-16,train,2.13.1,10,7
h2o-v2-0765,H2O,0.888198439193,1.131456841171,103.940203218501,0.0000000000000000e+00,0.0000000000000000e+00,0.0000000000000000e+00,0.0000000000000000e+00,0.0000000000000000e+00,8.8819843919328600e-01,1.0981328119517955e+00,0.0000000000000000e+00,-2.7257826536135882e-01,full_domain_latin_hypercube,full-space CASCI analytic nuclear gradient,direct FCI,sto-3g,-74.9306099623643291,-74.9890825152500184,-74.9890825152270963,2.2922108655620832e-11,-2040.5568885547334048,0.9096958202341893,2.8890892925413056e+00,1.9721522630525295e-31,-1.2296029953488283e+01,9.6806405015880814e-01,7.8886090522101181e-31,1.0555612833650828e+01,-3.8571533427001135e+00,-1.1832913578315177e-30,1.7404171198374545e+00,2.8890893183951474e+00,8.9812216021593164e-16,-1.2296029999606006e+01,9.6806396410905649e-01,-2.4648744547142716e-15,1.0555612787533105e+01,-3.8571532825042980e+00,1.5667522944978224e-15,1.7404172120728321e+00,-2.5853841734146954e-08,-8.9812216021593144e-16,4.6117722973804121e-08,8.6049751657490958e-08,2.4648744547142724e-15,4.6117722973804121e-08,-6.0195815443364609e-08,-1.5667522944978236e-15,-9.2235377557869924e-08,9.2235377557869924e-08,1.1636493216651942e-13,1.9412402596508116e-07,4.4408920985006262e-16,8.8817841970012523e-16,validation,2.13.1,10,7
h2o-v2-0767,H2O,0.794169947065,0.799548826083,102.716558282145,0.0000000000000000e+00,0.0000000000000000e+00,0.0000000000000000e+00,0.0000000000000000e+00,0.0000000000000000e+00,7.9416994706502064e-01,7.7993666767499670e-01,0.0000000000000000e+00,-1.7600318095560843e-01,full_domain_latin_hypercube,full-space CASCI analytic nuclear gradient,direct FCI,sto-3g,-74.8447699463138036,-74.8774994317198974,-74.8774994315423470,1.7755041881173383e-10,-2037.5205581702771269,3.9460262046906545,-2.0382571195363806e+01,-3.9443045261050590e-31,-1.7328779098078520e+01,-6.1990294333024676e-01,7.8886090522101181e-31,2.2699485102355759e+01,2.1002474138694051e+01,-4.9303806576313238e-31,-5.3707060042772419e+00,-2.0382571452884420e+01,2.4442327488657768e-15,-1.7328778773166725e+01,-6.1990220832713183e-01,-2.5789195237306626e-15,2.2699485427267554e+01,2.1002473661211280e+01,1.3468677486489740e-16,-5.3707066541009612e+00,2.5752061461048470e-07,-2.4442327488657771e-15,-3.2491179524640756e-07,-7.3500311492669113e-07,2.5789195237306634e-15,-3.2491179524640756e-07,4.7748277154369134e-07,-1.3468677486489790e-16,6.4982371927868599e-07,7.3500311492669113e-07,3.0388814039000888e-13,1.1745772399152088e-06,3.5527136788005009e-15,8.8817841970012523e-16,train,2.13.1,10,7
h2o-v2-0769,H2O,0.763965728805,0.792643131334,91.381896205381,0.0000000000000000e+00,0.0000000000000000e+00,0.0000000000000000e+00,0.0000000000000000e+00,0.0000000000000000e+00,7.6396572880509905e-01,7.9241259879349968e-01,0.0000000000000000e+00,-1.9115619893464580e-02,full_domain_latin_hypercube,full-space CASCI analytic nuclear gradient,direct FCI,sto-3g,-74.7995034232442322,-74.8322776004033017,-74.8322776002379726,1.6532908375666011e-10,-2036.2900094515703131,5.1765749233974576,-2.0328101760836667e+01,3.9443045261050590e-31,-2.6061287784293274e+01,-3.2592908427603642e+00,9.8607613152626476e-31,2.9772579275421958e+01,2.3587392603597031e+01,5.9164567891575885e-31,-3.7112914911286863e+00,-2.0328103675545066e+01,-2.7090739290820453e-15,-2.6061285747320913e+01,-3.2592868659280532e+00,1.6707053626886963e-15,2.9772581312394319e+01,2.3587390541473049e+01,1.0383685663940367e-15,-3.7112955650732284e+00,1.9147083989423663e-06,2.7090739290820457e-15,-2.0369723614521718e-06,-3.9768323110145332e-06,-1.6707053626886953e-15,-2.0369723614521718e-06,2.0621239826823512e-06,-1.0383685663940362e-15,4.0739445421600351e-06,4.0739445421600351e-06,1.9173188414691349e-13,6.3058274184513152e-06,2.6645352591003757e-15,1.7763568394002505e-15,train,2.13.1,10,7
h2o-v2-0772,H2O,0.840547219685,1.219724235981,109.665625914650,0.0000000000000000e+00,0.0000000000000000e+00,0.0000000000000000e+00,0.0000000000000000e+00,0.0000000000000000e+00,8.4054721968504753e-01,1.1485809079766871e+00,0.0000000000000000e+00,-4.1047424970475510e-01,full_domain_latin_hypercube,full-space CASCI analytic nuclear gradient,direct FCI,sto-3g,-74.8812455054663815,-74.9445923665383873,-74.9445923664694362,6.8951067078160122e-11,-2039.3462499339998431,2.1203344409678300,3.2220965967408741e+00,0.0000000000000000e+00,-1.9821722629217231e+01,1.7954882869553532e+00,1.1832913578315177e-30,1.6714599697556107e+01,-5.0175848836962276e+00,-2.9582283945787943e-31,3.1071229316611246e+00,3.2220970703248000e+00,-3.0262776744393948e-15,-1.9821723894001519e+01,1.7954859837801072e+00,2.4438632878800137e-15,1.6714598432771819e+01,-5.0175830541050352e+00,5.8241438655950320e-16,3.1071254612294874e+00,-4.7358392585294951e-07,3.0262776744393948e-15,1.2647842879687232e-06,2.3031752460767052e-06,-2.4438632878800125e-15,1.2647842879687232e-06,-1.8295911923260633e-06,-5.8241438655950349e-16,-2.5295683627746257e-06,2.5295683627746257e-06,2.4782724526934549e-13,5.5923416111269830e-06,8.8817841970012523e-16,1.1998109538340401e-30,train,2.13.1,10,7
h2o-v2-0775,H2O,0.779917182249,0.791470870692,119.740058032473,0.0000000000000000e+00,0.0000000000000000e+00,0.0000000000000000e+00,0.0000000000000000e+00,0.0000000000000000e+00,7.7991718224921469e-01,6.8722220972119008e-01,0.0000000000000000e+00,-3.9262166728270886e-01,full_domain_latin_hypercube,full-space CASCI analytic nuclear gradient,direct FCI,sto-3g,-74.8236502967349679,-74.8536399966327508,-74.8536399965262547,1.0649614523572382e-10,-2036.8713098665095913,4.5952745084580791,-2.1418395023409726e+01,1.1832913578315177e-30,-1.4787482339158533e+01,1.6040158713658308e+00,0.0000000000000000e+00,2.4287400921267849e+01,1.9814379152043895e+01,1.5777218104420236e-30,-9.4999185821093182e+00,-2.1418395199589323e+01,3.0746633757015963e-15,-1.4787482026543234e+01,1.6040167595323074e+00,-5.4578712785211353e-15,2.4287401233883148e+01,1.9814378440056981e+01,2.3832079028205267e-15,-9.4999192073400867e+00,1.7617959713334130e-07,-3.0746633757015951e-15,-3.1261529898074514e-07,-8.8816647658696013e-07,5.4578712785211353e-15,-3.1261529898074514e-07,7.1198691387053259e-07,-2.3832079028205251e-15,6.2523076849174686e-07,8.8816647658696013e-07,1.7593108445425902e-13,1.4019102190232502e-06,1.7763568394002505e-15,3.5527136788005009e-15,train,2.13.1,10,7
h2o-v2-0778,H2O,1.047001940593,1.088831370791,111.244744762693,0.0000000000000000e+00,0.0000000000000000e+00,0.0000000000000000e+00,0.0000000000000000e+00,0.0000000000000000e+00,1.0470019405933111e+00,1.0148355979233834e+00,0.0000000000000000e+00,-3.9454082577817656e-01,full_domain_latin_hypercube,full-space CASCI analytic nuclear gradient,direct FCI,sto-3g,-74.9463458994901828,-75.0108969037710125,-75.0108969037493978,2.1614710021822248e-11,-2041.1504883064983460,0.3160960684693734,5.3961531418083124e-02,-1.9721522630525295e-30,-1.5676808853421018e+00,1.7545397168896664e+00,-7.8886090522101181e-31,-9.4556763449576720e-01,-1.8085012483077496e+00,2.3665827156630354e-30,2.5132485198378691e+00,5.3961109490846031e-02,2.0532891181652504e-15,-1.5676802290781566e+00,1.7545413261576115e+00,3.6441755187671847e-15,-9.4556697823182212e-01,-1.8085024356484911e+00,-5.6974646369326477e-15,2.5132472073096874e+00,4.2192723709311153e-07,-2.0532891181652524e-15,-6.5626394518680797e-07,-1.6092679451240599e-06,-3.6441755187671855e-15,-6.5626394507578567e-07,1.1873407415041726e-06,5.6974646369326501e-15,1.3125281816961376e-06,1.6092679451240599e-06,2.9324560989219233e-13,3.4853612886909247e-06,2.2204460492503131e-16,1.1102230246251565e-16,train,2.13.1,10,7
h2o-v2-0780,H2O,1.193438268799,1.195763008681,89.367717041958,0.0000000000000000e+00,0.0000000000000000e+00,0.0000000000000000e+00,0.0000000000000000e+00,0.0000000000000000e+00,1.1934382687989307e+00,1.1956901991221824e+00,0.0000000000000000e+00,1.3195478501103112e-02,full_domain_latin_hypercube,full-space CASCI analytic nuclear gradient,direct FCI,sto-3g,-74.8990787909853850,-74.9906341131506480,-74.9906341125948899,5.5575810620211996e-10,-2040.5991096845059474,0.8674746904616950,4.7397298080195096e+00,-7.8886090522101181e-31,4.7546573684186617e+00,-3.9474095589954161e-01,-1.6763294235946501e-30,-4.3127091360032619e+00,-4.3449888521199673e+00,7.8886090522101181e-31,-4.4194823241539927e-01,4.7397302682483948e+00,5.3330066962622130e-15,4.7546569123637612e+00,-3.9474186125855526e-01,5.6110965415420072e-16,-4.3127095920581624e+00,-4.3449884069899660e+00,-5.8941163504165654e-15,-4.4194732030563633e-01,-4.6022888522401217e-07,-5.3330066962622138e-15,4.5605490051059405e-07,9.0535901364763305e-07,-5.6110965415420239e-16,4.5605490051059405e-07,-4.4513000130308455e-07,5.8941163504165662e-15,-9.1210976294053836e-07,9.1210976294053836e-07,1.3158555130599470e-13,2.1652170589803177e-06,1.0473823066688540e-15,4.4408920985006262e-16,train,2.13.1,10,7
h2o-v2-0783,H2O,0.797291601065,1.195175841848,123.714274706786,0.0000000000000000e+00,0.0000000000000000e+00,0.0000000000000000e+00,0.0000000000000000e+00,0.0000000000000000e+00,7.9729160106476249e-01,9.9416622315173575e-01,0.0000000000000000e+00,-6.6338436345786811e-01,full_domain_latin_hypercube,full-space CASCI analytic nuclear gradient,direct FCI,sto-3g,-74.8421872137858344,-74.8992104888032486,-74.8992104887569923,4.6256332097982522e-11,-2038.1113461303807526,3.3552382445868916,3.0840954090411782e-01,7.8886090522101181e-31,-2.8299249662107758e+01,3.3458283428399116e+00,-4.8317730444786973e-30,2.3177606027263892e+01,-3.6542378837440297e+00,1.5777218104420236e-30,5.1216436348438661e+00,3.0840963032386537e-01,4.3368720622256174e-15,-2.8299250325985938e+01,3.3458268350283222e+00,8.5622813661422039e-16,2.3177605363385712e+01,-3.6542364653521813e+00,-5.1931001988396541e-15,5.1216449626001701e+00,-8.9419747550945061e-08,-4.3368720622256167e-15,6.6387817909685509e-07,1.5078115893629729e-06,-8.5622813661422522e-16,6.6387817909685509e-07,-1.4183918484178548e-06,5.1931001988396557e-15,-1.3277563040148266e-06,1.5078115893629729e-06,5.5416924346497242e-14,3.4631149778974191e-06,9.9301366129890925e-16,8.8817841970012523e-16,train,2.13.1,10,7
h2o-v2-0785,H2O,0.940322800055,1.179578883072,105.030286376867,0.0000000000000000e+00,0.0000000000000000e+00,0.0000000000000000e+00,0.0000000000000000e+00,0.0000000000000000e+00,9.4032280005547331e-01,1.1392241688004396e+00,0.0000000000000000e+00,-3.0589971332015409e-01,full_domain_latin_hypercube,full-space CASCI analytic nuclear gradient,direct FCI,sto-3g,-74.9297654141423095,-74.9957496655049596,-74.9957496654101732,9.4786400950397365e-11,-2040.7383109554807561,0.7282734194869487,3.3005996479049164e+00,9.8607613152626476e-29,-7.9703890957231032e+00,1.1833269403242079e+00,-6.1432542994086294e-29,5.7896583599886613e+00,-4.4839265882291244e+00,-3.7076462545387555e-29,2.1807307357344419e+00,3.3006001487563346e+00,-4.2373147829477288e-15,-7.9703899950946315e+00,1.1833252141348900e+00,6.6724647175394376e-16,5.7896574606171329e+00,-4.4839253628912612e+00,3.5700683111935706e-15,2.1807325344774666e+00,-5.0085141811706535e-07,4.2373147829478274e-15,8.9937152836228051e-07,1.7261893179298937e-06,-6.6724647175400519e-16,8.9937152836228051e-07,-1.2253378631754686e-06,-3.5700683111936076e-15,-1.7987430247501379e-06,1.7987430247501379e-06,4.8460694535292748e-14,4.0471772055905575e-06,9.8607613152626476e-32,2.2204460492503131e-16,train,2.13.1,10,7
h2o-v2-0786,H2O,0.841905759934,1.019746452176,83.587538058265,0.0000000000000000e+00,0.0000000000000000e+00,0.0000000000000000e+00,0.0000000000000000e+00,0.0000000000000000e+00,8.4190575993417771e-01,1.0133665624275445e+00,0.0000000000000000e+00,1.1389046000485296e-01,full_domain_latin_hypercube,full-space CASCI analytic nuclear gradient,direct FCI,sto-3g,-74.9142143224063091,-74.9655189858890765,-74.9655189857903395,9.8737018561223522e-11,-2039.9156922559741361,1.5508921189934599,2.0434694559368651e+00,-7.8886090522101181e-31,-1.4363396949666090e+01,-3.0324273399159698e+00,2.5637979419682884e-30,1.6771592824887513e+01,9.8895788397910445e-01,-2.3665827156630354e-30,-2.4081958752214234e+00,2.0434660339951773e+00,5.3093659119189236e-15,-1.4363393321611207e+01,-3.0324217192847631e+00,1.0683734263835958e-15,1.6771596452942394e+01,9.8895568528927624e-01,-6.3777393383024481e-15,-2.4082031313313093e+00,3.4219416877867559e-06,-5.3093659119189243e-15,-3.6280548822986702e-06,-5.6206312066819919e-06,-1.0683734263835932e-15,-3.6280548805223134e-06,2.1986898282033707e-06,6.3777393383024458e-15,7.2561098858336948e-06,7.2561098858336948e-06,3.3307815745753186e-13,1.1834731179938274e-05,2.2204460492503131e-16,2.2204460492503131e-16,train,2.13.1,10,7
h2o-v2-0788,H2O,0.773788944840,1.087686930283,116.711414395474,0.0000000000000000e+00,0.0000000000000000e+00,0.0000000000000000e+00,0.0000000000000000e+00,0.0000000000000000e+00,7.7378894483977845e-01,9.7161100180541282e-01,0.0000000000000000e+00,-4.8891197518446772e-01,full_domain_latin_hypercube,full-space CASCI analytic nuclear gradient,direct FCI,sto-3g,-74.8607141336116371,-74.9077721706601238,-74.9077721704429678,2.1715607090300182e-10,-2038.3443213623033898,3.1222630126641921,2.8678415236232713e-01,9.8607613152626476e-32,-3.0937721596528693e+01,2.4416843252516149e+00,1.1832913578315177e-30,2.7620211559798367e+01,-2.7284684776139421e+00,-1.1832913578315177e-30,3.3175100367303267e+00,2.8678481430372671e-01,-6.0934284739084920e-16,-3.0937723854168404e+01,2.4416795932547388e+00,-1.9192686641232394e-15,2.7620209302158656e+01,-2.7284644075584383e+00,2.5286115115142059e-15,3.3175145520095199e+00,-6.6194139958231091e-07,6.0934284739084930e-16,2.2576397107343382e-06,4.7319968761172504e-06,1.9192686641232406e-15,2.2576397107343382e-06,-4.0700555037354036e-06,-2.5286115115142071e-15,-4.5152791932068226e-06,4.7319968761172504e-06,2.2898171573653229e-13,1.0038560762204440e-05,8.8817841970012523e-16,2.8865798640254070e-15,train,2.13.1,10,7
h2o-v2-0789,H2O,0.846929741225,1.135915261136,97.768320222926,0.0000000000000000e+00,0.0000000000000000e+00,0.0000000000000000e+00,0.0000000000000000e+00,0.0000000000000000e+00,8.4692974122522668e-01,1.1254906582601460e+00,0.0000000000000000e+00,-1.5353911114206084e-01,full_domain_latin_hypercube,full-space CASCI analytic nuclear gradient,direct FCI,sto-3g,-74.9126720448231254,-74.9703339235520048,-74.9703339235321380,1.9866774891852401e-11,-2040.0467133844704222,1.4198709904971636,4.1180639951722311e+00,7.7702799164269663e-29,-1.6440053206274818e+01,4.2540643172657239e-02,-5.9429575851923569e-29,1.5840452961753909e+01,-4.1606046383448883e+00,-1.8538231272693777e-29,5.9960024452090976e-01,4.1180645121874218e+00,1.9188070842239303e-15,-1.6440054045478352e+01,4.2539265690387282e-02,2.8364249134127078e-17,1.5840452122550378e+01,-4.1606037778780012e+00,-1.9471713333579275e-15,5.9960192292785985e-01,-5.1701519065971979e-07,-1.9188070842238526e-15,8.3920353333155617e-07,1.3774822699569311e-06,-2.8364249134186508e-17,8.3920353155519933e-07,-8.6046688707597241e-07,1.9471713333579089e-15,-1.6784069500896948e-06,1.6784069500896948e-06,2.2317175682778185e-13,3.1877773645216934e-06,7.7715611723760958e-16,5.1771914686694548e-29,train,2.13.1,10,7
h2o-v2-0790,H2O,0.890173429676,1.087789616877,109.438255010266,0.0000000000000000e+00,0.0000000000000000e+00,0.0000000000000000e+00,0.0000000000000000e+00,0.0000000000000000e+00,8.9017342967615809e-01,1.0257863394337174e+00,0.0000000000000000e+00,-3.6200640383341576e-01,full_domain_latin_hypercube,full-space CASCI analytic nuclear gradient,direct FCI,sto-3g,-74.9376388160749514,-74.9916954396264828,-74.9916954393256816,3.0080116175668081e-10,-2040.6279898491729909,0.8385945257946612,9.2740882630667298e-01,7.8886090522101181e-31,-1.2291831888266373e+01,1.6058705864873641e+00,-1.4791141972893971e-30,1.0004253464268512e+01,-2.5332794127940375e+00,-1.5777218104420236e-30,2.2875784239978598e+00,9.2740872674848629e-01,5.2053619981983319e-15,-1.2291831694908375e+01,1.6058709903152586e+00,-6.1966562398717810e-16,1.0004253657626510e+01,-2.5332797170640013e+00,-4.5856963742109587e-15,2.2875780372817416e+00,9.9558186694714834e-08,-5.2053619981983311e-15,-1.9335799805730858e-07,-4.0382789445736478e-07,6.1966562398717662e-16,-1.9335799805730858e-07,3.0426996389110172e-07,4.5856963742109571e-15,3.8671611823914986e-07,4.0382789445736478e-07,2.8463762710530717e-13,8.6631265183712003e-07,9.9301366129890925e-16,4.4408920985006262e-16,train,2.13.1,10,7
h2o-v2-0791,H2O,0.889851788985,0.991641292224,80.685348169689,0.0000000000000000e+00,0.0000000000000000e+00,0.0000000000000000e+00,0.0000000000000000e+00,0.0000000000000000e+00,8.8985178898506834e-01,9.7856586552675118e-01,0.0000000000000000e+00,1.6050326871856579e-01,full_domain_latin_hypercube,full-space CASCI analytic nuclear gradient,direct FCI,sto-3g,-74.9300583758692227,-74.9827548993612822,-74.9827548992934680,6.7814198700943962e-11,-2040.3847053547688120,1.0818790201988406,4.2636516982242695e-01,-1.8932661725304283e-29,-8.2867500504930991e+00,-3.4667204208925813e+00,1.0057976541567901e-29,1.0940511543780058e+01,3.0403552510701544e+00,7.8886090522101181e-30,-2.6537614932869595e+00,4.2636249159619993e-01,-4.1923000601680091e-15,-8.2867475553171257e+00,-3.4667162922079675e+00,-1.0930071432669721e-15,1.0940514038956032e+01,3.0403538006118023e+00,5.2853072034349382e-15,-2.6537664836391168e+00,2.6782262270153012e-06,4.1923000601679902e-15,-2.4951759733937706e-06,-4.1286846137467137e-06,1.0930071432669822e-15,-2.4951759733937706e-06,1.4504583520924541e-06,-5.2853072034349303e-15,4.9903521572858267e-06,4.9903521572858267e-06,2.1376749722996678e-13,8.3245022803879465e-06,4.4408920985006262e-16,1.3274249070549714e-29,train,2.13.1,10,7
h2o-v2-0793,H2O,0.995946841163,1.198120789147,95.967977230081,0.0000000000000000e+00,0.0000000000000000e+00,0.0000000000000000e+00,0.0000000000000000e+00,0.0000000000000000e+00,9.9594684116331855e-01,1.1916271677056154e+00,0.0000000000000000e+00,-1.2457174066395749e-01,full_domain_latin_hypercube,full-space CASCI analytic nuclear gradient,direct FCI,sto-3g,-74.9307014045382545,-75.0039838885130195,-75.0039838883490688,1.6395063084928552e-10,-2040.9623755781885848,0.5042087967790304,4.6815356092384919e+00,-1.1619195381872701e-23,-2.7633538226720966e+00,1.2327407535115610e-01,-1.1619184929465706e-23,2.1580319976414315e+00,-4.8048096845896477e+00,-1.1619189465415911e-23,6.0532182503066512e-01,4.6815350042589587e+00,4.5062984404747075e-15,-2.7633529953475477e+00,1.2327554477367582e-01,-1.7485686602346825e-15,2.1580328249659804e+00,-4.8048105490327027e+00,-2.7577297802399687e-15,6.0532017038153751e-01,6.0497953313642938e-07,-4.5062984520939028e-15,-8.2732454886880191e-07,-1.4694225197176003e-06,1.7485686486154976e-15,-8.2732454886880191e-07,8.6444305491539808e-07,2.7577297686207792e-15,1.6546491276026032e-06,1.6546491276026032e-06,7.4626231942746044e-14,3.5428767544143369e-06,3.4857569776754318e-23,4.4408920985006262e-16,train,2.13.1,10,7
h2o-v2-0794,H2O,0.798449250844,1.068549049461,96.873840973558,0.0000000000000000e+00,0.0000000000000000e+00,0.0000000000000000e+00,0.0000000000000000e+00,0.0000000000000000e+00,7.9844925084363716e-01,1.0608684132145756e+00,0.0000000000000000e+00,-1.2788776699509230e-01,full_domain_latin_hypercube,full-space CASCI analytic nuclear gradient,direct FCI,sto-3g,-74.8941664480766178,-74.9439474434600328,-74.9439474433066692,1.5336354408646002e-10,-2039.3287006830157679,2.1378836919518860,2.8696376501218865e+00,-2.9542840900526892e-28,-2.3406332618257004e+01,-4.4360297859606035e-01,2.1417573576750471e-28,2.3447746151349946e+01,-2.4260346715258261e+00,8.1449888464069469e-29,-4.1413533092944710e-02,2.8696369502359809e+00,-2.6981866144184391e-15,-2.3406331510995404e+01,-4.4360117838250213e-01,1.2479317134729004e-15,2.3447747258611546e+01,-2.4260357718531340e+00,1.4502549009453097e-15,-4.1415747616103497e-02,6.9988590567504616e-07,2.6981866144181437e-15,-1.1072615997420598e-06,-1.8002135582229073e-06,-1.2479317134726862e-15,-1.1072615997420598e-06,1.1003273079346343e-06,-1.4502549009452283e-15,2.2145231587875069e-06,2.2145231587875069e-06,3.4676684857478088e-13,3.9274151761858889e-06,2.1094237467877974e-15,1.2212453270876722e-15,validation,2.13.1,10,7
h2o-v2-0796,H2O,0.993226024141,1.201094574253,82.070671225963,0.0000000000000000e+00,0.0000000000000000e+00,0.0000000000000000e+00,0.0000000000000000e+00,0.0000000000000000e+00,9.9322602414119610e-01,1.1896108824284850e+00,0.0000000000000000e+00,1.6569286257450122e-01,full_domain_latin_hypercube,full-space CASCI analytic nuclear gradient,direct FCI,sto-3g,-74.9194895368435994,-74.9962548405407716,-74.9962548404465963,9.4175334197643679e-11,-2040.7520574685020165,0.7145269064656363,5.8574114197147331e+00,1.5102430430398709e-24,-6.2110663636423180e-01,-1.7562480507733080e+00,1.5102337739242345e-24,2.6586508478064999e+00,-4.1011633689414255e+00,1.5102594119036542e-24,-2.0375442114422682e+00,5.8574091295557800e+00,3.2407866581418446e-15,-6.2110428555434605e-01,-1.7562444527407091e+00,-1.5598943349835874e-15,2.6586531986163857e+00,-4.1011646768150882e+00,-1.6808923231583882e-15,-2.0375489130621198e+00,2.2901589531443278e-06,-3.2407866566316016e-15,-2.3508098857538684e-06,-3.5980325989726225e-06,1.5598943364938211e-15,-2.3508098858648907e-06,1.3078736627036847e-06,1.6808923246686476e-15,4.7016198516658392e-06,4.7016198516658392e-06,8.2319574774623301e-14,8.9500523974272994e-06,8.8817841970012523e-16,4.4408920985006262e-16,validation,2.13.1,10,7
h2o-v2-0798,H2O,0.901112084376,0.946538531465,105.676210248142,0.0000000000000000e+00,0.0000000000000000e+00,0.0000000000000000e+00,0.0000000000000000e+00,0.0000000000000000e+00,9.0111208437579315e-01,9.1133110253081762e-01,0.0000000000000000e+00,-2.5575537747478672e-01,full_domain_latin_hypercube,full-space CASCI analytic nuclear gradient,direct FCI,sto-3g,-74.9528673921389128,-74.9981344755506569,-74.9981344755226473,2.8009594643663149e-11,-2040.8032049427574748,0.6633794322101658,-5.0439374099545322e+00,3.1633322299362573e-28,-7.9847960679889081e+00,8.0312564767646855e-01,-1.8498788227432727e-28,8.3808147989038186e+00,4.2408117622780637e+00,-1.3055647981407745e-28,-3.9601873091491041e-01,-5.0439377526020852e+00,4.5367994932864639e-15,-7.9847955841242628e+00,8.0312674034577269e-01,-1.8781053835974460e-15,8.3808152827684630e+00,4.2408110122561000e+00,-2.6586941096889579e-15,-3.9601969864426417e-01,3.4264755299773242e-07,-4.5367994932861476e-15,-4.8386464523986206e-07,-1.0926693041479751e-06,1.8781053835972611e-15,-4.8386464435168364e-07,7.5002196364692963e-07,2.6586941096888274e-15,9.6772935376243652e-07,1.0926693041479751e-06,2.2171396331631898e-13,2.0583615498726004e-06,1.6653345369377348e-16,1.7896556097117680e-28,train,2.13.1,10,7
h2o-v2-0804,H2O,0.760936536511,0.784350387034,104.287452339926,0.0000000000000000e+00,0.0000000000000000e+00,0.0000000000000000e+00,0.0000000000000000e+00,0.0000000000000000e+00,7.6093653651089888e-01,7.6009027304918653e-01,0.0000000000000000e+00,-1.9356731763336715e-01,full_domain_latin_hypercube,full-space CASCI analytic nuclear gradient,direct FCI,sto-3g,-74.8029565111467321,-74.8334423901645494,-74.8334423900568027,1.0774670045066159e-10,-2036.3217049956588198,5.1448793793087750,-2.2765939265501597e+01,1.3779544968349404e-22,-2.2909340549162899e+01,-6.1860306593146774e-01,1.3779545007792449e-22,2.9483823850465409e+01,2.3384542331433064e+01,1.3779544968349404e-22,-6.5744833013025081e+00,-2.2765940052880474e+01,-1.3654053958340826e-15,-2.2909339494331217e+01,-6.1860068529210377e-01,-9.2046964414082182e-16,2.9483824905297091e+01,2.3384540738172536e+01,2.2858750399747936e-15,-6.5744854109658046e+00,7.8737887676538776e-07,1.3654055336295323e-15,-1.0548316815572889e-06,-2.3806393639747014e-06,9.2046978193627190e-16,-1.0548316815572889e-06,1.5932605279544987e-06,-2.2858749021793439e-15,2.1096632965011963e-06,2.3806393639747014e-06,8.1344731070880349e-14,3.7234532168639589e-06,2.6645352591004076e-15,2.6645352591003757e-15,train,2.13.1,10,7
h2o-v2-0806,H2O,0.771165237306,0.934602827876,125.257400411488,0.0000000000000000e+00,0.0000000000000000e+00,0.0000000000000000e+00,0.0000000000000000e+00,0.0000000000000000e+00,7.7116523730607067e-01,7.6316583051393339e-01,0.0000000000000000e+00,-5.3950010288285399e-01,full_domain_latin_hypercube,full-space CASCI analytic nuclear gradient,direct FCI,sto-3g,-74.8629743673110966,-74.8988765595821633,-74.8988765595718036,1.0359713087382261e-11,-2038.1022594533669690,3.3643249216006663,-6.8631863483450095e+00,1.5777218104420236e-30,-2.6645203691212139e+01,2.7873838597944642e+00,-2.3665827156630354e-30,2.6709884687436062e+01,4.0758024885505453e+00,1.5777218104420236e-30,-6.4680996223924855e-02,-6.8631866275103395e+00,-4.3721233263523568e-15,-2.6645202771568403e+01,2.7873863684792406e+00,6.2890675816836555e-16,2.6709885607079798e+01,4.0758002590309372e+00,3.7432165681840824e-15,-6.4682835511530645e-02,2.7916532996385968e-07,4.3721233263523584e-15,-9.1964373538644395e-07,-2.5086847763589049e-06,-6.2890675816836791e-16,-9.1964373538644395e-07,2.2295196080435176e-06,-3.7432165681840808e-15,1.8392876057898855e-06,2.5086847763589049e-06,2.1125070369216717e-13,4.5411179789844880e-06,9.8532293435482643e-16,3.5527136788005009e-15,train,2.13.1,10,7
h2o-v2-0809,H2O,0.949463209307,1.136601050874,106.373222184628,0.0000000000000000e+00,0.0000000000000000e+00,0.0000000000000000e+00,0.0000000000000000e+00,0.0000000000000000e+00,9.4946320930688999e-01,1.0905071331382661e+00,0.0000000000000000e+00,-3.2039997101046425e-01,full_domain_latin_hypercube,full-space CASCI analytic nuclear gradient,direct FCI,sto-3g,-74.9413308046521536,-75.0036838811063689,-75.0036838810654984,4.0870418160920963e-11,-2040.9542119607697259,0.5123724141980568,2.3362430034975059e+00,-1.0805422249264809e-27,-7.1059716367891248e+00,1.3022653301469447e+00,6.8729506367380654e-28,4.9031149003656962e+00,-3.6385083336444506e+00,3.9374019931843752e-28,2.2028567364234277e+00,2.3362432808412561e+00,1.1879268066167672e-15,-7.1059721175760640e+00,1.3022643516820223e+00,-1.5198767582275340e-15,4.9031144195787570e+00,-3.6385076325232881e+00,3.3194995161122090e-16,2.2028576979970786e+00,-2.7734375018795276e-07,-1.1879268066178478e-15,4.8078693914987980e-07,9.7846492241870919e-07,1.5198767582282213e-15,4.8078693914987980e-07,-7.0112116246079381e-07,-3.3194995161082716e-16,-9.6157365092608416e-07,9.7846492241870919e-07,2.2847084299418681e-13,2.2022586518843923e-06,8.8817841970012523e-16,2.2204460492503131e-16,train,2.13.1,10,7
h2o-v2-0811,H2O,0.893363836908,1.167124031904,101.416600673759,0.0000000000000000e+00,0.0000000000000000e+00,0.0000000000000000e+00,0.0000000000000000e+00,0.0000000000000000e+00,8.9336383690839660e-01,1.1440311581861027e+00,0.0000000000000000e+00,-2.3102210921748390e-01,full_domain_latin_hypercube,full-space CASCI analytic nuclear gradient,direct FCI,sto-3g,-74.9239113623073933,-74.9863698955145850,-74.9863698954618201,5.2764903557545040e-11,-2040.4830744113742185,0.9835099635935590,3.8832963760512533e+00,0.0000000000000000e+00,-1.1652852410013214e+01,6.9338202545671590e-01,-4.0429121392576855e-30,1.0187196241268342e+01,-4.5766784015079693e+00,4.7331654313260708e-30,1.4656561687448710e+00,3.8832968936978700e+00,-8.4509549450775360e-15,-1.1652853304119521e+01,6.9338044850414648e-01,6.5249625742460663e-16,1.0187195347162035e+01,-4.5766773422021743e+00,7.7984586876528157e-15,1.4656579569574955e+00,-5.1764661668229905e-07,8.4509549450775360e-15,8.9410630721431517e-07,1.5769525694153685e-06,-6.5249625742461067e-16,8.9410630721431517e-07,-1.0593057950814000e-06,-7.7984586876528110e-15,-1.7882126244206376e-06,1.7882126244206376e-06,1.5838381122886940e-13,3.6992863783336105e-06,4.4408920985006262e-16,2.2204460492503131e-16,test,2.13.1,10,7
h2o-v2-0812,H2O,0.788138194138,1.109432761549,98.530875701376,0.0000000000000000e+00,0.0000000000000000e+00,0.0000000000000000e+00,0.0000000000000000e+00,0.0000000000000000e+00,7.8813819413792507e-01,1.0971580727350427e+00,0.0000000000000000e+00,-1.6457586648712838e-01,full_domain_latin_hypercube,full-space CASCI analytic nuclear gradient,direct FCI,sto-3g,-74.8779480696387765,-74.9301736990650227,-74.9301736988296341,2.3538859750260599e-10,-2038.9538980042295861,2.5126863707380185,3.8072736441403445e+00,1.5777218104420236e-30,-2.6046916088916316e+01,-4.7310381135755079e-02,-1.1832913578315177e-30,2.5516899395727499e+01,-3.7599632630045892e+00,3.9443045261050590e-31,5.3001669318881317e-01,3.8072731561443929e+00,3.8168661797331299e-15,-2.6046915230287464e+01,-4.7309018756005849e-02,-1.0569380044261995e-15,2.5516900254356351e+01,-3.7599641373885961e+00,-2.7599281753068501e-15,5.3001497593103231e-01,4.8799595164794596e-07,-3.8168661797331283e-15,-8.5862885157439450e-07,-1.3623797492298695e-06,1.0569380044261983e-15,-8.5862885157439450e-07,8.7438400697692487e-07,2.7599281753068505e-15,1.7172577808644007e-06,1.7172577808644007e-06,2.2427870850008085e-13,3.1017492712059891e-06,3.2501293141927617e-15,4.4408920985006262e-16,train,2.13.1,10,7
h2o-v2-0814,H2O,0.921136778563,0.933604153405,90.936126150172,0.0000000000000000e+00,0.0000000000000000e+00,0.0000000000000000e+00,0.0000000000000000e+00,0.0000000000000000e+00,9.2113677856329723e-01,9.3347954520918952e-01,0.0000000000000000e+00,-1.5252997445807100e-02,full_domain_latin_hypercube,full-space CASCI analytic nuclear gradient,direct FCI,sto-3g,-74.9504299331848074,-74.9987793762165182,-74.9987793761831085,3.3409719435439911e-11,-2040.8207535838664626,0.6458307911011187,-4.5152199647334674e+00,-5.9361783117881138e-29,-5.5755887324937756e+00,-1.4945694237459088e+00,3.7668108224303314e-29,7.1485960619599691e+00,6.0097893884793763e+00,2.2088105346188331e-29,-1.5730073294661939e+00,-4.5152203601665200e+00,7.4105233429839565e-16,-5.5755883250148104e+00,-1.4945686129055074e+00,1.4017014381333200e-15,7.1485964694389343e+00,6.0097889730717808e+00,-2.1427537724317281e-15,-1.5730081444241368e+00,3.9543305252465188e-07,-7.4105233429845501e-16,-4.0747896523640748e-07,-8.1084040148837744e-07,-1.4017014381332824e-15,-4.0747896523640748e-07,4.1540759543323702e-07,2.1427537724317502e-15,8.1495794290731283e-07,8.1495794290731283e-07,2.4636226659540566e-13,1.5139777664874288e-06,4.4408920985006262e-16,1.1102230246251565e-16,test,2.13.1,10,7
h2o-v2-0815,H2O,0.774789888242,0.885155005873,97.139993293497,0.0000000000000000e+00,0.0000000000000000e+00,0.0000000000000000e+00,0.0000000000000000e+00,0.0000000000000000e+00,7.7478988824243045e-01,8.7829100101566060e-01,0.0000000000000000e+00,-1.1001955260829423e-01,full_domain_latin_hypercube,full-space CASCI analytic nuclear gradient,direct FCI,sto-3g,-74.8678824282673077,-74.9047144919903474,-74.9047144919811814,9.1660012913052924e-12,-2038.2611176870041163,3.2054666879635985,-8.1688468207069409e+00,8.6281661508548166e-31,-2.5009488023301685e+01,-1.3448832651166023e+00,-7.8886090522101181e-31,2.7387627250439159e+01,9.5137300858235445e+00,-7.8886090522101181e-31,-2.3781392271374746e+00,-8.1688474204875305e+00,1.7805327768915551e-16,-2.5009487230874971e+01,-1.3448817677646097e+00,-2.8500005436362919e-15,2.7387628042865874e+01,9.5137291882517836e+00,2.6719472659472287e-15,-2.3781408119909782e+00,5.9978058963849890e-07,-1.7805327768915465e-16,-7.9242671446877466e-07,-1.4973519926186896e-06,2.8500005436362911e-15,-7.9242671446877466e-07,8.9757176091609381e-07,-2.6719472659472295e-15,1.5848535035445366e-06,1.5848535035445366e-06,3.6485030054234672e-13,2.6508462538377131e-06,1.8310267194088950e-15,8.8817841970012523e-16,test,2.13.1,10,7
h2o-v2-0817,H2O,1.210254780071,1.220356680187,102.189300225384,0.0000000000000000e+00,0.0000000000000000e+00,0.0000000000000000e+00,0.0000000000000000e+00,0.0000000000000000e+00,1.2102547800709400e+00,1.1928441554202751e+00,0.0000000000000000e+00,-2.5766887230977970e-01,full_domain_latin_hypercube,full-space CASCI analytic nuclear gradient,direct FCI,sto-3g,-74.8880635252202467,-74.9815019302766359,-74.9815019295427589,7.3387695920246188e-10,-2040.3506103290521878,1.1159740459154341,3.7087893630982980e+00,-1.5777218104420236e-30,2.8633621570930101e+00,7.9025069959666305e-01,1.5777218104420236e-30,-4.6369947447691295e+00,-4.4990400626949612e+00,7.8886090522101181e-31,1.7736325876761194e+00,3.7087896977994705e+00,4.7621260828240872e-15,2.8633617379746101e+00,7.9024975859038660e-01,-2.8071240122760560e-15,-4.6369951638875291e+00,-4.4990394563897382e+00,-1.9550020705495127e-15,1.7736334259129474e+00,-3.3470117255518517e-07,-4.7621260828240888e-15,4.1911839998576284e-07,9.4100627645588020e-07,2.8071240122760576e-15,4.1911839954167363e-07,-6.0630522291660327e-07,1.9550020705495134e-15,-8.3823682794914589e-07,9.4100627645588020e-07,1.2236249417650331e-13,2.2949692550788825e-06,7.8886090522101181e-31,4.4408920985006262e-16,train,2.13.1,10,7
h2o-v2-0821,H2O,0.756002289965,0.989446878384,117.296879691447,0.0000000000000000e+00,0.0000000000000000e+00,0.0000000000000000e+00,0.0000000000000000e+00,0.0000000000000000e+00,7.5600228996549312e-01,8.7926425992790835e-01,0.0000000000000000e+00,-4.5376148619884449e-01,full_domain_latin_hypercube,full-space CASCI analytic nuclear gradient,direct FCI,sto-3g,-74.8565198013805855,-74.8958188109210568,-74.8958188108845349,3.6521896618069150e-11,-2038.0190538735064365,3.4475305014611890,-2.9738463015636865e+00,-1.5777218104420236e-30,-3.2533431918675326e+01,2.1890652359663121e+00,-7.8886090522101181e-31,3.1056248132409866e+01,7.8478106559737448e-01,-7.8886090522101181e-31,1.4771837862654627e+00,-2.9738461166554910e+00,4.8968209641168880e-15,-3.2533432456601560e+01,2.1890640333278286e+00,-3.1346454642199023e-15,3.1056247594483636e+01,7.8478208332744259e-01,-1.7621754998970183e-15,1.4771848621176822e+00,-1.8490819542194004e-07,-4.8968209641168895e-15,5.3792623333492884e-07,1.2026384834662451e-06,3.1346454642199016e-15,5.3792622978221516e-07,-1.0177300681091239e-06,1.7621754998970176e-15,-1.0758522195342124e-06,1.2026384834662451e-06,3.2613545425519894e-13,2.3169626097718776e-06,2.6668472207145996e-15,6.6613381477509392e-16,train,2.13.1,10,7
h2o-v2-0826,H2O,1.005620059207,1.104309396143,126.543701718108,0.0000000000000000e+00,0.0000000000000000e+00,0.0000000000000000e+00,0.0000000000000000e+00,0.0000000000000000e+00,1.0056200592068083e+00,8.8720540710574025e-01,0.0000000000000000e+00,-6.5754528970327331e-01,full_domain_latin_hypercube,full-space CASCI analytic nuclear gradient,direct FCI,sto-3g,-74.9228118191341821,-74.9840505725815802,-74.9840505725221931,5.9387161854829174e-11,-2040.4199624192149258,1.0466219557527288,-2.3081766927676948e+00,-7.8886090522101181e-31,-5.1538999249106876e+00,3.2356094229188810e+00,-4.9303806576313238e-32,7.9907664303130777e-01,-9.2743273015118644e-01,3.9443045261050590e-31,4.3548232818793799e+00,-2.3081772767776516e+00,2.0988630294269736e-15,-5.1538984363316720e+00,3.2356139006847084e+00,-4.3459867113644623e-16,7.9907813161032348e-01,-9.2743662390700043e-01,-1.6642643582906413e-15,4.3548203047212573e+00,5.8400995683882684e-07,-2.0988630294269744e-15,-1.4885790156071721e-06,-4.4777658274597343e-06,4.3459867113644618e-16,-1.4885790157181944e-06,3.8937558139995332e-06,1.6642643582906417e-15,2.9771581226967214e-06,4.4777658274597343e-06,1.0747050631948813e-13,9.7046026819036513e-06,2.2204460492503131e-16,2.2204460492503131e-16,train,2.13.1,10,7
h2o-v2-0827,H2O,0.889451031541,1.152643669171,80.876434158296,0.0000000000000000e+00,0.0000000000000000e+00,0.0000000000000000e+00,0.0000000000000000e+00,0.0000000000000000e+00,8.8945103154105620e-01,1.1380611967119396e+00,0.0000000000000000e+00,1.8276799670542224e-01,full_domain_latin_hypercube,full-space CASCI analytic nuclear gradient,direct FCI,sto-3g,-74.9113936223978669,-74.9770433456072141,-74.9770433455718859,3.5328184821992181e-11,-2040.2292860595021011,1.2372983154655126,5.7501655741219935e+00,3.1289577816520418e-22,-8.6111106820519154e+00,-2.5863485199309664e+00,3.1289578092621735e-22,1.1140565927719923e+01,-3.1638170541910271e+00,3.1289577934849554e-22,-2.5294552456680086e+00,5.7501644161162320e+00,-1.3991143904291440e-15,-8.6111094529360912e+00,-2.5863467960924806e+00,2.3410509171415703e-15,1.1140567156835747e+01,-3.1638176200237726e+00,-9.4193652671252918e-16,-2.5294577038997694e+00,1.1580057615034889e-06,1.3991147033249222e-15,-1.2291158242305755e-06,-1.7238384857343192e-06,-2.3410506042457894e-15,-1.2291158242305755e-06,5.6583274554711238e-07,9.4193683960830853e-16,2.4582317608157211e-06,2.4582317608157211e-06,1.1566797721300550e-13,4.2274719467272348e-06,1.3322676295505186e-15,1.2711714018181774e-30,train,2.13.1,10,7
h2o-v2-0828,H2O,0.778836411139,0.976548782753,124.977127545950,0.0000000000000000e+00,0.0000000000000000e+00,0.0000000000000000e+00,0.0000000000000000e+00,0.0000000000000000e+00,7.7883641113934388e-01,8.0016546983575521e-01,0.0000000000000000e+00,-5.5980598958770866e-01,full_domain_latin_hypercube,full-space CASCI analytic nuclear gradient,direct FCI,sto-3g,-74.8708450096398650,-74.9095247352018418,-74.9095247351739175,2.7924329515371937e-11,-2038.3920110729691260,3.0745733019984804,-4.7333349133404923e+00,-7.8886090522101181e-31,-2.7005473545183992e+01,2.9484631595996280e+00,3.1554436208840472e-30,2.5384323150534552e+01,1.7848717537408645e+00,-3.1554436208840472e-30,1.6211503946494434e+00,-4.7333348306429492e+00,4.0393321562399873e-15,-2.7005473847296507e+01,2.9484623601188806e+00,-1.9305294664328198e-15,2.5384322848422038e+01,1.7848724705236712e+00,-2.1088026898070898e-15,1.6211509988743797e+00,-8.2697543035692433e-08,-4.0393321562399881e-15,3.0211251456080390e-07,7.9948074738211972e-07,1.9305294664328230e-15,3.0211251456080390e-07,-7.1678280666453986e-07,2.1088026898070866e-15,-6.0422493630696295e-07,7.9948074738211972e-07,4.0745735573839475e-13,1.5074039492191105e-06,3.1165445441279525e-15,8.8817841970012523e-16,train,2.13.1,10,7
h2o-v2-0830,H2O,0.966787451660,1.182726186109,120.694480719454,0.0000000000000000e+00,0.0000000000000000e+00,0.0000000000000000e+00,0.0000000000000000e+00,0.0000000000000000e+00,9.6678745165954050e-01,1.0170279600360308e+00,0.0000000000000000e+00,-6.0373451103294629e-01,full_domain_latin_hypercube,full-space CASCI analytic nuclear gradient,direct FCI,sto-3g,-74.9137518234030892,-74.9801270055247215,-74.9801270053983018,1.2641976354643703e-10,-2040.3131967205688397,1.1533876543989452,2.3644258802639451e-01,1.9839851766308447e-28,-8.0495204483622587e+00,2.8150784142857646e+00,-1.2069571849881481e-28,3.5620420250108249e+00,-3.0515210023121591e+00,-7.7308368711659157e-29,4.4874784233514333e+00,2.3644243110884955e-01,3.2350513659175680e-15,-8.0495200087861374e+00,2.8150795109523772e+00,1.3574630481616050e-15,3.5620424645869462e+00,-3.0515219420615636e+00,-4.5925144140791715e-15,4.4874775441990824e+00,1.5691754495783528e-07,-3.2350513659173696e-15,-4.3957612128053825e-07,-1.0966666126321911e-06,-1.3574630481617257e-15,-4.3957612128053825e-07,9.3974940451602151e-07,4.5925144140790942e-15,8.7915235091884369e-07,1.0966666126321911e-06,3.5405275101101243e-13,2.5217251926612505e-06,3.9443045261050590e-31,1.0541090286369472e-28,train,2.13.1,10,7
h2o-v2-0832,H2O,0.761676196805,1.050008109355,119.817537103614,0.0000000000000000e+00,0.0000000000000000e+00,0.0000000000000000e+00,0.0000000000000000e+00,0.0000000000000000e+00,7.6167619680484555e-01,9.1100099956003744e-01,0.0000000000000000e+00,-5.2210555303725659e-01,full_domain_latin_hypercube,full-space CASCI analytic nuclear gradient,direct FCI,sto-3g,-74.8524636692910263,-74.8957880047531859,-74.8957880046430660,1.1011991318810033e-10,-2038.0182155949737535,3.4483687799938822,-1.1548208852295689e+00,-2.3665827156630354e-28,-3.3045872813343763e+01,2.6796526332345314e+00,1.5153833100020976e-28,2.9931550489996972e+01,-1.5248317480049625e+00,8.4408116858648263e-29,3.1143223233467916e+00,-1.1548204880786648e+00,3.1423975539050220e-15,-3.3045874323565677e+01,2.6796492423541372e+00,2.7271851678623715e-17,2.9931548979775062e+01,-1.5248287542753751e+00,-3.1696694055836393e-15,3.1143253437906853e+00,-3.9715090416336807e-07,-3.1423975539052587e-15,1.5102219137475004e-06,3.3908803942495069e-06,-2.7271851678472176e-17,1.5102219101947867e-06,-2.9937295873416758e-06,3.1696694055837237e-15,-3.0204438936642930e-06,3.3908803942495069e-06,1.2018501406185938e-13,6.8974231162144406e-06,8.8817841970012523e-16,4.4408920985006262e-16,train,2.13.1,10,7
h2o-v2-0835,H2O,0.827333600235,1.157093717175,99.057408540259,0.0000000000000000e+00,0.0000000000000000e+00,0.0000000000000000e+00,0.0000000000000000e+00,0.0000000000000000e+00,8.2733360023505120e-01,1.1426660342132762e+00,0.0000000000000000e+00,-1.8215434274598516e-01,full_domain_latin_hypercube,full-space CASCI analytic nuclear gradient,direct FCI,sto-3g,-74.8960445215048338,-74.9543041950509945,-74.9543041950282145,2.2780000108468812e-11,-2039.6105222508113002,1.8560621241564759,4.3978634017616223e+00,-1.9665320945307639e-22,-1.9691687428111354e+01,2.5722615091161044e-01,-1.9665320826978503e-22,1.8763370156364029e+01,-4.6550895526732319e+00,3.9330641732843097e-22,9.2831727174732359e-01,4.3978639018214301e+00,5.7195224280079967e-15,-1.9691688313758746e+01,2.5722472724454354e-01,-3.4196193339110440e-15,1.8763369270716638e+01,-4.6550886290657711e+00,-2.2999030940969314e-15,9.2831904304189328e-01,-5.0005980778422554e-07,-5.7195226246612062e-15,8.8564739186836050e-07,1.4236670669021123e-06,3.4196191372578358e-15,8.8564739186836050e-07,-9.2360746073438804e-07,2.2999034874033487e-15,-1.7712945696857219e-06,1.7712945696857219e-06,2.9563169130636553e-13,3.3700849773055097e-06,1.6011864169946884e-15,1.3322676295502843e-15,train,2.13.1,10,7
h2o-v2-0837,H2O,0.920076872876,0.986491033650,123.509698097768,0.0000000000000000e+00,0.0000000000000000e+00,0.0000000000000000e+00,0.0000000000000000e+00,0.0000000000000000e+00,9.2007687287552287e-01,8.2252871390326809e-01,0.0000000000000000e+00,-5.4462011923510112e-01,full_domain_latin_hypercube,full-space CASCI analytic nuclear gradient,direct FCI,sto-3g,-74.9398880097480458,-74.9865512234791822,-74.9865512234198661,5.9316107581253164e-11,-2040.4880085966560728,0.9785757783117045,-5.1733405794048428e+00,-2.4643377595037352e-22,-7.8124002951183282e+00,2.9145461747980028e+00,-2.4643377437265171e-22,6.0478155118014518e+00,2.2587944046068396e+00,-2.4643377595037352e-22,1.7645847833168762e+00,-5.1733408487281096e+00,1.5033826134694745e-15,-7.8123997051008134e+00,2.9145478854475124e+00,-2.9217873914891869e-15,6.0478161018189667e+00,2.2587929632804045e+00,1.4184047780195137e-15,1.7645836032817903e+00,2.6932326679940388e-07,-1.5033828599032504e-15,-5.9001751484544229e-07,-1.7106495096008700e-06,2.9217871450554126e-15,-5.9001751484544229e-07,1.4413264350920940e-06,-1.4184050244532896e-15,1.1800350858681696e-06,1.7106495096008700e-06,2.0081721925927977e-13,3.3295171766312137e-06,4.9650683065000495e-16,1.3266734084533265e-30,train,2.13.1,10,7
h2o-v2-0840,H2O,0.891809202350,1.186595865386,116.257014133701,0.0000000000000000e+00,0.0000000000000000e+00,0.0000000000000000e+00,0.0000000000000000e+00,0.0000000000000000e+00,8.9180920235032546e-01,1.0641612308379629e+00,0.0000000000000000e+00,-5.2494820938188569e-01,full_domain_latin_hypercube,full-space CASCI analytic nuclear gradient,direct FCI,sto-3g,-74.9061310796050890,-74.9683520055624086,-74.9683520054973371,6.5071503740909975e-11,-2039.9927826485477453,1.4738017264199359,1.4165937004221265e+00,1.8561897099850408e-27,-1.4066890764149726e+01,2.4875680800741438e+00,-1.1821080664736862e-27,1.0056296582165634e+01,-3.9041617804962701e+00,-6.7230670647460731e-28,4.0105941819840911e+00,1.4165938165604099e+00,4.3033488065007978e-15,-1.4066891101034619e+01,2.4875673492439900e+00,-3.0133776427710582e-15,1.0056296245280741e+01,-3.9041611658045254e+00,-1.2899711637295154e-15,4.0105948557536886e+00,-1.1613828343470800e-07,-4.3033488064989416e-15,3.3688489331495930e-07,7.3083015372787941e-07,3.0133776427698761e-15,3.3688489331495930e-07,-6.1469174461592502e-07,1.2899711637288431e-15,-6.7376959744791520e-07,7.3083015372787941e-07,2.2712243541432337e-13,1.6914419229685507e-06,4.4408920985006262e-16,8.8817841970012523e-16,train,2.13.1,10,7
h2o-v2-0846,H2O,1.119321606441,1.224161712809,126.234099130945,0.0000000000000000e+00,0.0000000000000000e+00,0.0000000000000000e+00,0.0000000000000000e+00,0.0000000000000000e+00,1.1193216064414298e+00,9.8741945709680989e-01,0.0000000000000000e+00,-7.2358462867458362e-01,full_domain_latin_hypercube,full-space CASCI analytic nuclear gradient,direct FCI,sto-3g,-74.8776464199786460,-74.9611553514912714,-74.9611553507311044,7.6016704042558558e-10,-2039.7969517149392686,1.6696326600284130,-6.2132239308996684e-01,4.8701934301837420e-22,-2.0510206028756244e+00,2.8515083052127430e+00,4.8701933920349217e-22,-2.8156883398460772e+00,-2.2301859121227761e+00,4.8701934262394375e-22,4.8667089427217016e+00,-6.2132413952469434e-01,-1.8796169787506129e-15,-2.0510162452753069e+00,2.8515213778788482e+00,-4.2462208892324282e-17,-2.8156839822457598e+00,-2.2301972383543300e+00,1.9220791876429262e-15,4.8667002275211235e+00,1.7464347275009118e-06,1.8796174657699559e-15,-4.3576003174727873e-06,-1.3072666105173880e-05,4.2462695911663485e-17,-4.3576003174727873e-06,1.1326231553976385e-05,-1.9220787006235836e-15,8.7152005781021558e-06,1.3072666105173880e-05,1.8524057026075545e-13,3.1433563344007709e-05,1.4610580248458101e-21,6.6613381477509392e-16,train,2.13.1,10,7
h2o-v2-0847,H2O,1.041765259599,1.217619786516,119.601193590628,0.0000000000000000e+00,0.0000000000000000e+00,0.0000000000000000e+00,0.0000000000000000e+00,0.0000000000000000e+00,1.0417652595989306e+00,1.0587017010985424e+00,0.0000000000000000e+00,-6.0145544523724137e-01,full_domain_latin_hypercube,full-space CASCI analytic nuclear gradient,direct FCI,sto-3g,-74.9037715389797398,-74.9796657313956416,-74.9796657310154302,3.8021141790522961e-10,-2040.3006448120770528,1.1659395628906208,7.3297065224728097e-01,1.7256332301709633e-31,-4.0159642276713647e+00,2.5426688308067367e+00,-1.9721522630525295e-31,-3.4694106805414021e-01,-3.2756394830540176e+00,-1.9721522630525295e-31,4.3629052957255041e+00,7.3296984632265882e-01,-1.2417662266806171e-16,-4.0159622898681944e+00,2.5426737452923969e+00,6.4528384063861091e-16,-3.4693913025097023e-01,-3.2756435916150846e+00,-5.2110721797049154e-16,4.3629014201191358e+00,8.0592462214923444e-07,1.2417662266806188e-16,-1.9378031703709553e-06,-4.9144856602012510e-06,-6.4528384063861111e-16,-1.9378031699823772e-06,4.1085610669178152e-06,5.2110721797049135e-16,3.8756063682754416e-06,4.9144856602012510e-06,4.0509602541693862e-14,1.1693967904902181e-05,8.8817841970012523e-16,6.6613381477509392e-16,train,2.13.1,10,7
h2o-v2-0848,H2O,1.028031822019,1.170213170415,90.923002995669,0.0000000000000000e+00,0.0000000000000000e+00,0.0000000000000000e+00,0.0000000000000000e+00,0.0000000000000000e+00,1.0280318220193192e+00,1.1700613302913185e+00,0.0000000000000000e+00,-1.8850664993878680e-02,full_domain_latin_hypercube,full-space CASCI analytic nuclear gradient,direct FCI,sto-3g,-74.9354583465371604,-75.0095193694954503,-75.0095193693807971,1.1465317584224977e-10,-2041.1130036892589033,0.3535806857087836,4.7235069645057504e+00,-2.5265976746063593e-22,-1.1095973476698252e-01,-5.1459090989262168e-01,-2.5265976750993974e-22,4.9527716541539385e-01,-4.2089160546131286e+00,-2.5265976736202832e-22,-3.8431743064841134e-01,4.7235062601922806e+00,-8.2530349221458587e-16,-1.1095891817436866e-01,-5.1458946179782350e-01,-2.4120598883201699e-16,4.9527798200800771e-01,-4.2089167983945668e+00,1.0665094810467484e-15,-3.8431906383373965e-01,7.0431346976818077e-07,8.2530323955481841e-16,-8.1659261386146653e-07,-1.4480947981843073e-06,2.4120573617224948e-16,-8.1659261386146653e-07,7.4378143821718368e-07,-1.0665097337065157e-15,1.6331853283091391e-06,1.6331853283091391e-06,1.4915465169546990e-13,3.4136353039837530e-06,7.5797930233260398e-22,2.2204460492503131e-16,train,2.13.1,10,7
h2o-v2-0849,H2O,0.856523819601,0.903411007868,92.675509430321,0.0000000000000000e+00,0.0000000000000000e+00,0.0000000000000000e+00,0.0000000000000000e+00,0.0000000000000000e+00,8.5652381960105040e-01,9.0242621664107148e-01,0.0000000000000000e+00,-4.2170755943285274e-02,full_domain_latin_hypercube,full-space CASCI analytic nuclear gradient,direct FCI,sto-3g,-74.9251854979268046,-74.9677543762423113,-74.9677543762253009,1.7010393094096798e-11,-2039.9765203262866180,1.4900640486810313,-6.7436104386516575e+00,-7.8886090522101181e-31,-1.2022923757207090e+01,-1.6454121588333048e+00,3.9443045261050590e-31,1.3976663685359476e+01,8.3890225974849635e+00,2.9582283945787943e-31,-1.9537399281523855e+00,-6.7436112783102073e+00,-1.2296987356129535e-15,-1.2022922826738526e+01,-1.6454103490724434e+00,1.3609358217636210e-15,1.3976664615828041e+01,8.3890216273828493e+00,-1.3123708615068224e-16,-1.9537417890895947e+00,8.3965854980050381e-07,1.2296987356129527e-15,-9.3046856441958425e-07,-1.8097608613931726e-06,-1.3609358217636206e-15,-9.3046856441958425e-07,9.7010211419501502e-07,1.3123708615068253e-16,1.8609372092193155e-06,1.8609372092193155e-06,2.1449290467798976e-13,3.2703716721371734e-06,1.7901808365247238e-15,6.6613381477509392e-16,train,2.13.1,10,7
h2o-v2-0851,H2O,1.000168206899,1.035102684977,127.894743747182,0.0000000000000000e+00,0.0000000000000000e+00,0.0000000000000000e+00,0.0000000000000000e+00,0.0000000000000000e+00,1.0001682068986668e+00,8.1684138347961321e-01,0.0000000000000000e+00,-6.3577332649508556e-01,full_domain_latin_hypercube,full-space CASCI analytic nuclear gradient,direct FCI,sto-3g,-74.9320585317605037,-74.9870029180640643,-74.9870029180461586,1.7905676941154525e-11,-2040.5002998324703185,0.9662845424972583,-4.3280073371538119e+00,-4.1908235589866252e-31,-3.8872558222301108e+00,3.2838331394145497e+00,5.9164567891575885e-31,6.7913310383573233e-01,1.0441741977392622e+00,0.0000000000000000e+00,3.2081227183943786e+00,-4.3280075833302254e+00,1.3538796304889609e-16,-3.8872552703918304e+00,3.2838349203062767e+00,-9.8839263024558147e-16,6.7913365567401285e-01,1.0441726630237349e+00,8.5300466719678080e-16,3.2081216147179834e+00,2.4617641347646213e-07,-1.3538796304889651e-16,-5.5183828040483718e-07,-1.7808917269768187e-06,9.8839263024558206e-16,-5.5183828051585948e-07,1.5347155273293112e-06,-8.5300466719678080e-16,1.1036763951643991e-06,1.7808917269768187e-06,2.7075542246747819e-13,3.6584511060588909e-06,1.7256332301709633e-31,5.7271540685521154e-31,test,2.13.1,10,7
h2o-v2-0852,H2O,1.176532496090,1.180557931806,110.793807746927,0.0000000000000000e+00,0.0000000000000000e+00,0.0000000000000000e+00,0.0000000000000000e+00,0.0000000000000000e+00,1.1765324960896173e+00,1.1036611684361091e+00,0.0000000000000000e+00,-4.1910506515210000e-01,full_domain_latin_hypercube,full-space CASCI analytic nuclear gradient,direct FCI,sto-3g,-74.9011194332842081,-74.9859760058822076,-74.9859760056022679,2.7993962703476427e-10,-2040.4723561284492916,0.9942282465184709,1.9059654461204150e+00,-3.2146081887756231e-28,1.2466045736396969e+00,1.5480212527239385e+00,1.6763294235946501e-28,-4.2084562020273610e+00,-3.4539866988443535e+00,1.5299587478212202e-28,2.9618516283876639e+00,1.9059652652505168e+00,3.4866361831147365e-15,1.2466048371883376e+00,1.5480219147040764e+00,-3.4498035012782311e-15,-4.2084559384787203e+00,-3.4539871799547641e+00,-3.6832681836525457e-17,2.9618511012901823e+00,1.8086989816978871e-07,-3.4866361831150580e-15,-2.6354864068878214e-07,-6.6198013781715304e-07,3.4498035012783987e-15,-2.6354864068878214e-07,4.8111041062171012e-07,3.6832681836678453e-17,5.2709748166179793e-07,6.6198013781715304e-07,2.6333628911490888e-13,1.5622139457049933e-06,8.3200173597528589e-31,1.6653345369377348e-16,train,2.13.1,10,7
h2o-v2-0853,H2O,1.007472318762,1.053758242456,123.407963249059,0.0000000000000000e+00,0.0000000000000000e+00,0.0000000000000000e+00,0.0000000000000000e+00,0.0000000000000000e+00,1.0074723187622219e+00,8.7964718713151235e-01,0.0000000000000000e+00,-5.8019588047092419e-01,full_domain_latin_hypercube,full-space CASCI analytic nuclear gradient,direct FCI,sto-3g,-74.9377887194673065,-74.9951635453685839,-74.9951635453493424,1.9241497284383513e-11,-2040.7223618140633334,0.7442225609044193,-3.0239141227240469e+00,-2.1092728386817329e-22,-3.8160992564369223e+00,2.9325138445457966e+00,-2.1092724107246918e-22,5.1773543473782713e-01,9.1400278178250291e-02,-2.1092724679171074e-22,3.2983638216990956e+00,-3.0239145156441687e+00,3.6347684184267321e-15,-3.8160984475203810e+00,2.9325162310164119e+00,1.0308972776490530e-15,5.1773624365436854e-01,9.1398284627494969e-02,-4.6656656960756126e-15,3.2983622038658411e+00,3.9292012177227775e-07,-3.6347686293540159e-15,-8.0891654130610391e-07,-2.3864706153453596e-06,-1.0308974885762941e-15,-8.0891654141712621e-07,1.9935507553220377e-06,4.6656654851483658e-15,1.6178332544747320e-06,2.3864706153453596e-06,3.1294268728168557e-13,4.9840754785535069e-06,4.4947753132567317e-16,1.3753197870419598e-29,train,2.13.1,10,7
h2o-v2-0854,H2O,0.790853550972,0.879239574649,104.389825149977,0.0000000000000000e+00,0.0000000000000000e+00,0.0000000000000000e+00,0.0000000000000000e+00,0.0000000000000000e+00,7.9085355097234589e-01,8.5165546347315146e-01,0.0000000000000000e+00,-2.1850675313288476e-01,full_domain_latin_hypercube,full-space CASCI analytic nuclear gradient,direct FCI,sto-3g,-74.8837781490250052,-74.9199282171100833,-74.9199282171039158,6.1675109463976696e-12,-2038.6751042374773988,2.7914801374901734,-9.7094766804075281e+00,-3.9443045261050590e-30,-2.1203280281584149e+01,2.7104642502214754e-02,1.1832913578315177e-30,2.3662288605579512e+01,9.6823720379053135e+00,1.1832913578315177e-30,-2.4590083239953655e+00,-9.7094772652981689e+00,6.3095625501592508e-15,-2.1203279411263427e+01,2.7106482170526518e-02,-3.0073368512842197e-15,2.3662289475900234e+01,9.6823707831276842e+00,-3.3022256988748209e-15,-2.4590100646370354e+00,5.8489064080902153e-07,-6.3095625501592547e-15,-8.7032072215720291e-07,-1.8396683117635759e-06,3.0073368512842208e-15,-8.7032072215720291e-07,1.2547776293558854e-06,3.3022256988748221e-15,1.7406416699117244e-06,1.8396683117635759e-06,2.3220897798011994e-13,3.2115125181420012e-06,2.6645352591003757e-15,4.4408920985006262e-16,train,2.13.1,10,7
h2o-v2-0856,H2O,0.892308109771,1.244405550046,119.167846209934,0.0000000000000000e+00,0.0000000000000000e+00,0.0000000000000000e+00,0.0000000000000000e+00,0.0000000000000000e+00,8.9230810977134600e-01,1.0866096021344780e+00,0.0000000000000000e+00,-6.0648556910567297e-01,full_domain_latin_hypercube,full-space CASCI analytic nuclear gradient,direct FCI,sto-3g,-74.8842128446097206,-74.9523525400764754,-74.9523525398832504,1.9322499156260164e-10,-2039.5574150134807496,1.9091693614870189,1.2637445867985004e+00,-1.9721522630525295e-31,-1.4718348885123033e+01,2.7814930479436413e+00,7.8886090522101181e-31,1.0176398359992101e+01,-4.0452376347421417e+00,-1.1832913578315177e-30,4.5419505251309307e+00,1.2637449832638434e+00,-1.3854259141616975e-15,-1.4718350392362835e+01,2.7814897312385201e+00,4.0657630908812581e-15,1.0176396852752299e+01,-4.0452347145024685e+00,-2.6803371767196176e-15,4.5419535396102937e+00,-3.9646534299997427e-07,1.3854259141616973e-15,1.5072398014126520e-06,3.3167051212146248e-06,-4.0657630908812573e-15,1.5072398014126520e-06,-2.9202396731875524e-06,2.6803371767196164e-15,-3.0144793630171307e-06,3.3167051212146248e-06,2.6333853583584895e-13,8.0061683962462382e-06,1.7763568394002505e-15,1.8254671416499852e-30,train,2.13.1,10,7
h2o-v2-0857,H2O,1.106745573654,1.229931833177,112.333766710343,0.0000000000000000e+00,0.0000000000000000e+00,0.0000000000000000e+00,0.0000000000000000e+00,0.0000000000000000e+00,1.1067455736543019e+00,1.1376696392307348e+00,0.0000000000000000e+00,-4.6737576556169352e-01,full_domain_latin_hypercube,full-space CASCI analytic nuclear gradient,direct FCI,sto-3g,-74.9012172465275796,-74.9845022494605757,-74.9845022490114843,4.4909143070981372e-10,-2040.4322531732277639,1.0343312017399999,2.2617426428380769e+00,7.2259658918244681e-28,-8.0524590089515280e-01,1.7734355668071351e+00,-4.2125172338802030e-28,-2.5777102191592505e+00,-4.0351782096452125e+00,-3.0198581527991858e-28,3.3829561200544034e+00,2.2617418940476219e+00,-4.6816135095605431e-15,-8.0524456852665682e-01,1.7734387064732891e+00,5.0867863601283136e-15,-2.5777088867907545e+00,-4.0351806005207385e+00,-4.0517285056774587e-16,3.3829534553172116e+00,7.4879045497411312e-07,4.6816135095612657e-15,-1.3323684959765103e-06,-3.1396661539506709e-06,-5.0867863601287348e-15,-1.3323684959765103e-06,2.3908755260038106e-06,4.0517285056744388e-16,2.6647371917931650e-06,3.1396661539506709e-06,2.6386673218826151e-13,7.6238393853511610e-06,8.8817841970012523e-16,3.3306690738754696e-16,train,2.13.1,10,7
h2o-v2-0858,H2O,0.892671046753,1.082696107937,118.167352789750,0.0000000000000000e+00,0.0000000000000000e+00,0.0000000000000000e+00,0.0000000000000000e+00,0.0000000000000000e+00,8.9267104675303233e-01,9.5447518935027631e-01,0.0000000000000000e+00,-5.1108509571008698e-01,full_domain_latin_hypercube,full-space CASCI analytic nuclear gradient,direct FCI,sto-3g,-74.9299171347024640,-74.9826202405634348,-74.9826202402247048,3.3872993299155496e-10,-2040.3810411022091102,1.0855432727584884,-7.9569359490311520e-01,-2.3665827156630354e-30,-1.2809517940849362e+01,2.5965917558260223e+00,1.9721522630525295e-30,9.4167482536589837e+00,-1.8008981609229073e+00,3.9443045261050590e-31,3.3927696871903774e+00,-7.9569343235657330e-01,5.8037090388285068e-15,-1.2809518347433514e+01,2.5965907776015924e+00,-3.3853979229696962e-15,9.4167478470748325e+00,-1.8008973452454686e+00,-2.4183111158587992e-15,3.3927705003585555e+00,-1.6254654189307161e-07,-5.8037090388285092e-15,4.0658415123573377e-07,9.7822442990391778e-07,3.3853979229696982e-15,4.0658415123573377e-07,-8.1567743870358811e-07,2.4183111158587996e-15,-8.1316817812648878e-07,9.7822442990391778e-07,4.6666000577372002e-13,2.0662620414668709e-06,1.3506446028928519e-15,8.8817841970012523e-16,train,2.13.1,10,7
h2o-v2-0859,H2O,0.782957707678,0.922065498480,111.038269310139,0.0000000000000000e+00,0.0000000000000000e+00,0.0000000000000000e+00,0.0000000000000000e+00,0.0000000000000000e+00,7.8295770767830353e-01,8.6060140089218806e-01,0.0000000000000000e+00,-3.3101361342107466e-01,full_domain_latin_hypercube,full-space CASCI analytic nuclear gradient,direct FCI,sto-3g,-74.8854171187610689,-74.9226414369194487,-74.9226414369071705,1.2278178473934531e-11,-2038.7489347096804977,2.7176496652872673,-6.4875454905150756e+00,-1.1093356479670479e-30,-2.4121902318647976e+01,1.1893193402095865e+00,3.9443045261050590e-31,2.5077743475278549e+01,5.2982261503054886e+00,7.8886090522101181e-31,-9.5584115663057179e-01,-6.4875461082036248e+00,-1.5439917772529116e-16,-2.4121901142432691e+01,1.1893219328115223e+00,-2.6360345301946206e-15,2.5077744651493834e+01,5.2982241753918382e+00,2.7904337079198550e-15,-9.5584350906116555e-01,6.1768854919819205e-07,1.5439917772529005e-16,-1.1762152851702012e-06,-2.5926019358024632e-06,2.6360345301946210e-15,-1.1762152851702012e-06,1.9749136503932618e-06,-2.7904337079198542e-15,2.3524305937661083e-06,2.5926019358024632e-06,2.6473120775800621e-13,4.7081260703407679e-06,1.1102230246251565e-15,8.8817841970012523e-16,train,2.13.1,10,7
h2o-v2-0860,H2O,0.948510837843,1.097247293041,127.382328311930,0.0000000000000000e+00,0.0000000000000000e+00,0.0000000000000000e+00,0.0000000000000000e+00,0.0000000000000000e+00,9.4851083784293899e-01,8.7187480044954657e-01,0.0000000000000000e+00,-6.6617261608933809e-01,full_domain_latin_hypercube,full-space CASCI analytic nuclear gradient,direct FCI,sto-3g,-74.9216134991099239,-74.9780934813747137,-74.9780934813342697,4.0444092519464903e-11,-2040.2578617094823130,1.2087226654853518,-2.4280483207315346e+00,-5.2146558553357386e-22,-8.7072404180767702e+00,3.4023084920867182e+00,-5.2146558395585205e-22,4.2614737511951608e+00,-9.7426017135518395e-01,-5.2146558198369978e-22,4.4457666668816103e+00,-2.4280486843202138e+00,-3.4439306122492951e-15,-8.7072392952968176e+00,3.4023117929083186e+00,2.3882404721069586e-15,4.2614748739751134e+00,-9.7426310858844911e-01,1.0556901401421127e-15,4.4457644213215781e+00,3.6358867916419513e-07,3.4439300907837096e-15,-1.1227799525670434e-06,-3.3008216004937196e-06,-2.3882409935725425e-15,-1.1227799525670434e-06,2.9372332651655952e-06,-1.0556906616076947e-15,2.2455600321436009e-06,3.3008216004937196e-06,3.6665436015219288e-13,7.0454166305466970e-06,9.9301366130014145e-16,2.2204460492503131e-16,train,2.13.1,10,7
h2o-v2-0861,H2O,0.844837829057,0.857823531503,124.298544546415,0.0000000000000000e+00,0.0000000000000000e+00,0.0000000000000000e+00,0.0000000000000000e+00,0.0000000000000000e+00,8.4483782905722071e-01,7.0865883582211142e-01,0.0000000000000000e+00,-4.8338790387379621e-01,full_domain_latin_hypercube,full-space CASCI analytic nuclear gradient,direct FCI,sto-3g,-74.8975956279784327,-74.9329084866124333,-74.9329084866091648,3.2684965844964609e-12,-2039.0283153644829781,2.4382690104847096,-1.3506504921690421e+01,3.9443045261050590e-30,-8.9146563932874354e+00,2.4919633359768434e+00,-2.1693674893577825e-30,1.3457027294029322e+01,1.1014541585713578e+01,-1.7749370367472766e-30,-4.5423709007418855e+00,-1.3506504987388944e+01,2.4511069610350197e-15,-8.9146562644789320e+00,2.4919637309610554e+00,-1.4843354157835251e-15,1.3457027422837825e+01,1.1014541256427830e+01,-9.6677154525098147e-16,-4.5423711583588924e+00,6.5698522178081475e-08,-2.4511069610350157e-15,-1.2880850341900896e-07,-3.9498421200434564e-07,1.4843354157835229e-15,-1.2880850341900896e-07,3.2928574889012907e-07,9.6677154525097969e-16,2.5761700683801791e-07,3.9498421200434564e-07,5.8626503938474349e-14,6.7543292736615967e-07,8.8817841970012523e-16,1.5913266580706807e-30,train,2.13.1,10,7
h2o-v2-0864,H2O,1.114590056781,1.185836315487,104.105724185342,0.0000000000000000e+00,0.0000000000000000e+00,0.0000000000000000e+00,0.0000000000000000e+00,0.0000000000000000e+00,1.1145900567809979e+00,1.1500805897961828e+00,0.0000000000000000e+00,-2.8900242923047365e-01,full_domain_latin_hypercube,full-space CASCI analytic nuclear gradient,direct FCI,sto-3g,-74.9195251805037401,-74.9997312725087966,-74.9997312723423732,1.6642331956973067e-10,-2040.8466560015417599,0.6199283734258094,3.1207103867537271e+00,5.9164567891575885e-31,8.5492131180742648e-01,1.0218773560448360e+00,-4.9303806576313238e-31,-2.8862504916872633e+00,-4.1425877427985629e+00,-1.9721522630525295e-31,2.0313291798798367e+00,3.1207092650995012e+00,1.1940856629036639e-15,8.5492287432200964e-01,1.0218807772808272e+00,5.5105613901247358e-16,-2.8862489291726803e+00,-4.1425900423803155e+00,-1.7451418019165619e-15,2.0313260548504855e+00,1.1216542259440132e-06,-1.1940856629036633e-15,-1.5625145831643650e-06,-3.4212359911744983e-06,-5.5105613901247407e-16,-1.5625145830533427e-06,2.2995817525739426e-06,1.7451418019165617e-15,3.1250293512918859e-06,3.4212359911744983e-06,1.8566381497391692e-13,8.0718958554992781e-06,9.8607613152626476e-32,1.1102230246251565e-16,train,2.13.1,10,7
h2o-v2-0867,H2O,0.870323966366,1.125183156639,122.215062279729,0.0000000000000000e+00,0.0000000000000000e+00,0.0000000000000000e+00,0.0000000000000000e+00,0.0000000000000000e+00,8.7032396636591869e-01,9.5196464258228308e-01,0.0000000000000000e+00,-5.9983368966443351e-01,full_domain_latin_hypercube,full-space CASCI analytic nuclear gradient,direct FCI,sto-3g,-74.9067665962705291,-74.9613428326684641,-74.9613428326361202,3.2343905331799760e-11,-2039.8020533376657113,1.6645310373019702,-5.6899046126191166e-01,-3.9443045261050590e-31,-1.6356779412185798e+01,3.0729340105254694e+00,1.2818989709841442e-30,1.1969643979341731e+01,-2.5039435492635573e+00,-3.9443045261050590e-31,4.3871354328440679e+00,-5.6899044462954496e-01,-1.2517987449159841e-15,-1.6356779470721904e+01,3.0729338666098798e+00,-5.4391626694358342e-16,1.1969643920805625e+01,-2.5039434219803565e+00,1.7957150118594592e-15,4.3871355499161080e+00,-1.6632366706126334e-08,1.2517987449159837e-15,5.8536105740358835e-08,1.4391558966764251e-07,5.4391626694358470e-16,5.8536105740358835e-08,-1.2728320086807798e-07,-1.7957150118594596e-15,-1.1707204006228267e-07,1.4391558966764251e-07,1.7191300756029571e-13,3.1305043401985699e-07,9.9301366129890925e-16,1.7763568394002505e-15,train,2.13.1,10,7
h2o-v2-0872,H2O,0.772488449381,1.192494197555,103.725668124175,0.0000000000000000e+00,0.0000000000000000e+00,0.0000000000000000e+00,0.0000000000000000e+00,0.0000000000000000e+00,7.7248844938138506e-01,1.1584400460821713e+00,0.0000000000000000e+00,-2.8294711667445277e-01,full_domain_latin_hypercube,full-space CASCI analytic nuclear gradient,direct FCI,sto-3g,-74.8406443288538412,-74.8986097826920911,-74.8986097826702206,2.1870505406695884e-11,-2038.0950000843697580,3.3715842905979234,4.3719463368414528e+00,7.8886090522101181e-31,-3.0852475796796561e+01,9.5204004193821956e-01,2.3665827156630354e-30,2.8917247004924675e+01,-5.3239863787796722e+00,-1.1832913578315177e-30,1.9352287918718869e+00,4.3719465295496800e+00,-5.5454736315081710e-15,-3.0852476252817425e+01,9.5203932237442479e-01,5.1574648196771665e-15,2.8917246548903812e+01,-5.3239858519243928e+00,3.8800881183081628e-16,1.9352297039134772e+00,-1.9270822715355962e-07,5.5454736315081718e-15,4.5602086373719430e-07,7.1956379477100540e-07,-5.1574648196771641e-15,4.5602086373719430e-07,-5.2685527940354859e-07,-3.8800881183081746e-16,-9.1204159025082276e-07,9.1204159025082276e-07,3.1833677839648936e-13,1.7614724097114731e-06,1.1102230246251565e-15,1.3322676295501878e-15,train,2.13.1,10,7
h2o-v2-0873,H2O,0.754552454749,0.866818824548,116.022045767594,0.0000000000000000e+00,0.0000000000000000e+00,0.0000000000000000e+00,0.0000000000000000e+00,0.0000000000000000e+00,7.5455245474870025e-01,7.7894533246537334e-01,0.0000000000000000e+00,-3.8028810607265001e-01,full_domain_latin_hypercube,full-space CASCI analytic nuclear gradient,direct FCI,sto-3g,-74.8419206087248057,-74.8745683316294617,-74.8745683316269179,2.5437429940211587e-12,-2037.4407988735904382,4.0257855013771522,-1.1494682676251552e+01,3.4512664603419266e-31,-2.7290604759658169e+01,1.5001313665866618e+00,-2.9582283945787943e-31,3.0716880099222561e+01,9.9945513096648906e+00,0.0000000000000000e+00,-3.4262753395643943e+00,-1.1494682948481181e+01,-4.3714159326824659e-16,-2.7290604193074898e+01,1.5001327408788392e+00,-8.7626427337350537e-16,3.0716880665805832e+01,9.9945502076020851e+00,1.3134058666416725e-15,-3.4262764727310469e+00,2.7222962906137127e-07,4.3714159326824693e-16,-5.6658327096670291e-07,-1.3742921773918226e-06,8.7626427337350507e-16,-5.6658327096670291e-07,1.1020628054581039e-06,-1.3134058666416725e-15,1.1331666525116191e-06,1.3742921773918226e-06,2.7992137466401641e-13,2.3387517904538413e-06,3.1086244689504383e-15,4.4408920985006262e-16,train,2.13.1,10,7
h2o-v2-0874,H2O,0.820724195387,1.123056101386,116.939968033444,0.0000000000000000e+00,0.0000000000000000e+00,0.0000000000000000e+00,0.0000000000000000e+00,0.0000000000000000e+00,8.2072419538686470e-01,1.0011839692677083e+00,0.0000000000000000e+00,-5.0880808419533108e-01,full_domain_latin_hypercube,full-space CASCI analytic nuclear gradient,direct FCI,sto-3g,-74.8895748381684712,-74.9418207357537511,-74.9418207357348649,1.8886225916503463e-11,-2039.2708300181877803,2.1957543567798350,6.8207268673768717e-01,6.3108872417680944e-30,-2.2782968233578039e+01,2.5485931035935310e+00,-5.5220263365470826e-30,1.9051904802247471e+01,-3.2306657903312184e+00,-3.1554436208840472e-30,3.7310634313305684e+00,6.8207281545368548e-01,1.0617539234506891e-14,-2.2782968646728818e+01,2.5485922162640229e+00,-6.0885244758412537e-15,1.9051904389096691e+01,-3.2306650317176606e+00,-4.5290147586655019e-15,3.7310642576320663e+00,-1.2871599830432956e-07,-1.0617539234506885e-14,4.1315077936587841e-07,8.8732950809244926e-07,6.0885244758412481e-15,4.1315077936587841e-07,-7.5861355774975436e-07,4.5290147586654987e-15,-8.2630149789153506e-07,8.8732950809244926e-07,7.7471614041194225e-14,1.9415213454720970e-06,2.3665827156630354e-30,1.3322676295501878e-15,train,2.13.1,10,7
h2o-v2-0876,H2O,0.753361630081,1.052290699896,97.856491190238,0.0000000000000000e+00,0.0000000000000000e+00,0.0000000000000000e+00,0.0000000000000000e+00,0.0000000000000000e+00,7.5336163008090018e-01,1.0424134249926247e+00,0.0000000000000000e+00,-1.4384007954416905e-01,full_domain_latin_hypercube,full-space CASCI analytic nuclear gradient,direct FCI,sto-3g,-74.8528535285625622,-74.8991097699141903,-74.8991097698060173,1.0817302609211765e-10,-2038.1086054297884402,3.3579789451793229,2.5418433366447273e+00,-7.8886090522101181e-31,-3.2918786601739654e+01,-4.9278824390143211e-01,1.3805065841367707e-30,3.2992185030180124e+01,-2.0490550927432949e+00,-7.8886090522101181e-31,-7.3398428440469135e-02,2.5418431653077351e+00,3.3007194403794104e-15,-3.2918786308716456e+01,-4.9278777992681649e-01,-1.2795062915459649e-15,3.2992185323203323e+01,-2.0490553853809592e+00,-2.0212131488333262e-15,-7.3399014486925984e-02,1.7133699214966214e-07,-3.3007194403794112e-15,-2.9302319859425552e-07,-4.6397461561653586e-07,1.2795062915459663e-15,-2.9302319859425552e-07,2.9263766432308103e-07,2.0212131488333254e-15,5.8604645684912082e-07,5.8604645684912082e-07,7.1474309654237056e-14,1.0025363800236775e-06,8.3555347216104186e-16,5.5511151231257827e-16,train,2.13.1,10,7
h2o-v2-0878,H2O,0.880275061913,0.992288067589,97.287386794071,0.0000000000000000e+00,0.0000000000000000e+00,0.0000000000000000e+00,0.0000000000000000e+00,0.0000000000000000e+00,8.8027506191337690e-01,9.8427275237382683e-01,0.0000000000000000e+00,-1.2586801823430974e-01,full_domain_latin_hypercube,full-space CASCI analytic nuclear gradient,direct FCI,sto-3g,-74.9479151800996135,-74.9963857920581631,-74.9963857919912300,6.6933125708601438e-11,-2040.7556208408213934,0.7109635341463978,-9.9505576960313746e-01,4.9303806576313238e-32,-1.0651925061062078e+01,-3.7660402538004717e-01,3.9443045261050590e-31,1.1164144088388133e+01,1.3716597949831846e+00,0.0000000000000000e+00,-5.1221902732605518e-01,-9.9505634556950973e-01,-2.3349112721621076e-16,-1.0651924309600480e+01,-3.7660258515862122e-01,2.0340291552185155e-15,1.1164144839849731e+01,1.3716589307278746e+00,-1.8005380280021658e-15,-5.1222053024925007e-01,5.7596637226264846e-07,2.3349112721621081e-16,-7.5146159872474527e-07,-1.4402214259523483e-06,-2.0340291552185151e-15,-7.5146159872474527e-07,8.6425530998468503e-07,1.8005380280021658e-15,1.5029231948959776e-06,1.5029231948959776e-06,2.5646692556173047e-13,2.8558595225880445e-06,8.8817841970012523e-16,3.3306690738754696e-16,train,2.13.1,10,7
h2o-v2-0879,H2O,0.764905462694,1.236288866708,100.100641330583,0.0000000000000000e+00,0.0000000000000000e+00,0.0000000000000000e+00,0.0000000000000000e+00,0.0000000000000000e+00,7.6490546269436954e-01,1.2171278938066068e+00,0.0000000000000000e+00,-2.1681755478660983e-01,full_domain_latin_hypercube,full-space CASCI analytic nuclear gradient,direct FCI,sto-3g,-74.8195809235562308,-74.8822130782439643,-74.8822130781988733,4.5091042011335958e-11,-2037.6488230264703816,3.8177613484972110,5.3252908180820455e+00,1.1044052673094165e-28,-3.2232864179962711e+01,5.1100594819158296e-01,-8.2041534142985228e-29,3.0872051693829125e+01,-5.8362967662736285e+00,-2.8004562135345919e-29,1.3608124861335846e+00,5.3252911117401824e+00,-4.6093068570319760e-15,-3.2232864832083685e+01,5.1100501237115958e-01,7.5467817782234683e-15,3.0872051041708147e+01,-5.8362961241115938e+00,-2.9374749211917612e-15,1.3608137903754838e+00,-2.9365813691839548e-07,4.6093068570320865e-15,6.5212097410949355e-07,9.3582042337558846e-07,-7.5467817782235503e-15,6.5212097766220722e-07,-6.4216203465861099e-07,2.9374749211917332e-15,-1.3042418991471294e-06,1.3042418991471294e-06,2.5708057397004995e-13,2.4424753266583110e-06,1.3322676295501878e-15,6.6285517295048616e-29,validation,2.13.1,10,7
h2o-v2-0880,H2O,0.794180651091,1.082149175702,87.871539279643,0.0000000000000000e+00,0.0000000000000000e+00,0.0000000000000000e+00,0.0000000000000000e+00,0.0000000000000000e+00,7.9418065109053171e-01,1.0814025667257319e+00,0.0000000000000000e+00,4.0191132749332260e-02,full_domain_latin_hypercube,full-space CASCI analytic nuclear gradient,direct FCI,sto-3g,-74.8806820020615476,-74.9332753773865932,-74.9332753772069964,1.7959678189072292e-10,-2039.0382989710487891,2.4282854039189559,4.3514546315060576e+00,1.1832913578315177e-30,-2.3007534159432275e+01,-2.0811844045906347e+00,-1.9721522630525295e-30,2.4620329589375437e+01,-2.2702702269154234e+00,7.8886090522101181e-31,-1.6127954299431617e+00,4.3514515579812612e+00,-1.1997661313781596e-15,-2.3007530175935216e+01,-2.0811787016901548e+00,-1.3309684133534409e-15,2.4620333572872497e+01,-2.2702728562913066e+00,2.5307345447315814e-15,-1.6128033969372249e+00,3.0735247964486234e-06,1.1997661313781608e-15,-3.9834970593233265e-06,-5.7029004798536675e-06,1.3309684133534389e-15,-3.9834970593233265e-06,2.6293758832451886e-06,-2.5307345447315806e-15,7.9669940631355018e-06,7.9669940631355018e-06,2.0795375249929238e-13,1.3038983526225678e-05,6.2803698347351007e-16,4.4408920985006262e-16,train,2.13.1,10,7
h2o-v2-0881,H2O,0.943964891845,1.036378310600,95.361722137732,0.0000000000000000e+00,0.0000000000000000e+00,0.0000000000000000e+00,0.0000000000000000e+00,0.0000000000000000e+00,9.4396489184487808e-01,1.0318437552550395e+00,0.0000000000000000e+00,-9.6842487698001717e-02,full_domain_latin_hypercube,full-space CASCI analytic nuclear gradient,direct FCI,sto-3g,-74.9596905749835400,-75.0154773970709954,-75.0154773969463804,1.2461498499760637e-10,-2041.2751298788812164,0.1914544960863788,9.4610237276987008e-01,7.8886090522101181e-31,-5.0420446106502368e+00,-3.6494470723322736e-01,-7.8886090522101181e-31,5.3213642610814249e+00,-5.8115766553664272e-01,-3.9443045261050590e-31,-2.7931965043118889e-01,9.4610157312333776e-01,5.3260200371089846e-15,-5.0420436366348937e+00,-3.6494283369503167e-01,-3.3593504333656667e-15,5.3213652350967680e+00,-5.8115873942839469e-01,-1.9666696037432536e-15,-2.7932159846198590e-01,7.9964653232345029e-07,-5.3260200371089838e-15,-9.7401534304708548e-07,-1.8735381956958008e-06,3.3593504333656660e-15,-9.7401534304708548e-07,1.0738917519681479e-06,1.9666696037432532e-15,1.9480307970054511e-06,1.9480307970054511e-06,1.4256059100895338e-13,3.8826160286831168e-06,7.7715611723760958e-16,5.5511151231257827e-17,train,2.13.1,10,7
h2o-v2-0882,H2O,0.774404475488,0.987919443237,114.873833747935,0.0000000000000000e+00,0.0000000000000000e+00,0.0000000000000000e+00,0.0000000000000000e+00,0.0000000000000000e+00,7.7440447548752889e-01,8.9627628295649486e-01,0.0000000000000000e+00,-4.1554019171991896e-01,full_domain_latin_hypercube,full-space CASCI analytic nuclear gradient,direct FCI,sto-3g,-74.8775909105072799,-74.9178682198474917,-74.9178682198063370,4.1154635255225003e-11,-2038.6190488562995142,2.8475355186682325,-2.8628940336945017e+00,3.9443045261050590e-31,-2.8250765189814270e+01,1.9250644815032538e+00,-7.8886090522101181e-31,2.7022268241833011e+01,9.3782955219124831e-01,1.5777218104420236e-30,1.2284969479812591e+00,-2.8628938738646190e+00,-2.5863175030801798e-15,-2.8250765588995161e+01,1.9250636066273004e+00,-1.6310714681516043e-15,2.7022267842652120e+01,9.3783026723726837e-01,4.2173889712314614e-15,1.2284977463429056e+00,-1.5982988266216580e-07,2.5863175030801802e-15,3.9918089100865473e-07,8.7487595346047442e-07,1.6310714681516035e-15,3.9918089100865473e-07,-7.1504602006111639e-07,-4.2173889712314599e-15,-7.9836164657010045e-07,8.7487595346047442e-07,1.4489941732542725e-13,1.6901908579392000e-06,6.2803698347351007e-16,1.7627782854610612e-30,train,2.13.1,10,7
h2o-v2-0883,H2O,0.769935356237,1.086805671521,83.194070089401,0.0000000000000000e+00,0.0000000000000000e+00,0.0000000000000000e+00,0.0000000000000000e+00,0.0000000000000000e+00,7.6993535623659870e-01,1.0791472219126592e+00,0.0000000000000000e+00,1.2879379289763920e-01,full_domain_latin_hypercube,full-space CASCI analytic nuclear gradient,direct FCI,sto-3g,-74.8496211870287880,-74.9025650192133128,-74.9025650190308738,1.8243895283376332e-10,-2038.2026275530429302,3.2639568219247228,5.0624598069066407e+00,7.8886090522101181e-31,-2.7274666501907355e+01,-3.1870658473032023e+00,-1.5777218104420236e-30,2.9772355162913506e+01,-1.8753939596034386e+00,1.5777218104420236e-30,-2.4976886610061504e+00,5.0624552352875503e+00,-6.9882166580286401e-15,-2.7274661012544922e+01,-3.1870586694942307e+00,5.3455154662174090e-15,2.9772360652275939e+01,-1.8753965657933640e+00,1.6427011918104656e-15,-2.4976996397310050e+00,4.5716190903988263e-06,6.9882166580286409e-15,-5.4893624330532020e-06,-7.1778089716367788e-06,-5.3455154662174105e-15,-5.4893624330532020e-06,2.6061899254248289e-06,-1.6427011918104640e-15,1.0978724854560085e-05,1.0978724854560085e-05,4.6116905799021773e-14,1.7038448266948336e-05,9.1551335970444749e-16,4.4408920985006262e-16,train,2.13.1,10,7
h2o-v2-0885,H2O,1.098320585074,1.237186245618,118.353979689960,0.0000000000000000e+00,0.0000000000000000e+00,0.0000000000000000e+00,0.0000000000000000e+00,0.0000000000000000e+00,1.0983205850737934e+00,1.0887613992967944e+00,0.0000000000000000e+00,-5.8756141955261820e-01,full_domain_latin_hypercube,full-space CASCI analytic nuclear gradient,direct FCI,sto-3g,-74.8922063685186146,-74.9752638704199796,-74.9752638698050617,6.1491789438150590e-10,-2040.1808640728672799,1.2857203021005004,1.1515954119342287e+00,1.1832913578315177e-30,-1.8720897069630971e+00,2.2888411845343097e+00,-1.1832913578315177e-30,-2.2935146232141350e+00,-3.4404365964685382e+00,0.0000000000000000e+00,4.1656043301772314e+00,1.1515942909737318e+00,1.3279784219312568e-15,-1.8720873174641302e+00,2.2888472950093424e+00,1.9225835980023663e-15,-2.2935122337151683e+00,-3.4404415859830646e+00,-3.2505620199337697e-15,4.1655995511791559e+00,1.1209604968698272e-06,-1.3279784219312556e-15,-2.3894989669148714e-06,-6.1104750326279600e-06,-1.9225835980023674e-15,-2.3894989666928268e-06,4.9895145264322593e-06,3.2505620199337697e-15,4.7789980754942007e-06,6.1104750326279600e-06,1.4244399370696415e-13,1.4846095330200981e-05,9.9301366129890925e-16,9.9920072216264089e-16,train,2.13.1,10,7
h2o-v2-0886,H2O,0.864585150130,1.003641833883,112.536909641977,0.0000000000000000e+00,0.0000000000000000e+00,0.0000000000000000e+00,0.0000000000000000e+00,0.0000000000000000e+00,8.6458515013027692e-01,9.2699653545342853e-01,0.0000000000000000e+00,-3.8467434795933719e-01,full_domain_latin_hypercube,full-space CASCI analytic nuclear gradient,direct FCI,sto-3g,-74.9374581894854543,-74.9834282695202887,-74.9834282694451417,7.5146999733988196e-11,-2040.4030286902520857,1.0635556847155929,-2.4559389350548959e+00,-9.8607613152626476e-31,-1.3833610262641177e+01,1.7998534034608482e+00,5.9164567891575885e-31,1.2427189417352386e+01,6.5608553159404803e-01,1.3558546808486140e-31,1.4064208452887914e+00,-2.4559391244684892e+00,7.3331263491146939e-16,-1.3833609896769564e+01,1.7998542377635940e+00,-6.6771867316389427e-16,1.2427189783223998e+01,6.5608488670488374e-01,-6.5593961747688178e-17,1.4064201135455545e+00,1.8941359325452822e-07,-7.3331263491147038e-16,-3.6587161211798502e-07,-8.3430274577800390e-07,6.6771867316389486e-16,-3.6587161211798502e-07,6.4488916429183973e-07,6.5593961747688313e-17,7.3174323689251253e-07,8.3430274577800390e-07,1.6569125534214417e-14,1.6477215267762801e-06,7.4476024597418194e-16,8.8817841970012523e-16,train,2.13.1,10,7
h2o-v2-0887,H2O,0.782226844174,0.829863114511,112.915641866015,0.0000000000000000e+00,0.0000000000000000e+00,0.0000000000000000e+00,0.0000000000000000e+00,0.0000000000000000e+00,7.8222684417444666e-01,7.6436960349796912e-01,0.0000000000000000e+00,-3.2312829971180468e-01,full_domain_latin_hypercube,full-space CASCI analytic nuclear gradient,direct FCI,sto-3g,-74.8543717329600753,-74.8867462822850740,-74.8867462820902006,1.9487345070956508e-10,-2037.7721777925648894,3.6944065824027019,-1.6011176343007950e+01,6.3108872417680944e-30,-1.9256176495135932e+01,1.0226842282286344e+00,-8.2830395048206240e-30,2.4545809805193258e+01,1.4988492114779314e+01,-1.5777218104420236e-30,-5.2896333100573258e+00,-1.6011177648289834e+01,-7.0183690778630924e-15,-1.9256174321925499e+01,1.0226895948902199e+00,2.9534893968074648e-15,2.4545811978403691e+01,1.4988488053399545e+01,4.0648796810555321e-15,-5.2896376564784084e+00,1.3052818843561909e-06,7.0183690778630987e-15,-2.1732104329430513e-06,-5.3666615855707533e-06,-2.9534893968074731e-15,-2.1732104329430513e-06,4.0613797693822562e-06,-4.0648796810555337e-15,4.3464210826016370e-06,5.3666615855707533e-06,2.2751934555242287e-13,8.8325656113497075e-06,1.7763568394002505e-15,5.4345312654237608e-30,train,2.13.1,10,7
h2o-v2-0889,H2O,0.806206273288,0.979508883731,111.516885996340,0.0000000000000000e+00,0.0000000000000000e+00,0.0000000000000000e+00,0.0000000000000000e+00,0.0000000000000000e+00,8.0620627328768091e-01,9.1124643330399846e-01,0.0000000000000000e+00,-3.5925978218989502e-01,full_domain_latin_hypercube,full-space CASCI analytic nuclear gradient,direct FCI,sto-3g,-74.9069005289329510,-74.9485070353185989,-74.9485070352762079,4.2390979615447577e-11,-2039.4527734982032143,2.0138108767643805,-3.0744530668733545e+00,-2.2876966251409342e-29,-2.1720575915044197e+01,1.5223451574998816e+00,1.5777218104420236e-29,2.0985632828133507e+01,1.5521079093734726e+00,5.5220263365470826e-30,7.3494308691069221e-01,-3.0744530455826338e+00,4.2584699341455816e-15,-2.1720575958452251e+01,1.5223450635775124e+00,5.3851276515107361e-16,2.0985632784725453e+01,1.5521079820051848e+00,-4.7969826992965771e-15,7.3494317372677753e-01,-2.1290720741973246e-08,-4.2584699341456044e-15,4.3408054040128263e-08,9.3922369215349022e-08,-5.3851276515105783e-16,4.3408054040128263e-08,-7.2631712200177390e-08,4.7969826992965826e-15,-8.6816085320684522e-08,9.3922369215349022e-08,6.6641871109495173e-14,1.8092531961499966e-07,2.5631488888267375e-15,2.4424906541753444e-15,train,2.13.1,10,7
h2o-v2-0890,H2O,0.868553309491,0.940073562343,83.968589283610,0.0000000000000000e+00,0.0000000000000000e+00,0.0000000000000000e+00,0.0000000000000000e+00,0.0000000000000000e+00,8.6855330949059273e-01,9.3486972994023465e-01,0.0000000000000000e+00,9.8776974325346933e-02,full_domain_latin_hypercube,full-space CASCI analytic nuclear gradient,direct FCI,sto-3g,-74.9244378250267573,-74.9717120862797799,-74.9717120862451623,3.4617642086232081e-11,-2040.0842151027659384,1.3823692722018499,-2.9428409307048504e+00,-1.8908009822016127e-29,-1.0781606551155013e+01,-3.1918894196860261e+00,1.3509243001909827e-29,1.3098887715902226e+01,6.1347303503908766e+00,5.2755073036655164e-30,-2.3172811647472122e+00,-2.9428416440805418e+00,9.4173216652979311e-17,-1.0781605861717981e+01,-3.1918882114694287e+00,2.4952435672573964e-16,1.3098888405339258e+01,6.1347298555499261e+00,-3.4369757337973910e-16,-2.3172825436212956e+00,7.1337569140794699e-07,-9.4173216652998219e-17,-6.8943703190882388e-07,-1.2082165974369730e-06,-2.4952435672572613e-16,-6.8943703190882388e-07,4.9484095043794696e-07,3.4369757337974437e-16,1.3788740833575730e-06,1.3788740833575730e-06,4.8340492513946753e-14,2.2895892828334041e-06,4.4408920985006262e-16,6.6613381477509392e-16,train,2.13.1,10,7
h2o-v2-0891,H2O,0.775975046379,0.936221657595,97.068262035022,0.0000000000000000e+00,0.0000000000000000e+00,0.0000000000000000e+00,0.0000000000000000e+00,0.0000000000000000e+00,7.7597504637895487e-01,9.2910660934633060e-01,0.0000000000000000e+00,-1.1520373526609123e-01,full_domain_latin_hypercube,full-space CASCI analytic nuclear gradient,direct FCI,sto-3g,-74.8796304895392666,-74.9193797480368744,-74.9193797480136681,2.3206325749924872e-11,-2038.6601796336824464,2.8064047412852409,-3.6730886124764703e+00,-2.1299244440967319e-29,-2.5869454726458692e+01,-1.0880241491344884e+00,-3.1554436208840472e-30,2.7368505050432365e+01,4.7611127616109590e+00,2.3665827156630354e-29,-1.4990503239736699e+00,-3.6730893587648188e+00,-2.0567251773874140e-15,-2.5869453677107305e+01,-1.0880222662179089e+00,3.1731249697415712e-15,2.7368506099783751e+01,4.7611116249824441e+00,-1.1163997923542203e-15,-1.4990524226767037e+00,7.4628834845213987e-07,2.0567251773873927e-15,-1.0493513862286363e-06,-1.8829165795430924e-06,-3.1731249697415744e-15,-1.0493513862286363e-06,1.1366285148639577e-06,1.1163997923542439e-15,2.0987030338037727e-06,2.0987030338037727e-06,3.8320678958366968e-13,3.5419589724527967e-06,3.3306690738754696e-15,8.8817841970012523e-16,train,2.13.1,10,7
h2o-v2-0892,H2O,1.129944608765,1.203285669229,118.909965615471,0.0000000000000000e+00,0.0000000000000000e+00,0.0000000000000000e+00,0.0000000000000000e+00,0.0000000000000000e+00,1.1299446087645928e+00,1.0533327567432975e+00,0.0000000000000000e+00,-5.8170998387740069e-01,full_domain_latin_hypercube,full-space CASCI analytic nuclear gradient,direct FCI,sto-3g,-74.8949293739246684,-74.9771453213031833,-74.9771453209400534,3.6312997053755680e-10,-2040.2320609595528822,1.2345234154147897,7.0530576496878727e-01,-1.3279319707975343e-22,-9.1043213250838895e-01,2.2874392280176141e+00,-1.3279320813613206e-22,-3.1961422026222563e+00,-2.9927449929864012e+00,-1.3279320064195346e-22,4.1065743351306452e+00,7.0530392211829229e-01,-1.0851667536514422e-16,-9.1042859180749380e-01,2.2874487798452563e+00,2.3174237841296792e-15,-3.1961386619213612e+00,-2.9927527019634161e+00,-2.2089071087645314e-15,4.1065672537287918e+00,1.8428504949818958e-06,1.0851654257194714e-16,-3.5407008951438002e-06,-9.5518276421735493e-06,-2.3174239169228873e-15,-3.5407008951438002e-06,7.7089770149640913e-06,2.2089069759713307e-15,7.0814018533482681e-06,9.5518276421735493e-06,1.4659518675601463e-13,2.2736497532482858e-05,4.4408920985024129e-16,2.2204460492503131e-16,validation,2.13.1,10,7
h2o-v2-0894,H2O,0.906144533721,1.088408971844,89.794083576102,0.0000000000000000e+00,0.0000000000000000e+00,0.0000000000000000e+00,0.0000000000000000e+00,0.0000000000000000e+00,9.0614453372109272e-01,1.0884019427659335e+00,0.0000000000000000e+00,3.9116458953450022e-03,full_domain_latin_hypercube,full-space CASCI analytic nuclear gradient,direct FCI,sto-3g,-74.9413405961107060,-75.0001008117763490,-75.0001008117578749,1.8474111129762605e-11,-2040.8567116772842382,0.6098726976833801,3.5957435754003750e+00,3.9443045261050590e-31,-7.9810204992280216e+00,-1.2146438063975091e+00,1.5777218104420236e-30,9.0008246920636203e+00,-2.3810997690028657e+00,0.0000000000000000e+00,-1.0198041928355992e+00,3.5957438926379828e+00,-9.6949979074034686e-16,-7.9810208786354657e+00,-1.2146444367821656e+00,-7.2348121983887746e-15,9.0008243126561762e+00,-2.3810994558559551e+00,8.2043119891293222e-15,-1.0198034340207456e+00,-3.1723760773871845e-07,9.6949979074034726e-16,3.7940744412878757e-07,6.3038465647480280e-07,7.2348121983887762e-15,3.7940744412878757e-07,-3.1314691062434008e-07,-8.2043119891293222e-15,-7.5881485361861678e-07,7.5881485361861678e-07,1.4249797939213543e-13,1.3958902227440007e-06,4.4408920985006262e-16,2.2204460492503131e-16,train,2.13.1,10,7
h2o-v2-0896,H2O,0.831021004986,0.937914520068,114.984131189431,0.0000000000000000e+00,0.0000000000000000e+00,0.0000000000000000e+00,0.0000000000000000e+00,0.0000000000000000e+00,8.3102100498608888e-01,8.5014898304530118e-01,0.0000000000000000e+00,-3.9614435952270705e-01,full_domain_latin_hypercube,full-space CASCI analytic nuclear gradient,direct FCI,sto-3g,-74.9187240142896371,-74.9585786489578823,-74.9585786489410282,1.6854073692229576e-11,-2039.7268360670620950,1.7397483079054810,-6.2195521468086605e+00,-1.5777218104420236e-30,-1.6303800377901428e+01,1.8565766553692240e+00,-1.9721522630525295e-30,1.6522013817416905e+01,4.3629754914394363e+00,3.9443045261050590e-30,-2.1821343951547525e-01,-6.2195530238463785e+00,-7.6468629998360897e-15,-1.6303798663363033e+01,1.8565808062177498e+00,1.8671104358143021e-15,1.6522015531955301e+01,4.3629722176286361e+00,5.7797525640215542e-15,-2.1821686859240419e-01,8.7703771800562436e-07,7.6468629998360881e-15,-1.7145383957029026e-06,-4.1508485257857330e-06,-1.8671104358143040e-15,-1.7145383957029026e-06,3.2738108002305921e-06,-5.7797525640215502e-15,3.4290769289346823e-06,4.1508485257857330e-06,1.3607693422565344e-13,7.6615702204740899e-06,1.6375789613221059e-15,8.8817841970012523e-16,validation,2.13.1,10,7
h2o-v2-0898,H2O,0.797563033592,0.887090339998,109.048471432806,0.0000000000000000e+00,0.0000000000000000e+00,0.0000000000000000e+00,0.0000000000000000e+00,0.0000000000000000e+00,7.9756303359194880e-01,8.3851576672414829e-01,0.0000000000000000e+00,-2.8951784102789840e-01,full_domain_latin_hypercube,full-space CASCI analytic nuclear gradient,direct FCI,sto-3g,-74.8910435337031259,-74.9272874103765929,-74.9272874103704680,6.1248783822520636e-12,-2038.8753580879113088,2.5912262870563070,-9.4315733425385151e+00,-2.9592117096971523e-23,-1.9948036453881709e+01,8.0490131102804419e-01,-2.9592128535454648e-23,2.2161013244649023e+01,8.6266720315104699e+00,-2.9592132085328722e-23,-2.2129767907673172e+00,-9.4315739179051850e+00,-3.7477356795257467e-15,-1.9948035504253841e+01,8.0490344540691783e-01,-2.8314674733838404e-15,2.2161014194276891e+01,8.6266704724978105e+00,6.5792031529096128e-15,-2.2129786900231965e+00,5.7536666986379714e-07,3.7477356499336296e-15,-9.4962786789665188e-07,-2.1343788736416514e-06,2.8314674437917119e-15,-9.4962786789665188e-07,1.5590126594133835e-06,-6.5792031825017449e-15,1.8992558792341185e-06,2.1343788736416514e-06,4.7946911669096315e-13,3.7462197051141288e-06,3.5803616730494493e-15,8.8817841970012523e-16,validation,2.13.1,10,7
h2o-v2-0900,H2O,0.750000000000,0.838846065141,106.705441529246,0.0000000000000000e+00,0.0000000000000000e+00,0.0000000000000000e+00,0.0000000000000000e+00,0.0000000000000000e+00,7.5000000000000000e-01,8.0344273401756761e-01,0.0000000000000000e+00,-2.4112754748693185e-01,boundary_targeted,full-space CASCI analytic nuclear gradient,direct FCI,sto-3g,-74.8278029795632733,-74.8599630448387217,-74.8599630446391586,1.9956303276558174e-10,-2037.0433687734941941,4.4232156014734052,-1.4164747666307578e+01,-1.5777218104420236e-30,-2.8052670311923112e+01,2.1679778633667199e-02,3.1554436208840472e-30,3.2277020469088797e+01,1.4143067887673912e+01,-3.1554436208840472e-30,-4.2243501571656870e+00,-1.4164750491739051e+01,3.5739692899775783e-15,-2.8052665850938237e+01,2.1689445960659307e-02,-1.3740127595830524e-14,3.2277024930073672e+01,1.4143061045778158e+01,1.0166158305852792e-14,-4.2243590791355015e+00,2.8254314727860219e-06,-3.5739692899775799e-15,-4.4609848757204418e-06,-9.6673269921083993e-06,1.3740127595830527e-14,-4.4609848757204418e-06,6.8418957539506664e-06,-1.0166158305852796e-14,8.9219698145015514e-06,9.6673269921083993e-06,2.4351643058995815e-13,1.6068556629722508e-05,2.6645352591003757e-15,4.4408920985006262e-16,train,2.13.1,10,7
h2o-v2-0901,H2O,0.772560058760,1.250000000000,128.143631442970,0.0000000000000000e+00,0.0000000000000000e+00,0.0000000000000000e+00,0.0000000000000000e+00,0.0000000000000000e+00,7.7256005876025691e-01,9.8308114175388761e-01,0.0000000000000000e+00,-7.7204369612598522e-01,boundary_targeted,full-space CASCI analytic nuclear gradient,direct FCI,sto-3g,-74.7943869904152336,-74.8555649428105880,-74.8555649427228502,8.7737817011657171e-11,-2036.9236903204573537,4.5428940545102119,-2.6765555495855403e-01,2.5655382480112964e-22,-3.3967909823895440e+01,3.7971953324892840e+00,2.5655381217935516e-22,2.8212006120397074e+01,-3.5295397775307302e+00,2.5655382558999055e-22,5.7559037034983662e+00,-2.6765555463386054e-01,-1.0278878990817940e-14,-3.3967910442155734e+01,3.7971938752237047e+00,8.7535093134778793e-15,2.8212005502136783e+01,-3.5295383205899857e+00,1.5253696773402527e-15,5.7559049400188043e+00,-3.2469349431352157e-10,1.0278879247371764e-14,6.1826029451594877e-07,1.4572655793188005e-06,-8.7535090569240671e-15,6.1826029096323509e-07,-1.4569407444930960e-06,-1.5253694207864272e-15,-1.2365204380415662e-06,1.4572655793188005e-06,2.0382727194536772e-13,3.4662470702606640e-06,9.9301366129920744e-16,1.7763568394002505e-15,train,2.13.1,10,7
h2o-v2-0905,H2O,0.915937109634,1.248065297181,102.749252242050,0.0000000000000000e+00,0.0000000000000000e+00,0.0000000000000000e+00,0.0000000000000000e+00,0.0000000000000000e+00,9.1593710963378550e-01,1.2172944977808853e+00,0.0000000000000000e+00,-2.7542892313713657e-01,boundary_targeted,full-space CASCI analytic nuclear gradient,direct FCI,sto-3g,-74.9057564105896319,-74.9775806134712468,-74.9775806132529539,2.1829293928021798e-10,-2040.2439058628679049,1.2226785120997608,4.4006908909641531e+00,1.5055410376143010e-27,-1.0094775842075304e+01,9.6726800803488711e-01,-1.0606234870696504e-27,8.1523964040454935e+00,-5.3679588989990394e+00,-4.4513941767424407e-28,1.9423794380298121e+00,4.4006908869028463e+00,-1.5723626668787248e-15,-1.0094775834356851e+01,9.6726802139666912e-01,1.6985093290835692e-15,8.1523964117639469e+00,-5.3679589082995953e+00,-1.2614666220474161e-16,1.9423794225927138e+00,4.0613068463812851e-09,1.5723626668802303e-15,-7.7184534319485465e-09,-1.3361782014165158e-08,-1.6985093290846299e-15,-7.7184534319485465e-09,9.3005558809977629e-09,1.2614666220429647e-16,1.5437098266346538e-08,1.5437098266346538e-08,2.0599050593350068e-13,3.3591628811890968e-08,1.7901808365247238e-15,4.4408920985006262e-16,train,2.13.1,10,7
h2o-v2-0907,H2O,0.782836938673,1.250000000000,115.963112012089,0.0000000000000000e+00,0.0000000000000000e+00,0.0000000000000000e+00,0.0000000000000000e+00,0.0000000000000000e+00,7.8283693867279269e-01,1.1238451134156937e+00,0.0000000000000000e+00,-5.4724049653846585e-01,boundary_targeted,full-space CASCI analytic nuclear gradient,direct FCI,sto-3g,-74.8226666223536228,-74.8854280181760572,-74.8854280181139558,6.2101435105432756e-11,-2037.7363059987203542,3.7302783762473815,2.3342912583273683e+00,-1.5777218104420236e-30,-3.0758983226513045e+01,2.5771882625524274e+00,1.5777218104420236e-30,2.6572215312130215e+01,-4.9114795208797952e+00,-1.1832913578315177e-30,4.1867679143828322e+00,2.3342914189964259e+00,-9.8078750830832664e-15,-3.0758983992938724e+01,2.5771868216137448e+00,7.2072747037472897e-15,2.6572214545704536e+01,-4.9114782406102542e+00,2.6006003793362032e-15,4.1867694472342372e+00,-1.6066905761391581e-07,9.8078750830832649e-15,7.6642567847784449e-07,1.4409386825953163e-06,-7.2072747037472881e-15,7.6642567847784449e-07,-1.2802695410485398e-06,-2.6006003793362043e-15,-1.5328514049173236e-06,1.5328514049173236e-06,9.7181493903448277e-14,3.5513229019734638e-06,1.9860273225978185e-15,4.4408920985006262e-16,train,2.13.1,10,7
h2o-v2-0908,H2O,0.857163918172,0.996516942646,80.000000000000,0.0000000000000000e+00,0.0000000000000000e+00,0.0000000000000000e+00,0.0000000000000000e+00,0.0000000000000000e+00,8.5716391817173188e-01,9.8137761112548338e-01,0.0000000000000000e+00,1.7304335110464261e-01,boundary_targeted,full-space CASCI analytic nuclear gradient,direct FCI,sto-3g,-74.9150165971930448,-74.9663671644174485,-74.9663671643412499,7.6198602982913144e-11,-2039.9387723695153909,1.5278120054523745,1.0036679212624438e+00,1.3805065841367707e-30,-1.1988496326428521e+01,-3.8578354393817857e+00,7.8886090522101181e-31,1.4854775928738700e+01,2.8541675181193420e+00,-1.1832913578315177e-30,-2.8662796023101786e+00,1.0036643120295117e+00,1.3500823818602934e-15,-1.1988492888265588e+01,-3.8578300396383938e+00,-3.4090943433299668e-15,1.4854779366901633e+01,2.8541657276090837e+00,2.0590119614697815e-15,-2.8662864786360802e+00,3.6092329320780436e-06,-1.3500823818602920e-15,-3.4381629330226815e-06,-5.3997433919761306e-06,3.4090943433299676e-15,-3.4381629330226815e-06,1.7905102582815857e-06,-2.0590119614697827e-15,6.8763259015724998e-06,6.8763259015724998e-06,2.0464611848873313e-13,1.1066901513423488e-05,4.4408920985006262e-16,1.3322676295501878e-15,validation,2.13.1,10,7
h2o-v2-0909,H2O,1.246011451260,1.246482800012,130.000000000000,0.0000000000000000e+00,0.0000000000000000e+00,0.0000000000000000e+00,0.0000000000000000e+00,0.0000000000000000e+00,1.2460114512600844e+00,9.5486122239289584e-01,0.0000000000000000e+00,-8.0122369953536565e-01,boundary_targeted,full-space CASCI analytic nuclear gradient,direct FCI,sto-3g,-74.8312750895500187,-74.9319378181759248,-74.9319378180479418,1.2798295756510925e-10,-2039.0019021307402909,2.4646822442273315,-9.4643962300988060e-01,-3.7421589191421748e-28,-4.4428433917075139e-01,2.6199091986914627e+00,1.9603193494742143e-28,-4.3786786624870411e+00,-1.6734695756815818e+00,1.7867699503255917e-28,4.8229630016577927e+00,-9.4643963211664017e-01,4.4355035405072454e-16,-4.4428431962058601e-01,2.6199092661186918e+00,-2.9441322266267306e-15,-4.3786786429368760e+00,-1.6734696340020510e+00,2.5005818725752007e-15,4.8229629625573427e+00,9.1067595686666891e-09,-4.4355035405109876e-16,-1.9550165375470385e-08,-6.7427229133443234e-08,2.9441322266269266e-15,-1.9550165042403478e-08,5.8320469120687335e-08,-2.5005818725750220e-15,3.9100449988893615e-08,6.7427229133443234e-08,1.1901777240566921e-13,1.6807830705012360e-07,2.2204460492503131e-16,1.9814345738717067e-28,train,2.13.1,10,7
h2o-v2-0914,H2O,0.883308063656,1.095510506068,80.000000000000,0.0000000000000000e+00,0.0000000000000000e+00,0.0000000000000000e+00,0.0000000000000000e+00,0.0000000000000000e+00,8.8330806365648074e-01,1.0788672398824519e+00,0.0000000000000000e+00,1.9023340299374802e-01,boundary_targeted,full-space CASCI analytic nuclear gradient,direct FCI,sto-3g,-74.9184591065347547,-74.9789336747369788,-74.9789336747194142,1.7564616427989677e-11,-2040.2807245355843406,1.1858598393834423,4.6067388051243556e+00,-1.5777218104420236e-30,-8.9981106943317126e+00,-3.0857004732188140e+00,3.1554436208840472e-30,1.1792686612971730e+01,-1.5210383319055414e+00,-1.9721522630525295e-31,-2.7945759186400156e+00,4.6067386639533145e+00,-9.1876495677946007e-15,-8.9981105524605542e+00,-3.0857002659242627e+00,7.9548644100342114e-15,1.1792686754842888e+01,-1.5210383980293840e+00,1.2327851577595249e-15,-2.7945762023826686e+00,1.4117104107924661e-07,9.1876495677945991e-15,-1.4187115837671627e-07,-2.0729455130208407e-07,-7.9548644100342082e-15,-1.4187115837671627e-07,6.6123842623611040e-08,-1.2327851577595251e-15,2.8374265292896439e-07,2.8374265292896439e-07,4.7134437116699447e-13,4.7664663593849360e-07,1.7901808365247238e-15,4.4408920985006262e-16,train,2.13.1,10,7
h2o-v2-0917,H2O,0.829210955881,1.226742862119,88.907528368485,0.0000000000000000e+00,0.0000000000000000e+00,0.0000000000000000e+00,0.0000000000000000e+00,0.0000000000000000e+00,8.2921095588073790e-01,1.2265198720827499e+00,0.0000000000000000e+00,2.3389167282540278e-02,boundary_targeted,full-space CASCI analytic nuclear gradient,direct FCI,sto-3g,-74.8729373965934002,-74.9403287443055746,-74.9403287442342645,7.1310068960883655e-11,-2039.2302308626158265,2.2363535123518790,6.3724813178237625e+00,9.7424321794794958e-29,-1.8055294686447521e+01,-1.1176001068280792e+00,-7.7702799164269663e-29,1.8911076620731883e+01,-5.2548812109956824e+00,-1.9857108098610157e-29,-8.5578193428436033e-01,6.3724804094787810e+00,2.9705391501010126e-15,-1.8055293379735161e+01,-1.1175983648934154e+00,-3.0616037622487865e-15,1.8911077927444243e+01,-5.2548820445854600e+00,9.1064612148009354e-17,-8.5578454770912304e-01,9.0834498145397902e-07,-2.9705391501009151e-15,-1.3067123596499641e-06,-1.7419346638458677e-06,3.0616037622487088e-15,-1.3067123596499641e-06,8.3358977764902420e-07,-9.1064612148029211e-17,2.6134247627096485e-06,2.6134247627096485e-06,1.0289677324012832e-13,4.6303517526880000e-06,2.0859196845419631e-15,4.4408920985006262e-16,validation,2.13.1,10,7
h2o-v2-0918,H2O,0.750000000000,1.027673721490,103.281234228952,0.0000000000000000e+00,0.0000000000000000e+00,0.0000000000000000e+00,0.0000000000000000e+00,0.0000000000000000e+00,7.5000000000000000e-01,1.0001877322719459e+00,0.0000000000000000e+00,-2.3608849623428693e-01,boundary_targeted,full-space CASCI analytic nuclear gradient,direct FCI,sto-3g,-74.8532853000551057,-74.8967001479468308,-74.8967001478707317,7.6099126999906730e-11,-2038.0430362757276725,3.4235480992399601,8.5321458179697152e-01,-5.5220263365470826e-29,-3.4013672481191257e+01,3.3503624435075091e-01,3.6287601640166543e-29,3.3481962766306623e+01,-1.1882508261477225e+00,1.9721522630525295e-29,5.3170971488463881e-01,8.5321479235723297e-01,-3.7219720217026762e-15,-3.4013672890989220e+01,3.3503553303867456e-01,5.9528606275112284e-15,3.3481962356508660e+01,-1.1882503253961891e+00,-2.2308886058085762e-15,5.3171053448054895e-01,-2.1056026144883333e-07,3.7219720217026210e-15,4.0979796267492929e-07,7.1131207635133364e-07,-5.9528606275111921e-15,4.0979796267492929e-07,-5.0075153334994127e-07,2.2308886058085959e-15,-8.1959591013980315e-07,8.1959591013980315e-07,2.8175843977381299e-13,1.4714554633643573e-06,4.4408920985006262e-15,1.1102230246251565e-16,train,2.13.1,10,7
h2o-v2-0919,H2O,0.933283877117,1.250000000000,127.879455500678,0.0000000000000000e+00,0.0000000000000000e+00,0.0000000000000000e+00,0.0000000000000000e+00,0.0000000000000000e+00,9.3328387711669225e-01,9.8663037228616091e-01,0.0000000000000000e+00,-7.6750277425066771e-01,boundary_targeted,full-space CASCI analytic nuclear gradient,direct FCI,sto-3g,-74.8762728114540721,-74.9473594160263303,-74.9473594156299896,3.9634073800698388e-10,-2039.4215451863781254,2.0450391885896484,-7.4201609210517394e-01,1.0563589839021161e-23,-1.1618110130206981e+01,3.4752631038454460e+00,1.0563582739273014e-23,6.2045511745828934e+00,-2.7332470117402723e+00,1.0563580372690298e-23,5.4135589556240875e+00,-7.4201604743930372e-01,-3.5047755876641009e-15,-1.1618110396031593e+01,3.4752623941563772e+00,4.4509173098534760e-16,6.2045509087582813e+00,-2.7332463467170567e+00,3.0596838566787959e-15,5.4135594872733330e+00,-4.4665870224669391e-08,3.5047755982276908e-15,2.6582461210011843e-07,7.0968906884516514e-07,-4.4509172042176486e-16,2.6582461210011843e-07,-6.6502321560690802e-07,-3.0596838461152156e-15,-5.3164924551651893e-07,7.0968906884516514e-07,2.7187546196596853e-14,1.6972898158051919e-06,3.1690752950984473e-23,4.4408920985006262e-16,train,2.13.1,10,7
h2o-v2-0920,H2O,1.175051977340,1.242067088647,80.000000000000,0.0000000000000000e+00,0.0000000000000000e+00,0.0000000000000000e+00,0.0000000000000000e+00,0.0000000000000000e+00,1.1750519773398462e+00,1.2231972986607893e+00,0.0000000000000000e+00,2.1568268648360753e-01,boundary_targeted,full-space CASCI analytic nuclear gradient,direct FCI,sto-3g,-74.8827339370423033,-74.9794905543332817,-74.9794905542788115,5.4470206123369280e-11,-2040.2958780013716478,1.1707063735959342,5.6948911827280888e+00,-7.1691486032222045e-22,5.7946876947389185e+00,-1.3542671703703240e+00,-7.1691486189994226e-22,-3.7283556588867137e+00,-4.3406240123577646e+00,-7.1691485716677683e-22,-2.0663320358522044e+00,5.6948937053096067e+00,-2.4234372987993713e-15,5.7946854760446351e+00,-1.3542710418865702e+00,5.2938389273109501e-15,-3.7283578775809971e+00,-4.3406226634232086e+00,-2.8704016285119192e-15,-2.0663275984638094e+00,-2.5225815178941957e-06,2.4234365818845110e-15,2.2186942834068191e-06,3.8715162462565900e-06,-5.2938396442258120e-15,2.2186942834068191e-06,-1.3489345560557808e-06,2.8704009115970620e-15,-4.4373883949511139e-06,4.4373883949511139e-06,2.4305112402018523e-13,9.6860924796438042e-06,4.4408920985527068e-16,4.4408920985006262e-16,train,2.13.1,10,7
h2o-v2-0922,H2O,0.774208403884,1.224918463308,96.964576844720,0.0000000000000000e+00,0.0000000000000000e+00,0.0000000000000000e+00,0.0000000000000000e+00,0.0000000000000000e+00,7.7420840388437950e-01,1.2158801669357842e+00,0.0000000000000000e+00,-1.4852831852888379e-01,boundary_targeted,full-space CASCI analytic nuclear gradient,direct FCI,sto-3g,-74.8327575139789616,-74.8952879895578008,-74.8952879895149550,4.2845726966334041e-11,-2038.0046094883632577,3.4619748866043696,5.6849066237801189e+00,-1.5777218104420236e-30,-2.9554868273653476e+01,2.4964813291018649e-02,-7.8886090522101181e-31,2.8841471020039581e+01,-5.7098714370711372e+00,2.9582283945787943e-31,7.1339725361389228e-01,5.6849068501827809e+00,7.5422150705518972e-15,-2.9554868713620422e+01,2.4964199250430651e-02,-7.0369003485593747e-15,2.8841470580072635e+01,-5.7098710494333069e+00,-5.0531472199223771e-16,7.1339813354772819e-01,-2.2640266195139702e-07,-7.5422150705518987e-15,4.3996694643055889e-07,6.1404058799771621e-07,7.0369003485593739e-15,4.3996694643055889e-07,-3.8763783027917498e-07,5.0531472199223800e-16,-8.7993383590667662e-07,8.7993383590667662e-07,1.1212878804041577e-13,1.6028646818710968e-06,2.5535129566378600e-15,2.2204460492503131e-15,train,2.13.1,10,7
h2o-v2-0924,H2O,0.750000000000,1.192372060954,108.477074760131,0.0000000000000000e+00,0.0000000000000000e+00,0.0000000000000000e+00,0.0000000000000000e+00,0.0000000000000000e+00,7.5000000000000000e-01,1.1309059245223405e+00,0.0000000000000000e+00,-3.7789273825378306e-01,boundary_targeted,full-space CASCI analytic nuclear gradient,direct FCI,sto-3g,-74.8135843957755924,-74.8697194815908347,-74.8697194815696037,2.1231016944511794e-11,-2037.3088549423405311,4.1577294326271055,3.6297145105448525e+00,2.3059390335741701e-27,-3.6824693469262762e+01,1.5959861860431970e+00,-1.6644965100163349e-27,3.4020088845407415e+01,-5.2257006965880501e+00,-6.3976619413424057e-28,2.8046046238553428e+00,3.6297146991410334e+00,-8.8802628543471613e-16,-3.6824694042443049e+01,1.5959852342655669e+00,4.7018766257299870e-15,3.4020088272227127e+01,-5.2256999334065597e+00,-3.8138503402952550e-15,2.8046057702157188e+00,-1.8859618089450692e-07,8.8802628543702207e-16,5.7318028723329917e-07,9.5177763004272720e-07,-4.7018766257316515e-15,5.7318028723329917e-07,-7.6318149044851680e-07,3.8138503402946153e-15,-1.1463603759587215e-06,1.1463603759587215e-06,2.0702036729286669e-13,2.2986597882912463e-06,4.5288390936029406e-15,2.6645352591003757e-15,train,2.13.1,10,7
h2o-v2-0927,H2O,0.795510149803,0.796790480325,130.000000000000,0.0000000000000000e+00,0.0000000000000000e+00,0.0000000000000000e+00,0.0000000000000000e+00,0.0000000000000000e+00,7.9551014980281820e-01,6.1037691978335173e-01,0.0000000000000000e+00,-5.1216704826933479e-01,boundary_targeted,full-space CASCI analytic nuclear gradient,direct FCI,sto-3g,-74.8298273771268043,-74.8598287078969236,-74.8598287077883953,1.0852829745999770e-10,-2037.0397132790837986,4.4268710958837776,-1.9556939864017551e+01,-1.5106686334982376e-28,-9.3633486816024174e+00,2.4626914698957338e+00,7.6913938259048651e-29,2.0497476565529450e+01,1.7094248394121816e+01,7.3758494638164604e-29,-1.1134127883927032e+01,-1.9556939874549471e+01,-2.5683905436559193e-15,-9.3633486589146280e+00,2.4626915480715175e+00,-6.2345535873678651e-16,2.0497476588217239e+01,1.7094248326477910e+01,3.1918459023930549e-15,-1.1134127929302656e+01,1.0531920224821079e-08,2.5683905436557682e-15,-2.2687789424935545e-08,-7.8175783624345740e-08,6.2345535873686342e-16,-2.2687789424935545e-08,6.7643906476178017e-08,-3.1918459023929811e-15,4.5375623258792075e-08,7.8175783624345740e-08,6.1560440127420639e-14,1.2453083719776717e-07,3.9443045261050590e-31,5.0831189819641192e-29,train,2.13.1,10,7
h2o-v2-0928,H2O,0.774859592036,1.093243629630,111.644640206146,0.0000000000000000e+00,0.0000000000000000e+00,0.0000000000000000e+00,0.0000000000000000e+00,0.0000000000000000e+00,7.7485959203585764e-01,1.0161583555641109e+00,0.0000000000000000e+00,-4.0324165229284253e-01,boundary_targeted,full-space CASCI analytic nuclear gradient,direct FCI,sto-3g,-74.8652670462530665,-74.9134465927238580,-74.9134465924997670,2.2409096800402040e-10,-2038.4987302528024884,2.9678541221651660,1.3334270899646763e+00,-2.3665827156630354e-30,-3.0313285606950469e+01,1.8282090194342671e+00,3.9443045261050590e-30,2.7664575739123134e+01,-3.1616361093989434e+00,-1.5777218104420236e-30,2.6487098678273320e+00,1.3334277998354516e+00,5.4467891922982702e-15,-3.0313287548033067e+01,1.8282052888560774e+00,-1.0645497275483015e-15,2.7664573798040536e+01,-3.1616330886914747e+00,-4.3822394647499896e-15,2.6487137499924081e+00,-7.0987077527284725e-07,-5.4467891922982725e-15,1.9410825977672630e-06,3.7305781896979084e-06,1.0645497275483055e-15,1.9410825977672630e-06,-3.0207074686039448e-06,4.3822394647499880e-15,-3.8821650760745285e-06,3.8821650760745285e-06,1.3441532102964729e-13,8.0536438922251818e-06,3.5527136788005009e-15,2.4424906541753444e-15,train,2.13.1,10,7
h2o-v2-0929,H2O,1.088531439466,1.225513082337,102.321019229485,0.0000000000000000e+00,0.0000000000000000e+00,0.0000000000000000e+00,0.0000000000000000e+00,0.0000000000000000e+00,1.0885314394657071e+00,1.1972862776069197e+00,0.0000000000000000e+00,-2.6151077307374992e-01,boundary_targeted,full-space CASCI analytic nuclear gradient,direct FCI,sto-3g,-74.9139910368951405,-74.9962840370482979,-74.9962840367053047,3.4299318940611556e-10,-2040.7528519459453946,0.7137324290223040,3.9032394039745903e+00,3.0765575303619460e-28,1.8038859898264384e-01,8.6958649230447715e-01,-1.8360737569019050e-28,-2.0134653385550538e+00,-4.7728258962790679e+00,-1.2464002302491987e-28,1.8330767395724099e+00,3.9032400848781883e+00,-5.6215382178369645e-15,1.8038761323163147e-01,8.6958448457535020e-01,1.1095035169866461e-15,-2.0134663243060662e+00,-4.7728245694534532e+00,4.5120347008503763e-15,1.8330787110745832e+00,-6.8090359794936717e-07,5.6215382178372721e-15,9.8575101237230456e-07,2.0077291269515740e-06,-1.1095035169868298e-15,9.8575101237230456e-07,-1.3268256147114244e-06,-4.5120347008505009e-15,-1.9715021732924498e-06,2.0077291269515740e-06,1.7127931304631676e-13,4.8929079314863344e-06,5.9164567891575885e-31,2.2388179228257959e-28,train,2.13.1,10,7
h2o-v2-0933,H2O,0.928518469709,1.130618633479,130.000000000000,0.0000000000000000e+00,0.0000000000000000e+00,0.0000000000000000e+00,0.0000000000000000e+00,0.0000000000000000e+00,9.2851846970869867e-01,8.6610412146333282e-01,0.0000000000000000e+00,-7.2674764888100474e-01,boundary_targeted,full-space CASCI analytic nuclear gradient,direct FCI,sto-3g,-74.9060577860372092,-74.9639703658842365,-74.9639703658142054,7.0031092036515474e-11,-2039.8735521588741904,1.5930322160934254,-2.2726710667712915e+00,0.0000000000000000e+00,-1.1017197810684930e+01,3.6697231115984152e+00,2.3665827156630354e-30,5.9107563711659798e+00,-1.3970520448271233e+00,-2.3665827156630354e-30,5.1064414395189504e+00,-2.2726713323805421e+00,4.3392887670517584e-15,-1.1017196670553721e+01,3.6697265128679346e+00,1.1415318529616906e-15,5.9107575112971880e+00,-1.3970551804875486e+00,-5.4808206200133859e-15,5.1064391592563600e+00,2.6560925059371243e-07,-4.3392887670517584e-15,-1.1401312089986959e-06,-3.4012695193652576e-06,-1.1415318529616882e-15,-1.1401312081105175e-06,3.1356604253129916e-06,5.4808206200133835e-15,2.2802625903040052e-06,3.4012695193652576e-06,2.3315836005878529e-13,7.4119201991518224e-06,4.4408920985006262e-16,8.8817841970012523e-16,train,2.13.1,10,7
h2o-v2-0934,H2O,0.763567174147,1.157713667149,110.285814519877,0.0000000000000000e+00,0.0000000000000000e+00,0.0000000000000000e+00,0.0000000000000000e+00,0.0000000000000000e+00,7.6356717414675546e-01,1.0859062469657552e+00,0.0000000000000000e+00,-4.0138330546310158e-01,boundary_targeted,full-space CASCI analytic nuclear gradient,direct FCI,sto-3g,-74.8381715705795472,-74.8914641985998344,-74.8914641985828382,1.6996182239381596e-11,-2037.9005588356822045,3.5660255392855089,2.8266381925151736e+00,3.6760918183299150e-28,-3.3494278169260411e+01,1.7818225869920576e+00,-2.5874637691249187e-28,3.0537945182571825e+01,-4.6084607795072312e+00,-1.1201824854138368e-28,2.9563329866885839e+00,2.8266383777824680e+00,-1.2566103491135554e-14,-3.3494278724732077e+01,1.7818216005009699e+00,6.7858108556339345e-15,3.0537944627100160e+01,-4.6084599782833209e+00,5.7802926355016897e-15,2.9563340976318577e+00,-1.8526729439471978e-07,1.2566103491135922e-14,5.5547166510905299e-07,9.8649108770665350e-07,-6.7858108556341932e-15,5.5547166510905299e-07,-8.0122391032944051e-07,-5.7802926355018017e-15,-1.1109432738187763e-06,1.1109432738187763e-06,1.3127700693832308e-13,2.2812303908104070e-06,2.6645352591003757e-15,3.5527136788005009e-15,train,2.13.1,10,7
h2o-v2-0938,H2O,1.024328488145,1.201614395902,80.000000000000,0.0000000000000000e+00,0.0000000000000000e+00,0.0000000000000000e+00,0.0000000000000000e+00,0.0000000000000000e+00,1.0243284881453105e+00,1.1833591732150894e+00,0.0000000000000000e+00,2.0865815010668221e-01,boundary_targeted,full-space CASCI analytic nuclear gradient,direct FCI,sto-3g,-74.9161282886923914,-74.9957672029690343,-74.9957672028670288,1.0200551514571998e-10,-2040.7387881741894944,0.7277962007782359,5.8049949629215831e+00,2.3665827156630354e-30,1.3367964852694045e+00,-1.9453487205898776e+00,-3.1554436208840472e-30,1.0276781579332903e+00,-3.8596462423317051e+00,1.1832913578315177e-30,-2.3644746432026946e+00,5.8049939213433683e+00,6.3840531277588196e-15,1.3367974849243072e+00,-1.9453471662319282e+00,-5.1220835837479838e-15,1.0276791575881929e+00,-3.8596467551115468e+00,-1.2619695440107518e-15,-2.3644766425123902e+00,1.0415782147887853e-06,-6.3840531277588173e-15,-9.9965490263365098e-07,-1.5543579494625703e-06,5.1220835837479807e-15,-9.9965490263365098e-07,5.1277984169928459e-07,1.2619695440107530e-15,1.9993096955772671e-06,1.9993096955772671e-06,1.5294280230478237e-13,3.8510789903689613e-06,6.2803698347351007e-16,3.3845893947468178e-30,train,2.13.1,10,7
h2o-v2-0939,H2O,0.960869785329,0.994084007260,130.000000000000,0.0000000000000000e+00,0.0000000000000000e+00,0.0000000000000000e+00,0.0000000000000000e+00,0.0000000000000000e+00,9.6086978532901191e-01,7.6151252975533346e-01,0.0000000000000000e+00,-6.3898488285457777e-01,boundary_targeted,full-space CASCI analytic nuclear gradient,direct FCI,sto-3g,-74.9317348212601786,-74.9807530731363272,-74.9807530730285379,1.0778933301480720e-10,-2040.3302328881643462,1.1363514868034403,-5.8951343041989492e+00,-9.7818752247405464e-29,-4.8963452980289643e+00,3.4074530291106142e+00,5.1275958839365767e-29,2.6842635966292741e+00,2.4876812750883350e+00,4.8120515218481720e-29,2.2120817013996907e+00,-5.8951344501131988e+00,-5.1434491401415451e-15,-4.8963449528265359e+00,3.4074541899166153e+00,2.8298063694347058e-15,2.6842639418317029e+00,2.4876802601963122e+00,2.3136427707067923e-15,2.2120810109947362e+00,1.4591424957188792e-07,5.1434491401414472e-15,-3.4520242842006610e-07,-1.1608060010992460e-06,-2.8298063694346545e-15,-3.4520242886415531e-07,1.0148920228658653e-06,-2.3136427707067442e-15,6.9040495453975836e-07,1.1608060010992460e-06,2.8809207193956964e-13,2.2896361016044864e-06,4.4408920985006262e-16,4.4408920985006262e-16,train,2.13.1,10,7
h2o-v2-0941,H2O,0.999065851680,1.249610194262,113.722775628403,0.0000000000000000e+00,0.0000000000000000e+00,0.0000000000000000e+00,0.0000000000000000e+00,0.0000000000000000e+00,9.9906585168004991e-01,1.1440215603497690e+00,0.0000000000000000e+00,-5.0273283865028218e-01,boundary_targeted,full-space CASCI analytic nuclear gradient,direct FCI,sto-3g,-74.9048249515686990,-74.9812882252664252,-74.9812882248010055,4.6541970277758082e-10,-2040.3447951194766574,1.1217892554909796,2.2439783044470194e+00,-1.3805065841367707e-30,-5.5960736146931600e+00,2.0705542638928085e+00,3.9443045261050590e-31,1.8918800824132349e+00,-4.3145325683398283e+00,0.0000000000000000e+00,3.7041935322799246e+00,2.2439784815846133e+00,-1.3923914731085191e-15,-5.5960740229860750e+00,2.0705533713525184e+00,2.3686901738520644e-15,1.8918796741203194e+00,-4.3145318529372156e+00,-9.7629870074365774e-16,3.7041943488657898e+00,-1.7713759392634643e-07,1.3923914731085177e-15,4.0829291503285958e-07,8.9254029012053593e-07,-2.3686901738520640e-15,4.0829291547694879e-07,-7.1540261270541805e-07,9.7629870074365774e-16,-8.1658586514876674e-07,8.9254029012053593e-07,9.1042620493829569e-14,2.1855547198690317e-06,4.4408920985006262e-16,6.7221574630495595e-31,train,2.13.1,10,7
h2o-v2-0944,H2O,0.772245293647,0.917632591986,80.000000000000,0.0000000000000000e+00,0.0000000000000000e+00,0.0000000000000000e+00,0.0000000000000000e+00,0.0000000000000000e+00,7.7224529364714944e-01,9.0369169100467772e-01,0.0000000000000000e+00,1.5934522736618198e-01,boundary_targeted,full-space CASCI analytic nuclear gradient,direct FCI,sto-3g,-74.8434085197051786,-74.8852827288777974,-74.8852827288511662,2.6631141736288555e-11,-2037.7323524755079234,3.7342318994597390,-3.3739910195326308e+00,0.0000000000000000e+00,-2.6116045789442630e+01,-5.3065298381154671e+00,1.5777218104420236e-30,2.9120104751571525e+01,8.6805208576480979e+00,3.9443045261050590e-31,-3.0040589621288927e+00,-3.3739917204990295e+00,-5.1410929728800739e-15,-2.6116045109468445e+01,-5.3065287958761296e+00,2.0934234652247301e-15,2.9120105431545710e+01,8.6805205163750720e+00,3.0476695076553225e-15,-3.0040603220771924e+00,7.0096639870342869e-07,5.1410929728800739e-15,-6.7997418540244325e-07,-1.0422393375009165e-06,-2.0934234652247285e-15,-6.7997418540244325e-07,3.4127302583897290e-07,-3.0476695076553221e-15,1.3599482997506129e-06,1.3599482997506129e-06,1.1349238238951847e-13,1.9794582224452739e-06,1.7763568394002505e-15,8.8817841970012523e-16,validation,2.13.1,10,7
h2o-v2-0945,H2O,0.893480339027,1.211409594897,130.000000000000,0.0000000000000000e+00,0.0000000000000000e+00,0.0000000000000000e+00,0.0000000000000000e+00,0.0000000000000000e+00,8.9348033902723878e-01,9.2799358851219749e-01,0.0000000000000000e+00,-7.7867907785546553e-01,boundary_targeted,full-space CASCI analytic nuclear gradient,direct FCI,sto-3g,-74.8753505879485033,-74.9391953342777981,-74.9391953341074100,1.7038814803527202e-10,-2039.1993892045747998,2.2671951703927800,-1.3306193000946906e+00,0.0000000000000000e+00,-1.5248239130354010e+01,3.7594980900716921e+00,-7.8886090522101181e-31,9.5904902089319179e+00,-2.4288787899770017e+00,-3.1554436208840472e-30,5.6577489214220931e+00,-1.3306193469528882e+00,4.4462148555799422e-15,-1.5248238751576952e+01,3.7594991372832460e+00,-2.6000508983598579e-15,9.5904905877089757e+00,-2.4288797903304107e+00,-1.8461639572202680e-15,5.6577481638678071e+00,4.6858197544352720e-08,-4.4462148555799422e-15,-3.7877705771904857e-07,-1.0472115539172933e-06,2.6000508983598572e-15,-3.7877705771904857e-07,1.0003534089975119e-06,1.8461639572202649e-15,7.5755428596835372e-07,1.0472115539172933e-06,1.7768286215354710e-13,2.4176226742778084e-06,9.9301366129890925e-16,6.6613381477509392e-16,train,2.13.1,10,7
h2o-v2-0946,H2O,0.768723417348,1.029125065471,92.330508780890,0.0000000000000000e+00,0.0000000000000000e+00,0.0000000000000000e+00,0.0000000000000000e+00,0.0000000000000000e+00,7.6872341734816840e-01,1.0282738598069001e+00,0.0000000000000000e+00,-4.1848173429137520e-02,boundary_targeted,full-space CASCI analytic nuclear gradient,direct FCI,sto-3g,-74.8687268969076456,-74.9150847813955352,-74.9150847813071152,8.8419938037986867e-11,-2038.5433076374913526,2.9232767374763560,2.2493013758175584e+00,-3.2551493281085926e-22,-2.8372056915448045e+01,-1.5921043802843611e+00,-3.2551493284167413e-22,2.9535546013931661e+01,-6.5719699553319755e-01,-3.2551493303888936e-22,-1.1634890984836170e+00,2.2493004256434710e+00,5.0499101321733220e-17,-2.8372055571284456e+01,-1.5921023158235976e+00,6.8832975302597718e-16,2.9535547358095251e+01,-6.5719810981957727e-01,-7.3882885434716241e-16,-1.1634917868109658e+00,9.5017408741071563e-07,-5.0499426836666031e-17,-1.3441635893229886e-06,-2.0644607634512369e-06,-6.8833007854091002e-16,-1.3441635893229886e-06,1.1142863797219960e-06,7.3882852883222937e-16,2.6883273487321446e-06,2.6883273487321446e-06,3.4191424770370808e-13,4.3979667910809539e-06,9.1551335970496834e-16,6.6613381477509392e-16,train,2.13.1,10,7
h2o-v2-0947,H2O,0.791527053689,1.235265500594,112.540096071935,0.0000000000000000e+00,0.0000000000000000e+00,0.0000000000000000e+00,0.0000000000000000e+00,0.0000000000000000e+00,7.9152705368935039e-01,1.1409054233822253e+00,0.0000000000000000e+00,-4.7351417281334796e-01,boundary_targeted,full-space CASCI analytic nuclear gradient,direct FCI,sto-3g,-74.8391049275224418,-74.9010977782166094,-74.9010977781651661,5.1443294069031253e-11,-2038.1627018915658027,3.3038824834019667,2.9420498880814274e+00,1.1122938763616266e-28,-2.8524399543026675e+01,2.1695807165355538e+00,-7.8491660069490675e-29,2.4897708596544067e+01,-5.1116306046169813e+00,-3.3132158019282496e-29,3.6266909464826065e+00,2.9420500768830253e+00,-5.3191768616122356e-16,-2.8524400220372645e+01,2.1695794955682728e+00,2.0120184913785563e-15,2.4897707919198098e+01,-5.1116295724512284e+00,-1.4801008052173570e-15,3.6266923011745207e+00,-1.8880159791123674e-07,5.3191768616133479e-16,6.7734596953528126e-07,1.2209672810570282e-06,-2.0120184913786348e-15,6.7734596953528126e-07,-1.0321657528677974e-06,1.4801008052173239e-15,-1.3546919142015668e-06,1.3546919142015668e-06,7.4067104372543284e-14,3.0007491167438616e-06,1.3322676295501878e-15,8.8817841970012523e-16,train,2.13.1,10,7
h2o-v2-0948,H2O,0.750000000000,1.155104197253,125.795646223788,0.0000000000000000e+00,0.0000000000000000e+00,0.0000000000000000e+00,0.0000000000000000e+00,0.0000000000000000e+00,7.5000000000000000e-01,9.3691456277618823e-01,0.0000000000000000e+00,-6.7561587353323493e-01,boundary_targeted,full-space CASCI analytic nuclear gradient,direct FCI,sto-3g,-74.8052312135021822,-74.8558455943818615,-74.8558455943662864,1.5575096767861396e-11,-2036.9313272387639699,4.5352571362037475,-1.9213400945510331e-01,-2.3665827156630354e-30,-3.8202079155219714e+01,3.5102015736752556e+00,5.1275958839365767e-30,3.2999480658238362e+01,-3.3180675642201525e+00,1.1832913578315177e-30,5.2025984969813477e+00,-1.9213399148665924e-01,4.6175215814730943e-15,-3.8202079381543868e+01,3.5102010481263926e+00,-2.7893955767248790e-15,3.2999480431914208e+01,-3.3180670566398147e+00,-1.8281260047482034e-15,5.2025989496295644e+00,-1.7968444065985523e-08,-4.6175215814730966e-15,2.2632415408452289e-07,5.2554886309508220e-07,2.7893955767248841e-15,2.2632415408452289e-07,-5.0758033776077127e-07,1.8281260047482046e-15,-4.5264821668666855e-07,5.2554886309508220e-07,1.2572117686465752e-13,1.1611837149594351e-06,4.4408920985006262e-15,1.3322676295501878e-15,test,2.13.1,10,7
h2o-v2-0950,H2O,0.896458030250,0.904409745544,80.000000000000,0.0000000000000000e+00,0.0000000000000000e+00,0.0000000000000000e+00,0.0000000000000000e+00,0.0000000000000000e+00,8.9645803025017012e-01,8.9066972931125210e-01,0.0000000000000000e+00,1.5704910417787893e-01,boundary_targeted,full-space CASCI analytic nuclear gradient,direct FCI,sto-3g,-74.9179397287730922,-74.9655522639235130,-74.9655522638928744,3.0638602765975520e-11,-2039.9165977974228099,1.5499865775449002,-5.9164585773332163e+00,1.0849868250386771e-23,-7.9023725960832252e+00,-4.0425987731262971e+00,1.0849866672664961e-23,1.0215192971707440e+01,9.9590573504595135e+00,1.0849867461525866e-23,-2.3128203756242147e+00,-5.9164586294785426e+00,5.5568809695732707e-15,-7.9023725519979857e+00,-4.0425986921561803e+00,-7.3357851091161162e-15,1.0215193015792678e+01,9.9590573216344769e+00,1.7789041395427768e-15,-2.3128204637949117e+00,5.2145326279173787e-08,-5.5568809587234025e-15,-4.4085239458979686e-08,-8.0970116833611883e-08,7.3357851199659829e-15,-4.4085238570801266e-08,2.8825036579860353e-08,-1.7789041286929094e-15,8.8170696965761408e-08,8.8170696965761408e-08,3.2999892384273938e-13,1.4659035763031641e-07,3.2549602384577599e-23,2.2204460492503131e-16,train,2.13.1,10,7
h2o-v2-0953,H2O,1.079303418994,1.244555336509,119.050059630659,0.0000000000000000e+00,0.0000000000000000e+00,0.0000000000000000e+00,0.0000000000000000e+00,0.0000000000000000e+00,1.0793034189940469e+00,1.0879850388291166e+00,0.0000000000000000e+00,-6.0432320898498570e-01,boundary_targeted,full-space CASCI analytic nuclear gradient,direct FCI,sto-3g,-74.8919708181533679,-74.9741531951131606,-74.9741531944281974,6.8496319727273658e-10,-2040.1506410580993816,1.3159433168682355,1.0657979204159722e+00,7.8886090522101181e-31,-2.6017413689354796e+00,2.3834642578596812e+00,4.9303806576313238e-31,-1.6786027025013217e+00,-3.4492621782756534e+00,-7.8886090522101181e-31,4.2803440714368017e+00,1.0657971974243599e+00,-3.7222969227687735e-15,-2.6017397128580644e+00,2.3834684634563392e+00,-7.5533605694406249e-16,-1.6786010464239067e+00,-3.4492656608807599e+00,4.4776329797128393e-15,4.2803407592817377e+00,7.2299161235633846e-07,3.7222969227687743e-15,-1.6560774152019064e-06,-4.2055966580356596e-06,7.5533605694406298e-16,-1.6560774149798618e-06,3.4826051065195429e-06,-4.4776329797128400e-15,3.3121550639947372e-06,4.2055966580356596e-06,2.4138403537880350e-13,1.0247309025768203e-05,8.8817841970012523e-16,1.3935277114638917e-30,test,2.13.1,10,7
h2o-v2-0954,H2O,0.750000000000,0.944876508367,113.404810222228,0.0000000000000000e+00,0.0000000000000000e+00,0.0000000000000000e+00,0.0000000000000000e+00,0.0000000000000000e+00,7.5000000000000000e-01,8.6713327889877201e-01,0.0000000000000000e+00,-3.7532851302512493e-01,boundary_targeted,full-space CASCI analytic nuclear gradient,direct FCI,sto-3g,-74.8530370441565793,-74.8898614520925179,-74.8898614520763033,1.6214585230045486e-11,-2037.8569458814172322,3.6096384935505066,-4.8495557312197963e+00,9.0087915376239548e-28,-3.2361620992005605e+01,1.5159922187198536e+00,-5.6679656040129698e-28,3.2493304638522481e+01,3.3335635124999423e+00,-3.3526588471893002e-28,-1.3168364651687692e-01,-4.8495561376068705e+00,-6.4341422458950689e-15,-3.2361620051470204e+01,1.5159942527936174e+00,1.2990666915847930e-15,3.2493305579057882e+01,3.3335618848134843e+00,5.1350755543103674e-15,-1.3168552758788860e-01,4.0638707421436493e-07,6.4341422458959697e-15,-9.4053540067307040e-07,-2.0340737638679940e-06,-1.2990666915853598e-15,-9.4053540067307040e-07,1.6276864580611061e-06,-5.1350755543107026e-15,1.8810710116778928e-06,2.0340737638679940e-06,3.1280521897448379e-13,3.7676116459994802e-06,8.0059320849734419e-16,4.4408920985006262e-16,test,2.13.1,10,7
h2o-v2-0955,H2O,0.789141877730,1.250000000000,126.517663548541,0.0000000000000000e+00,0.0000000000000000e+00,0.0000000000000000e+00,0.0000000000000000e+00,0.0000000000000000e+00,7.8914187772975819e-01,1.0045918078008116e+00,0.0000000000000000e+00,-7.4383822145645184e-01,boundary_targeted,full-space CASCI analytic nuclear gradient,direct FCI,sto-3g,-74.8125457234486504,-74.8747553954039802,-74.8747553953084974,9.5482732831442263e-11,-2037.4458891382116690,4.0206952367560964,1.0899649709946727e-02,2.9100474348656023e-22,-3.0450605306664027e+01,3.6343285144742965e+00,2.9100474072554706e-22,2.4896647152393363e+01,-3.6452281641842434e+00,2.9100474279630693e-22,5.5539581542706644e+00,1.0899681835712391e-02,1.2460407767601227e-15,-3.0450606019041302e+01,3.6343268678083778e+00,-1.6558463600722326e-15,2.4896646440016088e+01,-3.6452265496441414e+00,4.0980558331201309e-16,5.5539595790254062e+00,-3.2125765664012262e-08,-1.2460404857553792e-15,7.1237727539141815e-07,1.6466659187308608e-06,1.6558466510769733e-15,7.1237727539141815e-07,-1.6145401020573047e-06,-4.0980529230727029e-16,-1.4247547417411965e-06,1.6466659187308608e-06,1.9852774557194391e-13,3.9317065501087711e-06,8.8817841970055418e-16,1.3322676295501878e-15,train,2.13.1,10,7
h2o-v2-0956,H2O,0.945290313558,1.236967946562,80.000000000000,0.0000000000000000e+00,0.0000000000000000e+00,0.0000000000000000e+00,0.0000000000000000e+00,0.0000000000000000e+00,9.4529031355812143e-01,1.2181756240017851e+00,0.0000000000000000e+00,2.1479722975288512e-01,boundary_targeted,full-space CASCI analytic nuclear gradient,direct FCI,sto-3g,-74.9025328630684726,-74.9802621462082612,-74.9802621461115706,9.6690655482234433e-11,-2040.3168740859059653,1.1497102890615996,6.4423126578101391e+00,-7.8886090522101181e-31,-3.6459995928712496e+00,-2.1152324040566035e+00,1.5777218104420236e-30,6.0503766762689919e+00,-4.3270802537535351e+00,-7.8886090522101181e-31,-2.4043770833977423e+00,6.4423089319548943e+00,-1.2984505084648806e-15,-3.6459956804545501e+00,-2.1152270219401816e+00,3.8995384375014524e-15,6.0503805886856910e+00,-4.3270819100148632e+00,-2.6010879290363052e-15,-2.4043849082313979e+00,3.7258552447738680e-06,1.2984505084648798e-15,-3.9124166995030407e-06,-5.3821164218703643e-06,-3.8995384375014509e-15,-3.9124166990589515e-06,1.6562613280868277e-06,2.6010879290363045e-15,7.8248336556896447e-06,7.8248336556896447e-06,2.9818234327787847e-13,1.4263923750590379e-05,8.8817841970012523e-16,1.6343328198999138e-30,train,2.13.1,10,7
h2o-v2-0965,H2O,0.799724734579,1.246757991091,94.351498583304,0.0000000000000000e+00,0.0000000000000000e+00,0.0000000000000000e+00,0.0000000000000000e+00,0.0000000000000000e+00,7.9972473457928817e-01,1.2431640096630578e+00,0.0000000000000000e+00,-9.4597745368545400e-02,boundary_targeted,full-space CASCI analytic nuclear gradient,direct FCI,sto-3g,-74.8484951860857706,-74.9151458879155427,-74.9151458878374257,7.8117068369465414e-11,-2038.5449704306092826,2.9216139443582816,6.0284366062944494e+00,-1.8400220451755814e-22,-2.4116684568772548e+01,-2.6933102095543743e-01,-1.8400220333426678e-22,2.3851709294468883e+01,-5.7591055853390118e+00,-1.8400220688414086e-22,2.6497527430366452e-01,6.0284363488417005e+00,-4.0436118863709487e-15,-2.4116684114874239e+01,-2.6933040243270323e-01,3.0880802127485301e-15,2.3851709748367192e+01,-5.7591059464090453e+00,9.5553167362249273e-16,2.6497436650694661e-01,2.5745274889743541e-07,4.0436117023687441e-15,-4.5389830916064966e-07,-6.1852273419704673e-07,-3.0880803967507334e-15,-4.5389830916064966e-07,3.6107003342777944e-07,-9.5553185762469961e-16,9.0779671790830463e-07,9.0779671790830463e-07,1.1163611331423112e-13,1.6573445176248924e-06,1.2212453270877970e-15,4.4408920985006262e-16,train,2.13.1,10,7
h2o-v2-0966,H2O,0.750000000000,0.822418706071,93.155755707197,0.0000000000000000e+00,0.0000000000000000e+00,0.0000000000000000e+00,0.0000000000000000e+00,0.0000000000000000e+00,7.5000000000000000e-01,8.2117156759306997e-01,0.0000000000000000e+00,-4.5274547735244690e-02,boundary_targeted,full-space CASCI analytic nuclear gradient,direct FCI,sto-3g,-74.8083442220371069,-74.8416139738882009,-74.8416139736658010,2.2239987629291136e-10,-2036.5440651166045427,4.9225192583630628,-1.5327491788277145e+01,-1.2199688784287778e-21,-2.9564059525217644e+01,-2.7705912846260317e+00,-1.2199688768510560e-21,3.3092342899619453e+01,1.8098083072903176e+01,-1.2199688788232083e-21,-3.5282833744018109e+00,-1.5327496351270975e+01,1.5262336649446122e-15,-2.9564054208252443e+01,-2.7705812792005369e+00,-4.0366782232962019e-15,3.3092348216584654e+01,1.8098077630471220e+01,2.5104445583515661e-15,-3.5282940083322565e+00,4.5629938298930028e-06,-1.5262348849134906e-15,-5.3169652005635726e-06,-1.0005425494785669e-05,4.0366770033273251e-15,-5.3169652005635726e-06,5.4424319557710987e-06,-2.5104457783204449e-15,1.0633930445536066e-05,1.0633930445536066e-05,2.9496083047587003e-13,1.6482754156221802e-05,1.7763568394040208e-15,1.1277857663527800e-30,validation,2.13.1,10,7
h2o-v2-0967,H2O,0.885354783730,1.250000000000,92.218261522190,0.0000000000000000e+00,0.0000000000000000e+00,0.0000000000000000e+00,0.0000000000000000e+00,0.0000000000000000e+00,8.8535478372975296e-01,1.2490632881897008e+00,0.0000000000000000e+00,-4.8382869868708843e-02,boundary_targeted,full-space CASCI analytic nuclear gradient,direct FCI,sto-3g,-74.8957990022722413,-74.9680204537550026,-74.9680204536088581,1.4614442989113741e-10,-2039.9837606642558967,1.4828237107118178,5.9341666427175586e+00,0.0000000000000000e+00,-1.1387866092236806e+01,-4.2458448242844582e-01,7.8886090522101181e-31,1.1475402494080532e+01,-5.5095821602891135e+00,-3.9443045261050590e-31,-8.7536401843724576e-02,5.9341651418189496e+00,-1.6838035452749500e-15,-1.1387863852356002e+01,-4.2458122034373641e-01,-1.5583053264350164e-15,1.1475404733961335e+01,-5.5095839214752438e+00,3.2421088717098019e-15,-8.7540881605390114e-02,1.5008986089526388e-06,1.6838035452749500e-15,-2.2398808035006823e-06,-3.2620847094100291e-06,1.5583053264350172e-15,-2.2398808035006823e-06,1.7611861302668785e-06,-3.2421088717098023e-15,4.4797616655378736e-06,4.4797616655378736e-06,6.4293375060778238e-14,8.5688193627309062e-06,1.9860273225978185e-15,8.8817841970012523e-16,train,2.13.1,10,7
h2o-v2-0968,H2O,0.891472320631,1.202716638917,80.000000000000,0.0000000000000000e+00,0.0000000000000000e+00,0.0000000000000000e+00,0.0000000000000000e+00,0.0000000000000000e+00,8.9147232063085224e-01,1.1844446706820468e+00,0.0000000000000000e+00,2.0884955259759749e-01,boundary_targeted,full-space CASCI analytic nuclear gradient,direct FCI,sto-3g,-74.8984883323160773,-74.9693270054143142,-74.9693270053574992,5.6814997151377611e-11,-2040.0193137461076276,1.4472706288599535,6.4196867393980828e+00,-1.3805065841367707e-30,-8.4325808726784839e+00,-2.4884913623142175e+00,0.0000000000000000e+00,1.0998719790387124e+01,-3.9311953770838648e+00,7.8886090522101181e-31,-2.5661389177086407e+00,6.4196842207046219e+00,-1.6052724404063394e-15,-8.4325781614237165e+00,-2.4884877591295784e+00,-1.9080442220798501e-15,1.0998722501641891e+01,-3.9311964615751944e+00,3.5133166624864394e-15,-2.5661443402183468e+00,2.5186934609067180e-06,1.6052724404063380e-15,-2.7112547673624476e-06,-3.6031846391004763e-06,1.9080442220798501e-15,-2.7112547673624476e-06,1.0844913296281788e-06,-3.5133166624864386e-15,5.4225097061433303e-06,5.4225097061433303e-06,2.2876802090632921e-13,9.4083065538264066e-06,6.2803698347351007e-16,8.8817841970012523e-16,validation,2.13.1,10,7
h2o-v2-0972,H2O,0.750000000000,1.197559054023,91.695372881367,0.0000000000000000e+00,0.0000000000000000e+00,0.0000000000000000e+00,0.0000000000000000e+00,0.0000000000000000e+00,7.5000000000000000e-01,1.1970348257326724e+00,0.0000000000000000e+00,-3.5430408635488304e-02,boundary_targeted,full-space CASCI analytic nuclear gradient,direct FCI,sto-3g,-74.8117222477231252,-74.8715253151837743,-74.8715253151623870,2.1387336346379016e-11,-2037.3579941777340991,4.1085901972336449,6.2941911895360443e+00,-7.8886090522101181e-31,-3.4070629939130733e+01,-9.9356206656588031e-01,1.9721522630525295e-31,3.4536253897674513e+01,-5.3006291229701645e+00,1.9721522630525295e-31,-4.6562395854377753e-01,6.2941914798338248e+00,-1.1772378165936700e-15,-3.4070630425432746e+01,-9.9356269034285516e-01,-4.9116835100931632e-16,3.4536253411372499e+01,-5.3006287894909949e+00,1.6684061676032697e-15,-4.6562298594003659e-01,-2.9029778048084154e-07,1.1772378165936692e-15,4.8630201376909099e-07,6.2377697485072048e-07,4.9116835100931652e-16,4.8630201376909099e-07,-3.3347916961190549e-07,-1.6684061676032695e-15,-9.7260374093410817e-07,9.7260374093410817e-07,2.8497124058514509e-13,1.6438886911718242e-06,2.8613831235224369e-15,8.8817841970012523e-16,train,2.13.1,10,7
h2o-v2-0973,H2O,1.206398162402,1.250000000000,88.043151946169,0.0000000000000000e+00,0.0000000000000000e+00,0.0000000000000000e+00,0.0000000000000000e+00,0.0000000000000000e+00,1.2063981624023301e+00,1.2492710348840799e+00,0.0000000000000000e+00,4.2683502663913436e-02,boundary_targeted,full-space CASCI analytic nuclear gradient,direct FCI,sto-3g,-74.8799143575959931,-74.9788201527001092,-74.9788201526174589,8.2650331023614854e-11,-2040.2776354435916346,1.1889489313761308,5.3651414491204239e+00,4.9303806576313238e-31,5.0215320486873329e+00,-4.5227039365487315e-01,0.0000000000000000e+00,-4.4169260860847261e+00,-4.9128710554655513e+00,-3.9443045261050590e-31,-6.0460596260260746e-01,5.3651433834012439e+00,-4.7587244385853704e-16,5.0215301141132036e+00,-4.5227406392228819e-01,-5.8486811351522634e-16,-4.4169280206588555e+00,-4.9128693194789239e+00,1.0607405573736579e-15,-6.0460209345455707e-01,-1.9342808199596107e-06,4.7587244385853753e-16,1.9345741293363972e-06,3.6702674150457248e-06,5.8486811351522634e-16,1.9345741293363972e-06,-1.7359866273380931e-06,-1.0607405573736583e-15,-3.8691480503949549e-06,3.8691480503949549e-06,2.1137631769942170e-13,9.1873205643189237e-06,1.1102230246251565e-15,4.4408920985006262e-16,train,2.13.1,10,7
h2o-v2-0974,H2O,1.100427026297,1.207827500811,80.000000000000,0.0000000000000000e+00,0.0000000000000000e+00,0.0000000000000000e+00,0.0000000000000000e+00,0.0000000000000000e+00,1.1004270262966509e+00,1.1894778870998726e+00,0.0000000000000000e+00,2.0973704445180499e-01,boundary_targeted,full-space CASCI analytic nuclear gradient,direct FCI,sto-3g,-74.9067533373593335,-74.9931399881951961,-74.9931399879640139,2.3118218450690620e-10,-2040.6672980182272568,0.7992863567403133,5.5971023221166414e+00,3.9443045261050590e-31,4.2007829844490496e+00,-1.6571493959519410e+00,-8.8746851837363828e-31,-1.9729769086331872e+00,-3.9399529261647004e+00,-3.9443045261050590e-31,-2.2278060758158627e+00,5.5971051754258392e+00,-2.5257595018607631e-15,4.2007803939732362e+00,-1.6571537322582597e+00,-7.3027538958721103e-16,-1.9729794991090008e+00,-3.9399514431678204e+00,3.2560348914473559e-15,-2.2278008948643397e+00,-2.8533091978033553e-06,2.5257595018607635e-15,2.5904758134132067e-06,4.3363063186863116e-06,7.3027538958721014e-16,2.5904758136352513e-06,-1.4829968799645599e-06,-3.2560348914473563e-15,-5.1809515229095382e-06,5.1809515229095382e-06,2.6234699276539064e-13,1.0623376491381009e-05,4.4408920985006262e-16,4.4408920985006262e-16,train,2.13.1,10,7
h2o-v2-0975,H2O,0.870415935474,1.053790400998,130.000000000000,0.0000000000000000e+00,0.0000000000000000e+00,0.0000000000000000e+00,0.0000000000000000e+00,0.0000000000000000e+00,8.7041593547370188e-01,8.0725028089675444e-01,0.0000000000000000e+00,-6.7736341296822233e-01,boundary_targeted,full-space CASCI analytic nuclear gradient,direct FCI,sto-3g,-74.9084366209143013,-74.9563442148825629,-74.9563442146551893,2.2737367544323206e-10,-2039.6660340183975677,1.8005503565701919,-3.4546569425288611e+00,5.7744618262178064e-28,-1.5191149421172442e+01,3.6117530686504598e+00,-3.3211044109804597e-28,1.1164964889539059e+01,-1.5709612612159854e-01,-2.4178586745024012e-28,4.0261845316333824e+00,-3.4546567912777593e+00,5.9297909617545437e-15,-1.5191150053630158e+01,3.6117511740631199e+00,-6.3871535921841387e-15,1.1164964257081342e+01,-1.5709438278554877e-01,4.5736263042964542e-16,4.0261857965486225e+00,-1.5125110186531288e-07,-5.9297909617539662e-15,6.3245771642073123e-07,1.8945873399012214e-06,6.3871535921838066e-15,6.3245771642073123e-07,-1.7433360497698391e-06,-4.5736263042988721e-16,-1.2649152401067454e-06,1.8945873399012214e-06,2.7000480159054847e-13,3.8510542910152878e-06,8.9207300879513543e-16,4.4408920985006262e-16,validation,2.13.1,10,7
h2o-v2-0976,H2O,0.751476122412,1.093540874788,91.621566939919,0.0000000000000000e+00,0.0000000000000000e+00,0.0000000000000000e+00,0.0000000000000000e+00,0.0000000000000000e+00,7.5147612241240591e-01,1.0931029489853994e+00,0.0000000000000000e+00,-3.0944914792782559e-02,boundary_targeted,full-space CASCI analytic nuclear gradient,direct FCI,sto-3g,-74.8392896355660611,-74.8899125202712668,-74.8899125201022571,1.6900969512789743e-10,-2037.8583355173539076,3.6082488576136913,4.5964587504027383e+00,0.0000000000000000e+00,-3.2909362431091026e+01,-1.4840794273297695e+00,7.0874221953450279e-32,3.3841514285033277e+01,-3.1123793230729686e+00,0.0000000000000000e+00,-9.3215185394225564e-01,4.5964572706927749e+00,-1.8471461148879316e-15,-3.2909360186253593e+01,-1.4840762772607736e+00,2.3660867554025379e-17,3.3841516529870709e+01,-3.1123809934318571e+00,1.8234852473337168e-15,-9.3215634361691746e-01,1.4797099634478172e-06,1.8471461148879316e-15,-2.2448374323857934e-06,-3.1500689958718908e-06,-2.3660867554025308e-17,-2.2448374323857934e-06,1.6703588885391696e-06,-1.8234852473337168e-15,4.4896746618228178e-06,4.4896746618228178e-06,2.4552051922466581e-13,7.3265673976585788e-06,4.3525840229624933e-15,2.6645352591003757e-15,train,2.13.1,10,7
h2o-v2-0978,H2O,0.750000000000,0.924607174552,81.283721807398,0.0000000000000000e+00,0.0000000000000000e+00,0.0000000000000000e+00,0.0000000000000000e+00,0.0000000000000000e+00,7.5000000000000000e-01,9.1392876840354353e-01,0.0000000000000000e+00,1.4011649980749513e-01,boundary_targeted,full-space CASCI analytic nuclear gradient,direct FCI,sto-3g,-74.8236804549935783,-74.8646730433582945,-74.8646730433318623,2.6432189770275727e-11,-2037.1715343624284742,4.2950500125392761,-2.6270587378969483e+00,-6.3108872417680944e-30,-3.1184463588061035e+01,-5.1362187566158717e+00,-3.9443045261050590e-31,3.4209207849832481e+01,7.7632774945128196e+00,7.8886090522101181e-31,-3.0247442617714486e+00,-2.6270594118656412e+00,-5.4309254682141018e-15,-3.1184462896062666e+01,-5.1362177269544302e+00,1.7972292910357649e-15,3.4209208541830854e+01,7.7632771388197153e+00,3.6336961771782277e-15,-3.0247456457685322e+00,6.7396869285474281e-07,5.4309254682140955e-15,-6.9199836971733930e-07,-1.0296614414428973e-06,-1.7972292910357652e-15,-6.9199837327005298e-07,3.5569310430361156e-07,-3.6336961771782269e-15,1.3839970836038162e-06,1.3839970836038162e-06,4.9497124293688981e-13,1.9872823584510257e-06,3.2330182483522121e-15,1.9984014443252818e-15,test,2.13.1,10,7
h2o-v2-0982,H2O,0.770460014967,1.010900615000,126.889152869058,0.0000000000000000e+00,0.0000000000000000e+00,0.0000000000000000e+00,0.0000000000000000e+00,0.0000000000000000e+00,7.7046001496697647e-01,8.0851660810623194e-01,0.0000000000000000e+00,-6.0681211904761778e-01,boundary_targeted,full-space CASCI analytic nuclear gradient,direct FCI,sto-3g,-74.8575740501612330,-74.8978563781122091,-74.8978563780568862,5.5322857406281400e-11,-2038.0744989013471695,3.3920854736205897,-3.5237824292199145e+00,-4.4328025869181178e-22,-3.0100062681191698e+01,3.2231053728251240e+00,-4.4328026145282494e-22,2.7254333466752659e+01,3.0067705639479092e-01,-4.4328025395864634e-22,2.8457292144390416e+00,-3.5237822723830536e+00,8.0254773056873764e-15,-3.0100063456057985e+01,3.2231033144812220e+00,-1.9052962862768064e-15,2.7254332691886372e+01,3.0067895790172788e-01,-6.1201810194105188e-15,2.8457307641715697e+00,-1.5683686083178827e-07,-8.0254777489676351e-15,7.7486628669021229e-07,2.0583439019894456e-06,1.9052958429965449e-15,7.7486628669021229e-07,-1.9015069369632265e-06,6.1201805761302648e-15,-1.5497325280833252e-06,2.0583439019894456e-06,1.1233757811636844e-13,3.9927136203932179e-06,2.2644195468018608e-15,8.8817841970012523e-16,train,2.13.1,10,7
h2o-v2-0985,H2O,0.875460734726,1.250000000000,85.230523148915,0.0000000000000000e+00,0.0000000000000000e+00,0.0000000000000000e+00,0.0000000000000000e+00,0.0000000000000000e+00,8.7546073472601538e-01,1.2456716193698831e+00,0.0000000000000000e+00,1.0393371299252836e-01,boundary_targeted,full-space CASCI analytic nuclear gradient,direct FCI,sto-3g,-74.8865030896778308,-74.9598949726373291,-74.9598949725244523,1.1287681900284952e-10,-2039.7626550591282921,1.7039293158393114,6.5782297111782277e+00,-1.1832913578315177e-30,-1.1278524033863381e+01,-1.4843692126149712e+00,1.5777218104420236e-30,1.2746752713174054e+01,-5.0938604985632567e+00,-1.1832913578315177e-30,-1.4682286793106727e+00,6.5782269318467606e+00,3.0476356919261798e-15,-1.1278520498889042e+01,-1.4843645387833388e+00,-4.1588452161678496e-15,1.2746756248148392e+01,-5.0938623930635902e+00,1.1112095242414014e-15,-1.4682357492594102e+00,2.7793314671953340e-06,-3.0476356919261809e-15,-3.5349743381374310e-06,-4.6738316323846618e-06,4.1588452161678512e-15,-3.5349743381374310e-06,1.8945003334991384e-06,-1.1112095242414026e-15,7.0699487375591730e-06,7.0699487375591730e-06,1.7931102051687892e-13,1.2701688143934575e-05,6.6613381477509392e-16,8.8817841970012523e-16,train,2.13.1,10,7
h2o-v2-0986,H2O,1.060384178993,1.061841948211,80.000000000000,0.0000000000000000e+00,0.0000000000000000e+00,0.0000000000000000e+00,0.0000000000000000e+00,0.0000000000000000e+00,1.0603841789926416e+00,1.0457101830720392e+00,0.0000000000000000e+00,1.8438691927718889e-01,boundary_targeted,full-space CASCI analytic nuclear gradient,direct FCI,sto-3g,-74.9402144156420462,-75.0100688782880241,-75.0100688782635956,2.4428459255432244e-11,-2041.1279565852591986,0.3386277897084926,2.5209257141304726e+00,2.4651903288156619e-31,2.9427978741581962e+00,-2.2273259317207503e+00,0.0000000000000000e+00,-6.3244728376973647e-01,-2.9359978240972207e-01,-1.9721522630525295e-31,-2.3103505903884596e+00,2.5209257888751009e+00,4.0404364808070939e-16,2.9427978113666415e+00,-2.2273260479942460e+00,5.0257482260783484e-16,-6.3244734656129098e-01,-2.9359974088064333e-01,-9.0661847068871581e-16,-2.3103504648052704e+00,-7.4744628264511448e-08,-4.0404364808070915e-16,6.2791554622521062e-08,1.1627349572052026e-07,-5.0257482260783484e-16,6.2791554511498759e-08,-4.1529078731450397e-08,9.0661847068871561e-16,-1.2558318918109990e-07,1.2558318918109990e-07,2.2609944714094611e-13,2.4696083578135131e-07,2.2204460492503131e-16,2.2204460492503131e-16,train,2.13.1,10,7
h2o-v2-0987,H2O,0.869580088417,0.905865346190,130.000000000000,0.0000000000000000e+00,0.0000000000000000e+00,0.0000000000000000e+00,0.0000000000000000e+00,0.0000000000000000e+00,8.6958008841724665e-01,6.9393311466303687e-01,0.0000000000000000e+00,-5.8227902057545544e-01,boundary_targeted,full-space CASCI analytic nuclear gradient,direct FCI,sto-3g,-74.9119637407199974,-74.9503520170302693,-74.9503520170210606,9.2086338554508984e-12,-2039.5029780081763420,1.9636063667913344,-9.8189532758537830e+00,-1.0277393232531422e-22,-8.5743488536435102e+00,3.1270329564291450e+00,-1.0277392522556607e-22,1.0270995388807025e+01,6.6919203194246375e+00,-1.0277392364784426e-22,-1.6966465351635145e+00,-9.8189534673637020e+00,6.8657747334345247e-15,-8.5743483910799050e+00,3.1270345038598180e+00,-2.4511679029651711e-15,1.0270995851370630e+01,6.6919189635037117e+00,-4.4146068304693651e-15,-1.6966474602909083e+00,1.9150991903416070e-07,-6.8657748362084571e-15,-4.6256360519691953e-07,-1.5474306729323928e-06,2.4511678001912459e-15,-4.6256360519691953e-07,1.3559209257607563e-06,4.4146067276954414e-15,9.2512739380268272e-07,1.5474306729323928e-06,2.5148950749464918e-13,2.7771157178335670e-06,2.2204460492524534e-16,8.8817841970012523e-16,train,2.13.1,10,7
h2o-v2-0989,H2O,0.809331794498,1.231561577201,116.620328851697,0.0000000000000000e+00,0.0000000000000000e+00,0.0000000000000000e+00,0.0000000000000000e+00,0.0000000000000000e+00,8.0933179449809312e-01,1.1010102779616020e+00,0.0000000000000000e+00,-5.5183356753792034e-01,boundary_targeted,full-space CASCI analytic nuclear gradient,direct FCI,sto-3g,-74.8499465933042245,-74.9120525819237031,-74.9120525818618148,6.1888272284704726e-11,-2038.4607972864885141,3.0057870884792597,2.0055449470257560e+00,-2.5736447641113558e-22,-2.5735773285979484e+01,2.6224319058486909e+00,-2.5736447483341377e-22,2.1488500947912094e+01,-4.6279768528744469e+00,-2.5736448035544010e-22,4.2472723380673880e+00,2.0055451180042616e+00,5.1229079850329064e-15,-2.5735774017048989e+01,2.6224304646413636e+00,-6.1632361435896061e-15,2.1488500216842588e+01,-4.6279755826455897e+00,1.0403281585567449e-15,4.2472738002061359e+00,-1.7097850557590277e-07,-5.1229082423973828e-15,7.3106950537749071e-07,1.4412073272573878e-06,6.1632358862251312e-15,7.3106950537749071e-07,-1.2702288572086218e-06,-1.0403284159212252e-15,-1.4621387478541692e-06,1.4621387478541692e-06,2.6705089641414864e-13,3.4771997228233431e-06,1.7763568394004181e-15,8.8817841970012523e-16,train,2.13.1,10,7
h2o-v2-0991,H2O,0.946097585939,1.250000000000,120.082203353016,0.0000000000000000e+00,0.0000000000000000e+00,0.0000000000000000e+00,0.0000000000000000e+00,0.0000000000000000e+00,9.4609758593946702e-01,1.0816339414074172e+00,0.0000000000000000e+00,-6.2655248526795915e-01,boundary_targeted,full-space CASCI analytic nuclear gradient,direct FCI,sto-3g,-74.8924777765416252,-74.9647661267365777,-74.9647661263689145,3.6766323319170624e-10,-2039.8952059147868567,1.5713784601809315,9.8478082476998119e-01,4.1730741886191525e-28,-9.9207683803298199e+00,2.7660760646588645e+00,-2.6239485859913905e-28,5.3285617167781645e+00,-3.7508568894288459e+00,-1.5422230697070781e-28,4.5922066635516563e+00,9.8478121185049772e-01,-2.0433816594400584e-15,-9.9207696905658391e+00,2.7660730135769125e+00,6.6850583558969428e-16,5.3285604065421461e+00,-3.7508542254275641e+00,1.3748758238502139e-15,4.5922092840235029e+00,-3.8708051652847075e-07,2.0433816594404757e-15,1.3102360192362994e-06,3.0510819519768972e-06,-6.6850583558995668e-16,1.3102360183481210e-06,-2.6640012817935599e-06,-1.3748758238503681e-15,-2.6204718466260601e-06,3.0510819519768972e-06,2.4441049905407323e-13,7.3901492374517375e-06,8.8817841970012523e-16,1.3322676295501878e-15,train,2.13.1,10,7
h2o-v2-0994,H2O,0.752216580162,1.091515400871,83.557232523571,0.0000000000000000e+00,0.0000000000000000e+00,0.0000000000000000e+00,0.0000000000000000e+00,0.0000000000000000e+00,7.5221658016163884e-01,1.0846218679046014e+00,0.0000000000000000e+00,1.2247968812184171e-01,boundary_targeted,full-space CASCI analytic nuclear gradient,direct FCI,sto-3g,-74.8296216033593424,-74.8820277854958078,-74.8820277853186838,1.7712409317027777e-10,-2037.6437809539318096,3.8228034210358777,5.3134090154602704e+00,-6.7792734042430702e-32,-3.1460692370068056e+01,-3.1905586217200570e+00,-1.1832913578315177e-30,3.3913157351738590e+01,-2.1228503937402139e+00,1.1832913578315177e-30,-2.4524649816705368e+00,5.3134049385782021e+00,4.1955238142344977e-17,-3.1460687314741438e+01,-3.1905521805571140e+00,-2.7218116840627702e-15,3.3913162407065208e+01,-2.1228527580212755e+00,2.6798564459210258e-15,-2.4524750923239425e+00,4.0768820683823037e-06,-4.1955238142345045e-17,-5.0553266177644218e-06,-6.4411629430161099e-06,2.7218116840627690e-15,-5.0553266177644218e-06,2.3642810615953636e-06,-2.6798564459210247e-15,1.0110653405615011e-05,1.0110653405615011e-05,2.5487973952647130e-13,1.5521808927942971e-05,2.7012892057857038e-15,2.2204460492503131e-15,test,2.13.1,10,7
h2o-v2-0996,H2O,0.750000000000,0.879076677742,86.296937629470,0.0000000000000000e+00,0.0000000000000000e+00,0.0000000000000000e+00,0.0000000000000000e+00,0.0000000000000000e+00,7.5000000000000000e-01,8.7724131305572561e-01,0.0000000000000000e+00,5.6775734414405657e-02,boundary_targeted,full-space CASCI analytic nuclear gradient,direct FCI,sto-3g,-74.8232043875843544,-74.8605537532183689,-74.8605537532073129,1.1056044968427159e-11,-2037.0594427673715927,4.4071416075960821,-7.3300725844857730e+00,0.0000000000000000e+00,-3.0998306868993158e+01,-4.1126632758841302e+00,7.8886090522101181e-31,3.3773857550993320e+01,1.1442735860369902e+01,-2.3665827156630354e-30,-2.7755506820001656e+00,-7.3300730965890137e+00,-6.7773407176729200e-15,-3.0998306312161787e+01,-4.1126623597933811e+00,3.6327697772678829e-15,3.3773858107824694e+01,1.1442735456382346e+01,3.1445709404052737e-15,-2.7755517956631559e+00,5.1210324070183333e-07,6.7773407176729200e-15,-5.5683137034634456e-07,-9.1609074903686860e-07,-3.6327697772678821e-15,-5.5683137389905824e-07,4.0398755629666994e-07,-3.1445709404052761e-15,1.1136629902708250e-06,1.1136629902708250e-06,2.5414477042973124e-13,1.6410824952295400e-06,3.9720546451956370e-15,4.4408920985006262e-16,train,2.13.1,10,7
