sample_id,molecule,oh1_length_A,oh2_length_A,hoh_angle_deg,source,reference_method,basis,hf_energy_Ha,fci_energy_Ha,total_energy_eV,relative_energy_eV,split,has_force_label,scf_converged,fci_converged,pyscf_version,n_electrons,n_spatial_orbitals,n_spin_orbitals
h2o-v2-0000,H2O,0.750000000000,0.750000000000,80.000000000000,legacy_grid,PySCF FCI,sto-3g,-74.7106522205452848,-74.7428655662549914,-2033.8569840553211634,7.6096003196465958,test,true,true,true,2.13.1,10,7,14
h2o-v2-0001,H2O,0.750000000000,0.750000000000,85.000000000000,legacy_grid,PySCF FCI,sto-3g,-74.7267619929164937,-74.7581154555445409,-2034.2719546829875981,7.1946296919801114,train,true,true,true,2.13.1,10,7,14
h2o-v2-0002,H2O,0.750000000000,0.750000000000,90.000000000000,legacy_grid,PySCF FCI,sto-3g,-74.7390449493616984,-74.7695965567929193,-2034.5843713635865697,6.8822130113811912,train,true,true,true,2.13.1,10,7,14
h2o-v2-0003,H2O,0.750000000000,0.750000000000,95.000000000000,legacy_grid,PySCF FCI,sto-3g,-74.7479861545146349,-74.7778065009530906,-2034.8077753251868671,6.6588090497807766,test,true,true,true,2.13.1,10,7,14
h2o-v2-0004,H2O,0.750000000000,0.750000000000,100.000000000000,legacy_grid,PySCF FCI,sto-3g,-74.7540128430364632,-74.7831773175936689,-2034.9539226912499998,6.5126616837176190,train,false,true,true,2.13.1,10,7,14
h2o-v2-0005,H2O,0.750000000000,0.750000000000,105.000000000000,legacy_grid,PySCF FCI,sto-3g,-74.7575101687845063,-74.7860931637322039,-2035.0332669067595361,6.4333174682080694,train,true,true,true,2.13.1,10,7,14
h2o-v2-0006,H2O,0.750000000000,0.750000000000,110.000000000000,legacy_grid,PySCF FCI,sto-3g,-74.7588323769396084,-74.7869030848160463,-2035.0553059822007071,6.4112783927668655,test,true,true,true,2.13.1,10,7,14
h2o-v2-0007,H2O,0.750000000000,0.750000000000,115.000000000000,legacy_grid,PySCF FCI,sto-3g,-74.7583108685135613,-74.7859303844825405,-2035.0288374577241939,6.4377469172434942,train,false,true,true,2.13.1,10,7,14
h2o-v2-0008,H2O,0.750000000000,0.750000000000,120.000000000000,legacy_grid,PySCF FCI,sto-3g,-74.7562601477677759,-74.7834796948035319,-2034.9621507942995322,6.5044335806680547,train,true,true,true,2.13.1,10,7,14
h2o-v2-0009,H2O,0.750000000000,0.750000000000,125.000000000000,legacy_grid,PySCF FCI,sto-3g,-74.7529821832708024,-74.7798423668776024,-2034.8631740592038568,6.6034103157638384,train,false,true,true,2.13.1,10,7,14
h2o-v2-0010,H2O,0.750000000000,0.750000000000,130.000000000000,legacy_grid,PySCF FCI,sto-3g,-74.7487693377859586,-74.7753004095762606,-2034.7395811047642837,6.7270032702034372,train,true,true,true,2.13.1,10,7,14
h2o-v2-0011,H2O,0.750000000000,0.850000000000,80.000000000000,legacy_grid,PySCF FCI,sto-3g,-74.7937002279149397,-74.8307340282385240,-2036.2480067131959913,5.2185776617717776,train,true,true,true,2.13.1,10,7,14
h2o-v2-0012,H2O,0.750000000000,0.850000000000,85.000000000000,legacy_grid,PySCF FCI,sto-3g,-74.8077898861593127,-74.8438470352233907,-2036.6048298111074928,4.8617545638602335,train,true,true,true,2.13.1,10,7,14
h2o-v2-0013,H2O,0.750000000000,0.850000000000,90.000000000000,legacy_grid,PySCF FCI,sto-3g,-74.8183667054261292,-74.8535104935663611,-2036.8677859085501041,4.5987984664176489,train,true,true,true,2.13.1,10,7,14
h2o-v2-0014,H2O,0.750000000000,0.850000000000,95.000000000000,legacy_grid,PySCF FCI,sto-3g,-74.8258226515498279,-74.8601316219349115,-2037.0479559899708875,4.4186283849967545,train,true,true,true,2.13.1,10,7,14
h2o-v2-0015,H2O,0.750000000000,0.850000000000,100.000000000000,legacy_grid,PySCF FCI,sto-3g,-74.8305091872742025,-74.8640678118197656,-2037.1550651732652568,4.3115192017024420,train,false,true,true,2.13.1,10,7,14
h2o-v2-0016,H2O,0.750000000000,0.850000000000,105.000000000000,legacy_grid,PySCF FCI,sto-3g,-74.8327501970729969,-74.8656418660587804,-2037.1978973711352410,4.2686870038324747,train,false,true,true,2.13.1,10,7,14
h2o-v2-0017,H2O,0.750000000000,0.850000000000,110.000000000000,legacy_grid,PySCF FCI,sto-3g,-74.8328510697237590,-74.8651528753889295,-2037.1845912571473036,4.2819931178204715,train,false,true,true,2.13.1,10,7,14
h2o-v2-0018,H2O,0.750000000000,0.850000000000,115.000000000000,legacy_grid,PySCF FCI,sto-3g,-74.8311054850414337,-74.8628844196098129,-2037.1228634307597076,4.3437209442079574,validation,true,true,true,2.13.1,10,7,14
h2o-v2-0019,H2O,0.750000000000,0.850000000000,120.000000000000,legacy_grid,PySCF FCI,sto-3g,-74.8278008336021827,-74.8591111635950597,-2037.0201879039373125,4.4463964710304040,train,false,true,true,2.13.1,10,7,14
h2o-v2-0020,H2O,0.750000000000,0.850000000000,125.000000000000,legacy_grid,PySCF FCI,sto-3g,-74.8232226475691959,-74.8541043755956679,-2036.8839462618341258,4.5826381131336316,train,true,true,true,2.13.1,10,7,14
h2o-v2-0021,H2O,0.750000000000,0.850000000000,130.000000000000,legacy_grid,PySCF FCI,sto-3g,-74.8176579829354722,-74.8481364676256078,-2036.7215512129803301,4.7450331619874468,validation,true,true,true,2.13.1,10,7,14
h2o-v2-0022,H2O,0.750000000000,0.950000000000,80.000000000000,legacy_grid,PySCF FCI,sto-3g,-74.8244097998315851,-74.8672675546669666,-2037.2421346117682788,4.2244497631994165,validation,false,true,true,2.13.1,10,7,14
h2o-v2-0023,H2O,0.750000000000,0.950000000000,85.000000000000,legacy_grid,PySCF FCI,sto-3g,-74.8365213803285201,-74.8782787282131750,-2037.5417639081556445,3.9248204668119349,test,false,true,true,2.13.1,10,7,14
h2o-v2-0024,H2O,0.750000000000,0.950000000000,90.000000000000,legacy_grid,PySCF FCI,sto-3g,-74.8454432843452224,-74.8861709008506864,-2037.7565208661151246,3.7100635088525937,train,false,true,true,2.13.1,10,7,14
h2o-v2-0025,H2O,0.750000000000,0.950000000000,95.000000000000,legacy_grid,PySCF FCI,sto-3g,-74.8514796945956817,-74.8912663166969992,-2037.8951741947930714,3.5714101801746487,train,true,true,true,2.13.1,10,7,14
h2o-v2-0026,H2O,0.750000000000,0.950000000000,100.000000000000,legacy_grid,PySCF FCI,sto-3g,-74.8549119514018741,-74.8938533740342933,-2037.9655716112386017,3.5010127637290207,train,false,true,true,2.13.1,10,7,14
h2o-v2-0027,H2O,0.750000000000,0.950000000000,105.000000000000,legacy_grid,PySCF FCI,sto-3g,-74.8560068614916503,-74.8941975683014647,-2037.9749376143863628,3.4916467605813661,train,true,true,true,2.13.1,10,7,14
h2o-v2-0028,H2O,0.750000000000,0.950000000000,110.000000000000,legacy_grid,PySCF FCI,sto-3g,-74.8550227964266526,-74.8925495855173295,-2037.9300937183204496,3.5364906566472061,train,false,true,true,2.13.1,10,7,14
h2o-v2-0029,H2O,0.750000000000,0.950000000000,115.000000000000,legacy_grid,PySCF FCI,sto-3g,-74.8522148335751751,-74.8891519344246035,-2037.8376389221070895,3.6289454528604774,train,true,true,true,2.13.1,10,7,14
h2o-v2-0030,H2O,0.750000000000,0.950000000000,120.000000000000,legacy_grid,PySCF FCI,sto-3g,-74.8478395841754036,-74.8842449230327247,-2037.7041123398093987,3.7624720351583538,train,false,true,true,2.13.1,10,7,14
h2o-v2-0031,H2O,0.750000000000,0.950000000000,125.000000000000,legacy_grid,PySCF FCI,sto-3g,-74.8421598602549665,-74.8780723329598885,-2037.5361476071991547,3.9304367677684513,train,true,true,true,2.13.1,10,7,14
h2o-v2-0032,H2O,0.750000000000,0.950000000000,130.000000000000,legacy_grid,PySCF FCI,sto-3g,-74.8354489377257863,-74.8708868067791684,-2037.3406194789149595,4.1259648960526851,train,true,true,true,2.13.1,10,7,14
h2o-v2-0033,H2O,0.750000000000,1.050000000000,80.000000000000,legacy_grid,PySCF FCI,sto-3g,-74.8251424975335340,-74.8750373915126914,-2037.4535626432455047,4.0130217317220884,train,true,true,true,2.13.1,10,7,14
h2o-v2-0034,H2O,0.750000000000,1.050000000000,85.000000000000,legacy_grid,PySCF FCI,sto-3g,-74.8354233257615249,-74.8840929768094128,-2037.6999776724380808,3.7666067025295145,train,true,true,true,2.13.1,10,7,14
h2o-v2-0035,H2O,0.750000000000,1.050000000000,90.000000000000,legacy_grid,PySCF FCI,sto-3g,-74.8428312408311882,-74.8903566959158411,-2037.8704221523796605,3.5961622225881187,train,false,true,true,2.13.1,10,7,14
h2o-v2-0036,H2O,0.750000000000,1.050000000000,95.000000000000,legacy_grid,PySCF FCI,sto-3g,-74.8475941440839989,-74.8940774814768986,-2037.9716698854199421,3.4949144895476882,train,false,true,true,2.13.1,10,7,14
h2o-v2-0037,H2O,0.750000000000,1.050000000000,100.000000000000,legacy_grid,PySCF FCI,sto-3g,-74.8499314809555898,-74.8954830045601625,-2038.0099161169164290,3.4566682580513421,train,false,true,true,2.13.1,10,7,14
h2o-v2-0038,H2O,0.750000000000,1.050000000000,105.000000000000,legacy_grid,PySCF FCI,sto-3g,-74.8500581549564004,-74.8947865464261753,-2037.9909645256282147,3.4756198493394286,validation,true,true,true,2.13.1,10,7,14
h2o-v2-0039,H2O,0.750000000000,1.050000000000,110.000000000000,legacy_grid,PySCF FCI,sto-3g,-74.8481879022635610,-74.8921925587105477,-2037.9203785239810713,3.5462058509867185,train,true,true,true,2.13.1,10,7,14
h2o-v2-0040,H2O,0.750000000000,1.050000000000,115.000000000000,legacy_grid,PySCF FCI,sto-3g,-74.8445369321339626,-74.8879018178004543,-2037.8036215157949300,3.6629628591727323,train,false,true,true,2.13.1,10,7,14
h2o-v2-0041,H2O,0.750000000000,1.050000000000,120.000000000000,legacy_grid,PySCF FCI,sto-3g,-74.8393281745858587,-74.8821166748945615,-2037.6461997576943759,3.8203846172732194,test,true,true,true,2.13.1,10,7,14
h2o-v2-0042,H2O,0.750000000000,1.050000000000,125.000000000000,legacy_grid,PySCF FCI,sto-3g,-74.8327961426424508,-74.8750466393659337,-2037.4538142901521951,4.0127700848155659,train,true,true,true,2.13.1,10,7,14
h2o-v2-0043,H2O,0.750000000000,1.050000000000,130.000000000000,legacy_grid,PySCF FCI,sto-3g,-74.8251921400563731,-74.8669143603677583,-2037.2325237052725697,4.2340606696950553,train,true,true,true,2.13.1,10,7,14
h2o-v2-0044,H2O,0.750000000000,1.150000000000,80.000000000000,legacy_grid,PySCF FCI,sto-3g,-74.8085547539452733,-74.8668882724555544,-2037.2318138170173825,4.2347705579503847,train,true,true,true,2.13.1,10,7,14
h2o-v2-0045,H2O,0.750000000000,1.150000000000,85.000000000000,legacy_grid,PySCF FCI,sto-3g,-74.8171988293538135,-74.8741912737108919,-2037.4305386049311437,4.0360457700364627,train,true,true,true,2.13.1,10,7,14
h2o-v2-0046,H2O,0.750000000000,1.150000000000,90.000000000000,legacy_grid,PySCF FCI,sto-3g,-74.8232733553839751,-74.8790203571088426,-2037.5619446584869365,3.9046397164807369,validation,true,true,true,2.13.1,10,7,14
h2o-v2-0047,H2O,0.750000000000,1.150000000000,95.000000000000,legacy_grid,PySCF FCI,sto-3g,-74.8269421652524187,-74.8815635923149330,-2037.6311496139942392,3.8354347609734174,train,false,true,true,2.13.1,10,7,14
h2o-v2-0048,H2O,0.750000000000,1.150000000000,100.000000000000,legacy_grid,PySCF FCI,sto-3g,-74.8283710725048223,-74.8819964305860850,-2037.6429277433726384,3.8236566315950538,train,true,true,true,2.13.1,10,7,14
h2o-v2-0049,H2O,0.750000000000,1.150000000000,105.000000000000,legacy_grid,PySCF FCI,sto-3g,-74.8277284603640709,-74.8804855637235676,-2037.6018149616104438,3.8647694133572803,train,false,true,true,2.13.1,10,7,14
h2o-v2-0050,H2O,0.750000000000,1.150000000000,110.000000000000,legacy_grid,PySCF FCI,sto-3g,-74.8251865292995291,-74.8771925091059813,-2037.5122063804822119,3.9543779944855530,train,false,true,true,2.13.1,10,7,14
h2o-v2-0051,H2O,0.750000000000,1.150000000000,115.000000000000,legacy_grid,PySCF FCI,sto-3g,-74.8209236208814872,-74.8722773873008407,-2037.3784591025962527,4.0881252723713128,train,true,true,true,2.13.1,10,7,14
h2o-v2-0052,H2O,0.750000000000,1.150000000000,120.000000000000,legacy_grid,PySCF FCI,sto-3g,-74.8151277536707653,-74.8659031600125502,-2037.2050075418349024,4.2615768331327031,train,true,true,true,2.13.1,10,7,14
h2o-v2-0053,H2O,0.750000000000,1.150000000000,125.000000000000,legacy_grid,PySCF FCI,sto-3g,-74.8080013489366706,-74.8582405143676084,-2036.9964963315242130,4.4700880434433516,train,true,true,true,2.13.1,10,7,14
h2o-v2-0054,H2O,0.750000000000,1.150000000000,130.000000000000,legacy_grid,PySCF FCI,sto-3g,-74.7997669997545671,-74.8494735756431027,-2036.7579357756969785,4.7086485992707869,train,true,true,true,2.13.1,10,7,14
h2o-v2-0055,H2O,0.750000000000,1.250000000000,80.000000000000,legacy_grid,PySCF FCI,sto-3g,-74.7823149994703869,-74.8506391145467944,-2036.7896517049898648,4.6769326699777052,train,true,true,true,2.13.1,10,7,14
h2o-v2-0056,H2O,0.750000000000,1.250000000000,85.000000000000,legacy_grid,PySCF FCI,sto-3g,-74.7895308178204203,-74.8564201801430755,-2036.9469625138438005,4.5196218611239063,train,false,true,true,2.13.1,10,7,14
h2o-v2-0057,H2O,0.750000000000,1.250000000000,90.000000000000,legacy_grid,PySCF FCI,sto-3g,-74.7944615702526789,-74.8600320831570514,-2037.0452474018400153,4.4213369731275618,train,true,true,true,2.13.1,10,7,14
h2o-v2-0058,H2O,0.750000000000,1.250000000000,95.000000000000,legacy_grid,PySCF FCI,sto-3g,-74.7972183903944767,-74.8616137827091279,-2037.0882876392768139,4.3782967356909008,train,false,true,true,2.13.1,10,7,14
h2o-v2-0059,H2O,0.750000000000,1.250000000000,100.000000000000,legacy_grid,PySCF FCI,sto-3g,-74.7979215206238734,-74.8612972388509519,-2037.0796740420880724,4.3869103328795243,train,true,true,true,2.13.1,10,7,14
h2o-v2-0060,H2O,0.750000000000,1.250000000000,105.000000000000,legacy_grid,PySCF FCI,sto-3g,-74.7966986751332854,-74.8592093154788216,-2037.0228587527572017,4.4437256222105859,train,false,true,true,2.13.1,10,7,14
h2o-v2-0061,H2O,0.750000000000,1.250000000000,110.000000000000,legacy_grid,PySCF FCI,sto-3g,-74.7936846945449219,-74.8554738804193960,-2036.9212123865581816,4.5453719884094221,train,true,true,true,2.13.1,10,7,14
h2o-v2-0062,H2O,0.750000000000,1.250000000000,115.000000000000,legacy_grid,PySCF FCI,sto-3g,-74.7890226643218483,-74.8502142620911002,-2036.7780908807205833,4.6884934942471572,train,false,true,true,2.13.1,10,7,14
h2o-v2-0063,H2O,0.750000000000,1.250000000000,120.000000000000,legacy_grid,PySCF FCI,sto-3g,-74.7828665262134251,-74.8435561620784853,-2036.5969147496127789,4.8696696253548390,train,true,true,true,2.13.1,10,7,14
h2o-v2-0064,H2O,0.750000000000,1.250000000000,125.000000000000,legacy_grid,PySCF FCI,sto-3g,-74.7753851884613425,-74.8356311403026524,-2036.3812639210627822,5.0853204539048935,train,true,true,true,2.13.1,10,7,14
h2o-v2-0065,H2O,0.750000000000,1.250000000000,130.000000000000,legacy_grid,PySCF FCI,sto-3g,-74.7667681589892226,-74.8265808727108634,-2036.1349935939931584,5.3315907809746097,train,true,true,true,2.13.1,10,7,14
h2o-v2-0066,H2O,0.850000000000,0.850000000000,80.000000000000,legacy_grid,PySCF FCI,sto-3g,-74.8769984194591132,-74.9189265082650309,-2038.6478463511887185,2.8187380237789186,train,false,true,true,2.13.1,10,7,14
h2o-v2-0067,H2O,0.850000000000,0.850000000000,85.000000000000,legacy_grid,PySCF FCI,sto-3g,-74.8896017795070463,-74.9304596033026371,-2038.9616778548686398,2.5049065200989276,train,true,true,true,2.13.1,10,7,14
h2o-v2-0068,H2O,0.850000000000,0.850000000000,90.000000000000,legacy_grid,PySCF FCI,sto-3g,-74.8988834556530492,-74.9387346006325288,-2039.1868520033970071,2.2797323715707254,train,true,true,true,2.13.1,10,7,14
h2o-v2-0069,H2O,0.850000000000,0.850000000000,95.000000000000,legacy_grid,PySCF FCI,sto-3g,-74.9051703685282462,-74.9440986752817935,-2039.3328159105303712,2.1337684644372712,validation,true,true,true,2.13.1,10,7,14
h2o-v2-0070,H2O,0.850000000000,0.850000000000,100.000000000000,legacy_grid,PySCF FCI,sto-3g,-74.9087607691205477,-74.9468585829291811,-2039.4079168235266479,2.0586675514409500,train,true,true,true,2.13.1,10,7,14
h2o-v2-0071,H2O,0.850000000000,0.850000000000,105.000000000000,legacy_grid,PySCF FCI,sto-3g,-74.9099347979987442,-74.9472941246714299,-2039.4197685181013640,2.0468158568663672,train,false,true,true,2.13.1,10,7,14
h2o-v2-0072,H2O,0.850000000000,0.850000000000,110.000000000000,legacy_grid,PySCF FCI,sto-3g,-74.9089619112381229,-74.9456677594288863,-2039.3755128653094744,2.0910715096582733,train,false,true,true,2.13.1,10,7,14
h2o-v2-0073,H2O,0.850000000000,0.850000000000,115.000000000000,legacy_grid,PySCF FCI,sto-3g,-74.9061068558972352,-74.9422322010961039,-2039.2820265605455461,2.1845578144222348,train,false,true,true,2.13.1,10,7,14
h2o-v2-0074,H2O,0.850000000000,0.850000000000,120.000000000000,legacy_grid,PySCF FCI,sto-3g,-74.9016350789363372,-74.9372370601778925,-2039.1461018516667991,2.3204825233008246,train,false,true,true,2.13.1,10,7,14
h2o-v2-0075,H2O,0.850000000000,0.850000000000,125.000000000000,legacy_grid,PySCF FCI,sto-3g,-74.8958178402763366,-74.9309350129225180,-2038.9746144096604894,2.4919699653072898,train,false,true,true,2.13.1,10,7,14
h2o-v2-0076,H2O,0.850000000000,0.850000000000,130.000000000000,legacy_grid,PySCF FCI,sto-3g,-74.8889368329596437,-74.9235875661432260,-2038.7746801974271875,2.6919041775404446,train,true,true,true,2.13.1,10,7,14
h2o-v2-0077,H2O,0.850000000000,0.950000000000,80.000000000000,legacy_grid,PySCF FCI,sto-3g,-74.9080382078286675,-74.9558575806922676,-2039.6527920274847929,1.8137923474828230,train,true,true,true,2.13.1,10,7,14
h2o-v2-0078,H2O,0.850000000000,0.950000000000,85.000000000000,legacy_grid,PySCF FCI,sto-3g,-74.9190939227682549,-74.9657477343304208,-2039.9219168181648456,1.5446675568028712,train,false,true,true,2.13.1,10,7,14
h2o-v2-0079,H2O,0.850000000000,0.950000000000,90.000000000000,legacy_grid,PySCF FCI,sto-3g,-74.9270620438887107,-74.9726155320773842,-2040.1087991153167422,1.3577852596509257,train,true,true,true,2.13.1,10,7,14
h2o-v2-0080,H2O,0.850000000000,0.950000000000,95.000000000000,legacy_grid,PySCF FCI,sto-3g,-74.9322023293297121,-74.9767465964300044,-2040.2212111030228243,1.2453732719447443,train,false,true,true,2.13.1,10,7,14
h2o-v2-0081,H2O,0.850000000000,0.950000000000,100.000000000000,legacy_grid,PySCF FCI,sto-3g,-74.9347592417305179,-74.9783967678867072,-2040.2661145559034139,1.2004698190643006,train,true,true,true,2.13.1,10,7,14
h2o-v2-0082,H2O,0.850000000000,0.950000000000,105.000000000000,legacy_grid,PySCF FCI,sto-3g,-74.9349683032961025,-74.9778020556711056,-2040.2499316120995445,1.2166527628682429,train,false,true,true,2.13.1,10,7,14
h2o-v2-0083,H2O,0.850000000000,0.950000000000,110.000000000000,legacy_grid,PySCF FCI,sto-3g,-74.9330609104618901,-74.9751860968210053,-2040.1787477454256532,1.2878366295419310,test,false,true,true,2.13.1,10,7,14
h2o-v2-0084,H2O,0.850000000000,0.950000000000,115.000000000000,legacy_grid,PySCF FCI,sto-3g,-74.9292689639817553,-74.9707666206751355,-2040.0584876730156338,1.4080967019521244,train,false,true,true,2.13.1,10,7,14
h2o-v2-0085,H2O,0.850000000000,0.950000000000,120.000000000000,legacy_grid,PySCF FCI,sto-3g,-74.9238299257096401,-74.9647617248217273,-2039.8950861325815822,1.5714982423861479,validation,false,true,true,2.13.1,10,7,14
h2o-v2-0086,H2O,0.850000000000,0.950000000000,125.000000000000,legacy_grid,PySCF FCI,sto-3g,-74.9169924213452845,-74.9573963379867507,-2039.6946637465639469,1.7719206284038103,train,false,true,true,2.13.1,10,7,14
h2o-v2-0087,H2O,0.850000000000,0.950000000000,130.000000000000,legacy_grid,PySCF FCI,sto-3g,-74.9090221432145711,-74.9489089738117116,-2039.4637108017864193,2.0028735731811618,train,true,true,true,2.13.1,10,7,14
h2o-v2-0088,H2O,0.850000000000,1.050000000000,80.000000000000,legacy_grid,PySCF FCI,sto-3g,-74.9091976121342498,-74.9641106028990407,-2039.8773682024500431,1.5892161725176026,train,false,true,true,2.13.1,10,7,14
h2o-v2-0089,H2O,0.850000000000,1.050000000000,85.000000000000,legacy_grid,PySCF FCI,sto-3g,-74.9187455866719887,-74.9724020719879007,-2040.1029905703737768,1.3635938045939622,train,false,true,true,2.13.1,10,7,14
h2o-v2-0090,H2O,0.850000000000,1.050000000000,90.000000000000,legacy_grid,PySCF FCI,sto-3g,-74.9254649722685144,-74.9779344303878617,-2040.2535337116462415,1.2130506633213896,train,true,true,true,2.13.1,10,7,14
h2o-v2-0091,H2O,0.850000000000,1.050000000000,95.000000000000,legacy_grid,PySCF FCI,sto-3g,-74.9295523266044938,-74.9809362411977816,-2040.3352171450324022,1.1313672299352771,train,false,true,true,2.13.1,10,7,14
h2o-v2-0092,H2O,0.850000000000,1.050000000000,100.000000000000,legacy_grid,PySCF FCI,sto-3g,-74.9312008941025169,-74.9816153274438477,-2040.3536960231683679,1.1128883517992327,train,true,true,true,2.13.1,10,7,14
h2o-v2-0093,H2O,0.850000000000,1.050000000000,105.000000000000,legacy_grid,PySCF FCI,sto-3g,-74.9306026654898147,-74.9801652006188277,-2040.3142360620272484,1.1523483129405199,train,false,true,true,2.13.1,10,7,14
h2o-v2-0094,H2O,0.850000000000,1.050000000000,110.000000000000,legacy_grid,PySCF FCI,sto-3g,-74.9279505633392375,-74.9767703844162412,-2040.2218584071044916,1.2447259678632401,train,true,true,true,2.13.1,10,7,14
h2o-v2-0095,H2O,0.850000000000,1.050000000000,115.000000000000,legacy_grid,PySCF FCI,sto-3g,-74.9234415807674736,-74.9716115778752652,-2040.0814801297497070,1.3851042452180675,train,false,true,true,2.13.1,10,7,14
h2o-v2-0096,H2O,0.850000000000,1.050000000000,120.000000000000,legacy_grid,PySCF FCI,sto-3g,-74.9172811683944815,-74.9648711539240225,-2039.8980638501507201,1.5685205248170424,train,true,true,true,2.13.1,10,7,14
h2o-v2-0097,H2O,0.850000000000,1.050000000000,125.000000000000,legacy_grid,PySCF FCI,sto-3g,-74.9096888898270521,-74.9567392792981479,-2039.6767842688020664,1.7898001061656625,train,false,true,true,2.13.1,10,7,14
h2o-v2-0098,H2O,0.850000000000,1.050000000000,130.000000000000,legacy_grid,PySCF FCI,sto-3g,-74.9009051838850155,-74.9474208645032007,-2039.4232172846163849,2.0433670903513006,test,true,true,true,2.13.1,10,7,14
h2o-v2-0099,H2O,0.850000000000,1.150000000000,80.000000000000,legacy_grid,PySCF FCI,sto-3g,-74.8931129198847856,-74.9565023436636295,-2039.6703369217357249,1.7962474532319819,train,true,true,true,2.13.1,10,7,14
h2o-v2-0100,H2O,0.850000000000,1.150000000000,85.000000000000,legacy_grid,PySCF FCI,sto-3g,-74.9012531680485125,-74.9633088553920715,-2039.8555515413661396,1.6110328336015012,train,true,true,true,2.13.1,10,7,14
h2o-v2-0101,H2O,0.850000000000,1.150000000000,90.000000000000,legacy_grid,PySCF FCI,sto-3g,-74.9068347750817196,-74.9676346709571106,-2039.9732629795353205,1.4933213954323128,test,true,true,true,2.13.1,10,7,14
h2o-v2-0102,H2O,0.850000000000,1.150000000000,95.000000000000,legacy_grid,PySCF FCI,sto-3g,-74.9099976012925737,-74.9696582671275848,-2040.0283278365359365,1.4382565384316370,test,false,true,true,2.13.1,10,7,14
h2o-v2-0103,H2O,0.850000000000,1.150000000000,100.000000000000,legacy_grid,PySCF FCI,sto-3g,-74.9108878309048691,-74.9695441354146652,-2040.0252221544128588,1.4413622205548093,train,false,true,true,2.13.1,10,7,14
h2o-v2-0104,H2O,0.850000000000,1.150000000000,105.000000000000,legacy_grid,PySCF FCI,sto-3g,-74.9096565109749406,-74.9674464870363693,-2039.9681422341827783,1.4984421407848909,train,false,true,true,2.13.1,10,7,14
h2o-v2-0105,H2O,0.850000000000,1.150000000000,110.000000000000,legacy_grid,PySCF FCI,sto-3g,-74.9064594648467903,-74.9635127889265505,-2039.8611008555412809,1.6054835194262833,train,false,true,true,2.13.1,10,7,14
h2o-v2-0106,H2O,0.850000000000,1.150000000000,115.000000000000,legacy_grid,PySCF FCI,sto-3g,-74.9014589194986797,-74.9578875643134097,-2039.7080306958728215,1.7585536790948946,train,true,true,true,2.13.1,10,7,14
h2o-v2-0107,H2O,0.850000000000,1.150000000000,120.000000000000,legacy_grid,PySCF FCI,sto-3g,-74.8948268888776596,-74.9507166890610961,-2039.5129012396603230,1.9536831353073976,validation,true,true,true,2.13.1,10,7,14
h2o-v2-0108,H2O,0.850000000000,1.150000000000,125.000000000000,legacy_grid,PySCF FCI,sto-3g,-74.8867502885758398,-74.9421523805472987,-2039.2798545327616466,2.1867298422061423,train,true,true,true,2.13.1,10,7,14
h2o-v2-0109,H2O,0.850000000000,1.150000000000,130.000000000000,legacy_grid,PySCF FCI,sto-3g,-74.8774377679284413,-74.9323591438147076,-2039.0133669854326399,2.4532173895350744,train,true,true,true,2.13.1,10,7,14
h2o-v2-0110,H2O,0.850000000000,1.250000000000,80.000000000000,legacy_grid,PySCF FCI,sto-3g,-74.8674185756202917,-74.9408083097031721,-2039.2432805018800082,2.2233038730876418,train,true,true,true,2.13.1,10,7,14
h2o-v2-0111,H2O,0.850000000000,1.250000000000,85.000000000000,legacy_grid,PySCF FCI,sto-3g,-74.8742846428109488,-74.9462883829092448,-2039.3924008905466962,2.0741834844209079,train,false,true,true,2.13.1,10,7,14
h2o-v2-0112,H2O,0.850000000000,1.250000000000,90.000000000000,legacy_grid,PySCF FCI,sto-3g,-74.8788602743033920,-74.9495705227845264,-2039.4817124664064067,1.9848719085612621,train,false,true,true,2.13.1,10,7,14
h2o-v2-0113,H2O,0.850000000000,1.250000000000,95.000000000000,legacy_grid,PySCF FCI,sto-3g,-74.8812363972985082,-74.9507913092520823,-2039.5149317584989603,1.9516526164687213,train,true,true,true,2.13.1,10,7,14
h2o-v2-0114,H2O,0.850000000000,1.250000000000,100.000000000000,legacy_grid,PySCF FCI,sto-3g,-74.8815175600236813,-74.9500782005533921,-2039.4955270822636066,1.9710572927041552,validation,true,true,true,2.13.1,10,7,14
h2o-v2-0115,H2O,0.850000000000,1.250000000000,105.000000000000,legacy_grid,PySCF FCI,sto-3g,-74.8798179215374944,-74.9475514364356883,-2039.4267703279042507,2.0398140470634964,train,true,true,true,2.13.1,10,7,14
h2o-v2-0116,H2O,0.850000000000,1.250000000000,110.000000000000,legacy_grid,PySCF FCI,sto-3g,-74.8762593322929462,-74.9433262034124397,-2039.3117958801292389,2.1547884948384182,test,false,true,true,2.13.1,10,7,14
h2o-v2-0117,H2O,0.850000000000,1.250000000000,115.000000000000,legacy_grid,PySCF FCI,sto-3g,-74.8709715050154898,-74.9375151403250044,-2039.1536687979571525,2.3129155770104233,test,true,true,true,2.13.1,10,7,14
h2o-v2-0118,H2O,0.850000000000,1.250000000000,120.000000000000,legacy_grid,PySCF FCI,sto-3g,-74.8640941467550363,-74.9302312161069324,-2038.9554631226728816,2.5111212522948869,validation,true,true,true,2.13.1,10,7,14
h2o-v2-0119,H2O,0.850000000000,1.250000000000,125.000000000000,legacy_grid,PySCF FCI,sto-3g,-74.8557809924331536,-74.9215910479974383,-2038.7203521710150653,2.7462322039525984,train,true,true,true,2.13.1,10,7,14
h2o-v2-0120,H2O,0.850000000000,1.250000000000,130.000000000000,legacy_grid,PySCF FCI,sto-3g,-74.8462058306504474,-74.9117188207381730,-2038.4517151819550236,3.0148691930126374,train,true,true,true,2.13.1,10,7,14
h2o-v2-0121,H2O,0.950000000000,0.950000000000,80.000000000000,legacy_grid,PySCF FCI,sto-3g,-74.9393290346505410,-74.9930991474217450,-2040.6661866841664050,0.8003976908012767,train,true,true,true,2.13.1,10,7,14
h2o-v2-0122,H2O,0.950000000000,0.950000000000,85.000000000000,legacy_grid,PySCF FCI,sto-3g,-74.9492202238399443,-75.0017620907944718,-2040.9019173823087385,0.5646669926588865,train,false,true,true,2.13.1,10,7,14
h2o-v2-0123,H2O,0.950000000000,0.950000000000,90.000000000000,legacy_grid,PySCF FCI,sto-3g,-74.9561855990427972,-75.0075594378003814,-2041.0596712308886254,0.4069131440790579,train,false,true,true,2.13.1,10,7,14
h2o-v2-0124,H2O,0.950000000000,0.950000000000,95.000000000000,legacy_grid,PySCF FCI,sto-3g,-74.9604348828058136,-75.0107356945548531,-2041.1461015802510701,0.3204827947166988,train,false,true,true,2.13.1,10,7,14
h2o-v2-0125,H2O,0.950000000000,0.950000000000,100.000000000000,legacy_grid,PySCF FCI,sto-3g,-74.9621721102178782,-75.0115112089522142,-2041.1672044020569956,0.2993799729107808,validation,true,true,true,2.13.1,10,7,14
h2o-v2-0126,H2O,0.950000000000,0.950000000000,105.000000000000,legacy_grid,PySCF FCI,sto-3g,-74.9615983996564665,-75.0100897270710902,-2041.1285239095479938,0.3380604654197198,train,true,true,true,2.13.1,10,7,14
h2o-v2-0127,H2O,0.950000000000,0.950000000000,110.000000000000,legacy_grid,PySCF FCI,sto-3g,-74.9589145640946839,-75.0066644434210019,-2041.0353171931433280,0.4312671818243406,train,false,true,true,2.13.1,10,7,14
h2o-v2-0128,H2O,0.950000000000,0.950000000000,115.000000000000,legacy_grid,PySCF FCI,sto-3g,-74.9543245932709681,-75.0014237208898606,-2040.8927098681404004,0.5738745068272777,train,true,true,true,2.13.1,10,7,14
h2o-v2-0129,H2O,0.950000000000,0.950000000000,120.000000000000,legacy_grid,PySCF FCI,sto-3g,-74.9480403818255780,-74.9945570840858267,-2040.7058591618549599,0.7607252131127631,train,true,true,true,2.13.1,10,7,14
h2o-v2-0130,H2O,0.950000000000,0.950000000000,125.000000000000,legacy_grid,PySCF FCI,sto-3g,-74.9402877474521887,-74.9862618180956844,-2040.4801334749838588,0.9864508999837333,train,true,true,true,2.13.1,10,7,14
h2o-v2-0131,H2O,0.950000000000,0.950000000000,130.000000000000,legacy_grid,PySCF FCI,sto-3g,-74.9313135745575210,-74.9767503935140667,-2040.2213144269439908,1.2452699480237170,train,true,true,true,2.13.1,10,7,14
h2o-v2-0132,H2O,0.950000000000,1.050000000000,80.000000000000,legacy_grid,PySCF FCI,sto-3g,-74.9407413055710663,-75.0016539540291092,-2040.8989748310191317,0.5676095439485597,train,true,true,true,2.13.1,10,7,14
h2o-v2-0133,H2O,0.950000000000,1.050000000000,85.000000000000,legacy_grid,PySCF FCI,sto-3g,-74.9494384398604581,-75.0090685652659630,-2041.1007366812489181,0.3658476937186873,train,true,true,true,2.13.1,10,7,14
h2o-v2-0134,H2O,0.950000000000,1.050000000000,90.000000000000,legacy_grid,PySCF FCI,sto-3g,-74.9554157413465134,-75.0138203464665025,-2041.2300392348533933,0.2365451401143813,train,false,true,true,2.13.1,10,7,14
h2o-v2-0135,H2O,0.950000000000,1.050000000000,95.000000000000,legacy_grid,PySCF FCI,sto-3g,-74.9588319295015708,-75.0161126819339614,-2041.2924168606637068,0.1741675143039802,train,false,true,true,2.13.1,10,7,14
h2o-v2-0136,H2O,0.950000000000,1.050000000000,100.000000000000,legacy_grid,PySCF FCI,sto-3g,-74.9598497377077280,-75.0161302001195054,-2041.2928935547768106,0.1736908201908145,validation,false,true,true,2.13.1,10,7,14
h2o-v2-0137,H2O,0.950000000000,1.050000000000,105.000000000000,legacy_grid,PySCF FCI,sto-3g,-74.9586347542374938,-75.0140437710709023,-2041.2361189280604776,0.2304654469072034,train,false,true,true,2.13.1,10,7,14
h2o-v2-0138,H2O,0.950000000000,1.050000000000,110.000000000000,legacy_grid,PySCF FCI,sto-3g,-74.9553555934898128,-75.0100150078795451,-2041.1264906967667230,0.3400936782008419,train,true,true,true,2.13.1,10,7,14
h2o-v2-0139,H2O,0.950000000000,1.050000000000,115.000000000000,legacy_grid,PySCF FCI,sto-3g,-74.9501858935818319,-75.0042009371630343,-2040.9682817728382815,0.4983026021293069,train,true,true,true,2.13.1,10,7,14
h2o-v2-0140,H2O,0.950000000000,1.050000000000,120.000000000000,legacy_grid,PySCF FCI,sto-3g,-74.9433082074833408,-74.9967591742495188,-2040.7657810878476994,0.7008032871200462,train,true,true,true,2.13.1,10,7,14
h2o-v2-0141,H2O,0.950000000000,1.050000000000,125.000000000000,legacy_grid,PySCF FCI,sto-3g,-74.9349197495426012,-74.9878538566531319,-2040.5234550510890585,0.9431293238785239,train,true,true,true,2.13.1,10,7,14
h2o-v2-0142,H2O,0.950000000000,1.050000000000,130.000000000000,legacy_grid,PySCF FCI,sto-3g,-74.9252399615045306,-74.9776626390035261,-2040.2461378913087628,1.2204464836588755,train,true,true,true,2.13.1,10,7,14
h2o-v2-0143,H2O,0.950000000000,1.150000000000,80.000000000000,legacy_grid,PySCF FCI,sto-3g,-74.9249444350668341,-74.9943663223879753,-2040.7006682716137220,0.7659161033539372,train,true,true,true,2.13.1,10,7,14
h2o-v2-0144,H2O,0.950000000000,1.150000000000,85.000000000000,legacy_grid,PySCF FCI,sto-3g,-74.9324748827290819,-75.0005766534758749,-2040.8696599895620238,0.5969243854056346,train,false,true,true,2.13.1,10,7,14
h2o-v2-0145,H2O,0.950000000000,1.150000000000,90.000000000000,legacy_grid,PySCF FCI,sto-3g,-74.9375197492975218,-75.0043589309569114,-2040.9725810029881359,0.4940033719796467,train,true,true,true,2.13.1,10,7,14
h2o-v2-0146,H2O,0.950000000000,1.150000000000,95.000000000000,legacy_grid,PySCF FCI,sto-3g,-74.9401888080896867,-75.0058782360515863,-2041.0139234007447158,0.4526609742229504,train,false,true,true,2.13.1,10,7,14
h2o-v2-0147,H2O,0.950000000000,1.150000000000,100.000000000000,legacy_grid,PySCF FCI,sto-3g,-74.9406046653591744,-75.0052854585963615,-2040.9977931044527395,0.4687912705149861,validation,false,true,true,2.13.1,10,7,14
h2o-v2-0148,H2O,0.950000000000,1.150000000000,105.000000000000,legacy_grid,PySCF FCI,sto-3g,-74.9388980933642443,-75.0027202333597671,-2040.9279897697317665,0.5385946052359126,test,false,true,true,2.13.1,10,7,14
h2o-v2-0149,H2O,0.950000000000,1.150000000000,110.000000000000,legacy_grid,PySCF FCI,sto-3g,-74.9352058950534143,-74.9983140617221835,-2040.8080917314352973,0.6584926435323177,train,false,true,true,2.13.1,10,7,14
h2o-v2-0150,H2O,0.950000000000,1.150000000000,115.000000000000,legacy_grid,PySCF FCI,sto-3g,-74.9296712737233435,-74.9921938108612807,-2040.6415512213370675,0.8250331536306856,train,false,true,true,2.13.1,10,7,14
h2o-v2-0151,H2O,0.950000000000,1.150000000000,120.000000000000,legacy_grid,PySCF FCI,sto-3g,-74.9224464889580446,-74.9844856822420098,-2040.4318023562443614,1.0347820187234185,test,true,true,true,2.13.1,10,7,14
h2o-v2-0152,H2O,0.950000000000,1.150000000000,125.000000000000,legacy_grid,PySCF FCI,sto-3g,-74.9136976692178251,-74.9753197834287732,-2040.1823855433456174,1.2841988316220425,train,true,true,true,2.13.1,10,7,14
h2o-v2-0153,H2O,0.950000000000,1.150000000000,130.000000000000,legacy_grid,PySCF FCI,sto-3g,-74.9036118359525744,-74.9648355599089911,-2039.8970952876595675,1.5694890873081071,train,false,true,true,2.13.1,10,7,14
h2o-v2-0154,H2O,0.950000000000,1.250000000000,80.000000000000,legacy_grid,PySCF FCI,sto-3g,-74.8995763226633784,-74.9790084264176784,-2040.2827586324403910,1.1838257425273890,test,false,true,true,2.13.1,10,7,14
h2o-v2-0155,H2O,0.950000000000,1.250000000000,85.000000000000,legacy_grid,PySCF FCI,sto-3g,-74.9060078376241876,-74.9841080350471429,-2040.4215260525600115,1.0450583224076551,train,false,true,true,2.13.1,10,7,14
h2o-v2-0156,H2O,0.950000000000,1.250000000000,90.000000000000,legacy_grid,PySCF FCI,sto-3g,-74.9102001620200753,-74.9870325111763805,-2040.5011051020799187,0.9654792728878011,train,false,true,true,2.13.1,10,7,14
h2o-v2-0157,H2O,0.950000000000,1.250000000000,95.000000000000,legacy_grid,PySCF FCI,sto-3g,-74.9122185993989262,-74.9879135818589475,-2040.5250802567331903,0.9415041182344530,train,true,true,true,2.13.1,10,7,14
h2o-v2-0158,H2O,0.950000000000,1.250000000000,100.000000000000,legacy_grid,PySCF FCI,sto-3g,-74.9121487436023727,-74.9868725161357617,-2040.4967514152322110,0.9698329597355221,train,false,true,true,2.13.1,10,7,14
h2o-v2-0159,H2O,0.950000000000,1.250000000000,105.000000000000,legacy_grid,PySCF FCI,sto-3g,-74.9100890501097609,-74.9840216941446300,-2040.4191765969128483,1.0474077780547613,train,false,true,true,2.13.1,10,7,14
h2o-v2-0160,H2O,0.950000000000,1.250000000000,110.000000000000,legacy_grid,PySCF FCI,sto-3g,-74.9061467160314010,-74.9794666705405604,-2040.2952280902629809,1.1713562847046934,train,true,true,true,2.13.1,10,7,14
h2o-v2-0161,H2O,0.950000000000,1.250000000000,115.000000000000,legacy_grid,PySCF FCI,sto-3g,-74.9004364508099769,-74.9733086057908622,-2040.1276586118310661,1.3389257631365334,train,true,true,true,2.13.1,10,7,14
h2o-v2-0162,H2O,0.950000000000,1.250000000000,120.000000000000,legacy_grid,PySCF FCI,sto-3g,-74.8930816957669379,-74.9656469814763824,-2039.9191751933381056,1.5474091816294966,train,false,true,true,2.13.1,10,7,14
h2o-v2-0163,H2O,0.950000000000,1.250000000000,125.000000000000,legacy_grid,PySCF FCI,sto-3g,-74.8842180543656042,-74.9565825917505464,-2039.6725205834243297,1.7940637915433855,test,true,true,true,2.13.1,10,7,14
h2o-v2-0164,H2O,0.950000000000,1.250000000000,130.000000000000,legacy_grid,PySCF FCI,sto-3g,-74.8739989819395362,-74.9462208916547610,-2039.3905643599528048,2.0760200150148931,validation,true,true,true,2.13.1,10,7,14
h2o-v2-0165,H2O,0.957200000000,0.957200000000,104.520000000000,legacy_grid,PySCF FCI,sto-3g,-74.9629282464328810,-75.0124036588329943,-2041.1914892004679132,0.2750951744996881,test,false,true,true,2.13.1,10,7,14
h2o-v2-0166,H2O,1.050000000000,1.050000000000,80.000000000000,legacy_grid,PySCF FCI,sto-3g,-74.9423338454229082,-75.0104295711371236,-2041.1377715376922879,0.3288128372754784,train,false,true,true,2.13.1,10,7,14
h2o-v2-0167,H2O,1.050000000000,1.050000000000,85.000000000000,legacy_grid,PySCF FCI,sto-3g,-74.9501130839611278,-75.0169115902021559,-2041.3141562621246976,0.1524281128430260,train,false,true,true,2.13.1,10,7,14
h2o-v2-0168,H2O,1.050000000000,1.050000000000,90.000000000000,legacy_grid,PySCF FCI,sto-3g,-74.9553345514569713,-75.0208807638340289,-2041.4221629788989958,0.0444213960687391,train,false,true,true,2.13.1,10,7,14
h2o-v2-0169,H2O,1.050000000000,1.050000000000,95.000000000000,legacy_grid,PySCF FCI,sto-3g,-74.9581155486412598,-75.0225132200297082,-2041.4665843749692158,-0.0000000000015468,test,false,true,true,2.13.1,10,7,14
h2o-v2-0170,H2O,1.050000000000,1.050000000000,100.000000000000,legacy_grid,PySCF FCI,sto-3g,-74.9585857591677183,-75.0219688517133676,-2041.4517713584532430,0.0148130165144765,train,false,true,true,2.13.1,10,7,14
h2o-v2-0171,H2O,1.050000000000,1.050000000000,105.000000000000,legacy_grid,PySCF FCI,sto-3g,-74.9568823671192348,-75.0193946815450943,-2041.3817246197413624,0.0848597552262619,train,false,true,true,2.13.1,10,7,14
h2o-v2-0172,H2O,1.050000000000,1.050000000000,110.000000000000,legacy_grid,PySCF FCI,sto-3g,-74.9531478636027089,-75.0149283692854851,-2041.2601900717500030,0.2063943032176776,test,true,true,true,2.13.1,10,7,14
h2o-v2-0173,H2O,1.050000000000,1.050000000000,115.000000000000,legacy_grid,PySCF FCI,sto-3g,-74.9475305109639010,-75.0087021068177222,-2041.0907648388708822,0.3758195360968729,train,true,true,true,2.13.1,10,7,14
h2o-v2-0174,H2O,1.050000000000,1.050000000000,120.000000000000,legacy_grid,PySCF FCI,sto-3g,-74.9401872117891656,-75.0008470192165788,-2040.8770170161599253,0.5895673588076572,test,false,true,true,2.13.1,10,7,14
h2o-v2-0175,H2O,1.050000000000,1.050000000000,125.000000000000,legacy_grid,PySCF FCI,sto-3g,-74.9312886260091346,-74.9914982333513223,-2040.6226235930494113,0.8439607819181865,train,false,true,true,2.13.1,10,7,14
h2o-v2-0176,H2O,1.050000000000,1.050000000000,130.000000000000,legacy_grid,PySCF FCI,sto-3g,-74.9210265770107213,-74.9808009087934835,-2040.3315345627074748,1.1350498122602304,train,true,true,true,2.13.1,10,7,14
h2o-v2-0177,H2O,1.050000000000,1.150000000000,80.000000000000,legacy_grid,PySCF FCI,sto-3g,-74.9267046856550962,-75.0033384296764751,-2040.9448117484814702,0.5217726264861239,train,true,true,true,2.13.1,10,7,14
h2o-v2-0178,H2O,1.050000000000,1.150000000000,85.000000000000,legacy_grid,PySCF FCI,sto-3g,-74.9335434823187256,-75.0088839391748081,-2041.0957127493713870,0.3708716255961898,validation,false,true,true,2.13.1,10,7,14
h2o-v2-0179,H2O,1.050000000000,1.150000000000,90.000000000000,legacy_grid,PySCF FCI,sto-3g,-74.9380251797133496,-75.0121077076768898,-2041.1834359592492092,0.2831484157183938,train,false,true,true,2.13.1,10,7,14
h2o-v2-0180,H2O,1.050000000000,1.150000000000,95.000000000000,legacy_grid,PySCF FCI,sto-3g,-74.9402247362332048,-75.0131588658991149,-2041.2120394316398233,0.2545449433277829,train,false,true,true,2.13.1,10,7,14
h2o-v2-0181,H2O,1.050000000000,1.150000000000,100.000000000000,legacy_grid,PySCF FCI,sto-3g,-74.9402380451818715,-75.0121729170854792,-2041.1852103976532362,0.2813739773143968,train,false,true,true,2.13.1,10,7,14
h2o-v2-0182,H2O,1.050000000000,1.150000000000,105.000000000000,legacy_grid,PySCF FCI,sto-3g,-74.9381734488499234,-75.0092737500051925,-2041.1063200424398474,0.3602643325277316,train,false,true,true,2.13.1,10,7,14
h2o-v2-0183,H2O,1.050000000000,1.150000000000,110.000000000000,legacy_grid,PySCF FCI,sto-3g,-74.9341471590098820,-75.0045762314294109,-2040.9784940500767334,0.4880903248910282,validation,true,true,true,2.13.1,10,7,14
h2o-v2-0184,H2O,1.050000000000,1.150000000000,115.000000000000,legacy_grid,PySCF FCI,sto-3g,-74.9282820075619611,-74.9981892405171209,-2040.8046951734127106,0.6618892015549667,train,true,true,true,2.13.1,10,7,14
h2o-v2-0185,H2O,1.050000000000,1.150000000000,120.000000000000,legacy_grid,PySCF FCI,sto-3g,-74.9207089470385910,-74.9902190681885372,-2040.5878157357326472,0.8787686392351421,validation,false,true,true,2.13.1,10,7,14
h2o-v2-0186,H2O,1.050000000000,1.150000000000,125.000000000000,legacy_grid,PySCF FCI,sto-3g,-74.9115709822065128,-74.9807732157433264,-2040.3307809964233002,1.1358033785443831,train,false,true,true,2.13.1,10,7,14
h2o-v2-0187,H2O,1.050000000000,1.150000000000,130.000000000000,legacy_grid,PySCF FCI,sto-3g,-74.9010295540634274,-74.9699647602528785,-2040.0366679393500817,1.4299164356175320,train,true,true,true,2.13.1,10,7,14
h2o-v2-0188,H2O,1.050000000000,1.250000000000,80.000000000000,legacy_grid,PySCF FCI,sto-3g,-74.9015201135475621,-74.9881769250755212,-2040.5322461907146590,0.9343381842530044,train,false,true,true,2.13.1,10,7,14
h2o-v2-0189,H2O,1.050000000000,1.250000000000,85.000000000000,legacy_grid,PySCF FCI,sto-3g,-74.9074345507986976,-74.9928276732859587,-2040.6587994966016595,0.8077848783659540,train,true,true,true,2.13.1,10,7,14
h2o-v2-0190,H2O,1.050000000000,1.250000000000,90.000000000000,legacy_grid,PySCF FCI,sto-3g,-74.9112145605304391,-74.9953750113992754,-2040.7281160979023298,0.7384682770653656,validation,true,true,true,2.13.1,10,7,14
h2o-v2-0191,H2O,1.050000000000,1.250000000000,95.000000000000,legacy_grid,PySCF FCI,sto-3g,-74.9128946036264836,-74.9959435463631507,-2040.7435867223987316,0.7229976525690053,train,true,true,true,2.13.1,10,7,14
h2o-v2-0192,H2O,1.050000000000,1.250000000000,100.000000000000,legacy_grid,PySCF FCI,sto-3g,-74.9125380533221517,-74.9946467552461371,-2040.7082992384332556,0.7582851365344296,train,false,true,true,2.13.1,10,7,14
h2o-v2-0193,H2O,1.050000000000,1.250000000000,105.000000000000,legacy_grid,PySCF FCI,sto-3g,-74.9102256186143052,-74.9915881354483105,-2040.6250699537349647,0.8415144212327156,train,true,true,true,2.13.1,10,7,14
h2o-v2-0194,H2O,1.050000000000,1.250000000000,110.000000000000,legacy_grid,PySCF FCI,sto-3g,-74.9060485943597172,-74.9868631274787987,-2040.4964959368612654,0.9700884381064729,train,false,true,true,2.13.1,10,7,14
h2o-v2-0195,H2O,1.050000000000,1.250000000000,115.000000000000,legacy_grid,PySCF FCI,sto-3g,-74.9001059207965767,-74.9805614296880520,-2040.3250180042716693,1.1415663706959687,train,true,true,true,2.13.1,10,7,14
h2o-v2-0196,H2O,1.050000000000,1.250000000000,120.000000000000,legacy_grid,PySCF FCI,sto-3g,-74.8925041930299358,-74.9727695055856742,-2040.1129889479225312,1.3535954270451953,train,false,true,true,2.13.1,10,7,14
h2o-v2-0197,H2O,1.050000000000,1.250000000000,125.000000000000,legacy_grid,PySCF FCI,sto-3g,-74.8833601209795034,-74.9635732078684072,-2039.8627449387047363,1.6038394362628465,test,false,true,true,2.13.1,10,7,14
h2o-v2-0198,H2O,1.050000000000,1.250000000000,130.000000000000,legacy_grid,PySCF FCI,sto-3g,-74.8728053464241157,-74.9530605222735744,-2039.5766801905012926,1.8899041844664748,train,true,true,true,2.13.1,10,7,14
h2o-v2-0199,H2O,1.150000000000,1.150000000000,80.000000000000,legacy_grid,PySCF FCI,sto-3g,-74.9111905599657035,-74.9963854052449932,-2040.7556103150986928,0.7109740598689700,train,true,true,true,2.13.1,10,7,14
h2o-v2-0200,H2O,1.150000000000,1.150000000000,85.000000000000,legacy_grid,PySCF FCI,sto-3g,-74.9172848227481438,-75.0012333644734355,-2040.8875300061686175,0.5790543687990252,train,false,true,true,2.13.1,10,7,14
h2o-v2-0201,H2O,1.150000000000,1.150000000000,90.000000000000,legacy_grid,PySCF FCI,sto-3g,-74.9211939512323823,-75.0039097593435571,-2040.9603584207263793,0.5062259542413652,train,false,true,true,2.13.1,10,7,14
h2o-v2-0202,H2O,1.150000000000,1.150000000000,95.000000000000,legacy_grid,PySCF FCI,sto-3g,-74.9229552715632252,-75.0045467500454066,-2040.9776918207494418,0.4888925542182347,train,false,true,true,2.13.1,10,7,14
h2o-v2-0203,H2O,1.150000000000,1.150000000000,100.000000000000,legacy_grid,PySCF FCI,sto-3g,-74.9226360534176195,-75.0032639188515446,-2040.9427842056447844,0.5238001693228146,validation,false,true,true,2.13.1,10,7,14
h2o-v2-0204,H2O,1.150000000000,1.150000000000,105.000000000000,legacy_grid,PySCF FCI,sto-3g,-74.9203210734474823,-75.0001695248393929,-2040.8585814549828683,0.6080029199847476,validation,true,true,true,2.13.1,10,7,14
h2o-v2-0205,H2O,1.150000000000,1.150000000000,110.000000000000,legacy_grid,PySCF FCI,sto-3g,-74.9161054601631946,-74.9953626240082656,-2040.7277790198209004,0.7388053551467143,train,false,true,true,2.13.1,10,7,14
h2o-v2-0206,H2O,1.150000000000,1.150000000000,115.000000000000,legacy_grid,PySCF FCI,sto-3g,-74.9100916484010781,-74.9889356255109476,-2040.5528914813080519,0.9136928936596184,train,true,true,true,2.13.1,10,7,14
h2o-v2-0207,H2O,1.150000000000,1.150000000000,120.000000000000,legacy_grid,PySCF FCI,sto-3g,-74.9023894749005308,-74.9809770707046255,-2040.3363281725132765,1.1302562024543139,train,true,true,true,2.13.1,10,7,14
h2o-v2-0208,H2O,1.150000000000,1.150000000000,125.000000000000,legacy_grid,PySCF FCI,sto-3g,-74.8931188577714835,-74.9715745720011455,-2040.0804731486155106,1.3861112263521089,train,true,true,true,2.13.1,10,7,14
h2o-v2-0209,H2O,1.150000000000,1.150000000000,130.000000000000,legacy_grid,PySCF FCI,sto-3g,-74.8824149498314711,-74.9608179526252201,-2039.7877706240760745,1.6788137508914942,train,true,true,true,2.13.1,10,7,14
h2o-v2-0210,H2O,1.150000000000,1.250000000000,80.000000000000,legacy_grid,PySCF FCI,sto-3g,-74.8861096344938062,-74.9813428565882560,-2040.3462817134761735,1.1203026614915126,test,true,true,true,2.13.1,10,7,14
h2o-v2-0211,H2O,1.150000000000,1.250000000000,85.000000000000,legacy_grid,PySCF FCI,sto-3g,-74.8914385066930919,-74.9854979384156906,-2040.4593472499661857,1.0072371250015064,train,true,true,true,2.13.1,10,7,14
h2o-v2-0212,H2O,1.150000000000,1.250000000000,90.000000000000,legacy_grid,PySCF FCI,sto-3g,-74.8947824611837092,-74.9876634250889538,-2040.5182731442428121,0.9483112307248014,train,false,true,true,2.13.1,10,7,14
h2o-v2-0213,H2O,1.150000000000,1.250000000000,95.000000000000,legacy_grid,PySCF FCI,sto-3g,-74.8961409786753336,-74.9879553094412756,-2040.5262157220929566,0.9403686528746112,train,true,true,true,2.13.1,10,7,14
h2o-v2-0214,H2O,1.150000000000,1.250000000000,100.000000000000,legacy_grid,PySCF FCI,sto-3g,-74.8955525383509269,-74.9864782908707923,-2040.4860239992790412,0.9805603756885301,train,false,true,true,2.13.1,10,7,14
h2o-v2-0215,H2O,1.150000000000,1.250000000000,105.000000000000,legacy_grid,PySCF FCI,sto-3g,-74.8930785099122716,-74.9833266196450410,-2040.4002626562348723,1.0663217187328158,validation,true,true,true,2.13.1,10,7,14
h2o-v2-0216,H2O,1.150000000000,1.250000000000,110.000000000000,legacy_grid,PySCF FCI,sto-3g,-74.8887935324505492,-74.9785859353036130,-2040.2712620635500116,1.1953223114177187,train,true,true,true,2.13.1,10,7,14
h2o-v2-0217,H2O,1.150000000000,1.250000000000,115.000000000000,legacy_grid,PySCF FCI,sto-3g,-74.8827806810474215,-74.9723354962508779,-2040.1011789522790423,1.3654054226887020,train,true,true,true,2.13.1,10,7,14
h2o-v2-0218,H2O,1.150000000000,1.250000000000,120.000000000000,legacy_grid,PySCF FCI,sto-3g,-74.8751300968116880,-74.9646505223910111,-2039.8920601602878833,1.5745242146798581,train,true,true,true,2.13.1,10,7,14
h2o-v2-0219,H2O,1.150000000000,1.250000000000,125.000000000000,legacy_grid,PySCF FCI,sto-3g,-74.8659402736031439,-74.9556045382757929,-2039.6459063925535702,1.8206779824141319,train,false,true,true,2.13.1,10,7,14
h2o-v2-0220,H2O,1.150000000000,1.250000000000,130.000000000000,legacy_grid,PySCF FCI,sto-3g,-74.8553216975943769,-74.9452716780104851,-2039.3647349408483933,2.1018494341192469,train,true,true,true,2.13.1,10,7,14
h2o-v2-0221,H2O,1.250000000000,1.250000000000,80.000000000000,legacy_grid,PySCF FCI,sto-3g,-74.8610973942190583,-74.9663860289173272,-2039.9392856987078630,1.5272986762598393,train,true,true,true,2.13.1,10,7,14
h2o-v2-0222,H2O,1.250000000000,1.250000000000,85.000000000000,legacy_grid,PySCF FCI,sto-3g,-74.8657956841244498,-74.9700266058719222,-2040.0383508443776464,1.4282335305901099,train,false,true,true,2.13.1,10,7,14
h2o-v2-0223,H2O,1.250000000000,1.250000000000,90.000000000000,legacy_grid,PySCF FCI,sto-3g,-74.8686904010261003,-74.9718240418388433,-2040.0872615687258076,1.3793228062417902,validation,true,true,true,2.13.1,10,7,14
h2o-v2-0224,H2O,1.250000000000,1.250000000000,95.000000000000,legacy_grid,PySCF FCI,sto-3g,-74.8697440798440965,-74.9718855014656071,-2040.0889339703683163,1.3776504045993849,train,true,true,true,2.13.1,10,7,14
h2o-v2-0225,H2O,1.250000000000,1.250000000000,100.000000000000,legacy_grid,PySCF FCI,sto-3g,-74.8689689735249431,-74.9703069858875608,-2040.0459803732787805,1.4206040016889128,train,false,true,true,2.13.1,10,7,14
h2o-v2-0226,H2O,1.250000000000,1.250000000000,105.000000000000,legacy_grid,PySCF FCI,sto-3g,-74.8664064189972294,-74.9671741323493706,-2039.9607310855990363,1.5058532893687180,train,true,true,true,2.13.1,10,7,14
h2o-v2-0227,H2O,1.250000000000,1.250000000000,110.000000000000,legacy_grid,PySCF FCI,sto-3g,-74.8621143203820765,-74.9625641148129773,-2039.8352861178154853,1.6312982571522923,validation,true,true,true,2.13.1,10,7,14
h2o-v2-0228,H2O,1.250000000000,1.250000000000,115.000000000000,legacy_grid,PySCF FCI,sto-3g,-74.8561603880236817,-74.9565479111342796,-2039.6715768757799196,1.7950074991878693,train,true,true,true,2.13.1,10,7,14
h2o-v2-0229,H2O,1.250000000000,1.250000000000,120.000000000000,legacy_grid,PySCF FCI,sto-3g,-74.8486193495023855,-74.9491926378256323,-2039.4714296928334534,1.9951546821342763,test,false,true,true,2.13.1,10,7,14
h2o-v2-0230,H2O,1.250000000000,1.250000000000,125.000000000000,legacy_grid,PySCF FCI,sto-3g,-74.8395730075698253,-74.9405638520249369,-2039.2366284695767717,2.2299559053908977,train,true,true,true,2.13.1,10,7,14
h2o-v2-0231,H2O,1.250000000000,1.250000000000,130.000000000000,legacy_grid,PySCF FCI,sto-3g,-74.8291125990023716,-74.9307278069212117,-2038.9689760471262616,2.4976083278413221,test,true,true,true,2.13.1,10,7,14
h2o-v2-0232,H2O,0.932236004080,0.957954212522,104.556441752412,aimd_trajectory,PySCF FCI,sto-3g,-74.9602582547454404,-75.0082282496113066,-2041.0778705274015010,0.3887138475660919,train,false,true,true,2.13.1,10,7,14
h2o-v2-0233,H2O,1.126280484586,1.129573700224,90.490143379227,aimd_trajectory,PySCF FCI,sto-3g,-74.9310058719439667,-75.0095428016084469,-2041.1136413095362059,0.3529430654314735,train,true,true,true,2.13.1,10,7,14
h2o-v2-0234,H2O,0.986611259435,0.990054170556,87.952323758563,aimd_trajectory,PySCF FCI,sto-3g,-74.9588516922827353,-75.0158102663420721,-2041.2841877131859292,0.1823966617816909,train,true,true,true,2.13.1,10,7,14
h2o-v2-0235,H2O,1.043698767220,1.088616860036,103.621050847788,aimd_trajectory,PySCF FCI,sto-3g,-74.9525615600468598,-75.0179325367528236,-2041.3419376330514297,0.1246467419162996,train,false,true,true,2.13.1,10,7,14
h2o-v2-0236,H2O,1.049267990832,1.054984399341,93.972105031505,aimd_trajectory,PySCF FCI,sto-3g,-74.9572560053794774,-75.0222128760978677,-2041.4584116002333758,0.0081727747344046,train,false,true,true,2.13.1,10,7,14
h2o-v2-0237,H2O,0.970770147962,0.999701055783,96.952598042544,aimd_trajectory,PySCF FCI,sto-3g,-74.9648719019045160,-75.0194300913589132,-2041.3826881698621492,0.0838962051055376,validation,false,true,true,2.13.1,10,7,14
h2o-v2-0238,H2O,1.096857833787,1.124546614327,97.966992057674,aimd_trajectory,PySCF FCI,sto-3g,-74.9395675041145495,-75.0134295679740433,-2041.2194056103583080,0.2471787646093156,train,false,true,true,2.13.1,10,7,14
h2o-v2-0239,H2O,1.002409453817,1.007332400652,103.748578577692,aimd_trajectory,PySCF FCI,sto-3g,-74.9646232514133715,-75.0206270906066948,-2041.4152601787297954,0.0513241962379953,train,false,true,true,2.13.1,10,7,14
h2o-v2-0240,H2O,0.936630252051,0.977257205218,91.817258368958,aimd_trajectory,PySCF FCI,sto-3g,-74.9582503936746321,-75.0101586013391142,-2041.1303980738575774,0.3361863011101108,train,false,true,true,2.13.1,10,7,14
h2o-v2-0241,H2O,1.066101325961,1.103509373470,89.805817422968,aimd_trajectory,PySCF FCI,sto-3g,-74.9456716934304126,-75.0169335521087106,-2041.3147538760465523,0.1518304989210683,train,false,true,true,2.13.1,10,7,14
h2o-v2-0242,H2O,1.020427713415,1.050423383504,88.724830878540,aimd_trajectory,PySCF FCI,sto-3g,-74.9564140026533323,-75.0200534801899721,-2041.3996514441255385,0.0669329308421577,train,false,true,true,2.13.1,10,7,14
h2o-v2-0243,H2O,1.031544847869,1.046423763494,99.624636675176,aimd_trajectory,PySCF FCI,sto-3g,-74.9608376420738125,-75.0226012316507251,-2041.4689792931828833,-0.0023949182151733,train,false,true,true,2.13.1,10,7,14
h2o-v2-0244,H2O,0.945198700604,0.948392519128,99.264741276101,aimd_trajectory,PySCF FCI,sto-3g,-74.9613935754977945,-75.0104655115803780,-2041.1387495269755163,0.3278348479922312,train,false,true,true,2.13.1,10,7,14
h2o-v2-0245,H2O,1.100247988444,1.106061601831,103.175481652133,aimd_trajectory,PySCF FCI,sto-3g,-74.9413055393884378,-75.0128867313372041,-2041.2046342729647677,0.2619501020028198,train,false,true,true,2.13.1,10,7,14
h2o-v2-0246,H2O,0.991501473979,1.025623045001,92.740189878778,aimd_trajectory,PySCF FCI,sto-3g,-74.9623488132851321,-75.0210788911431052,-2041.4275542976320139,0.0390300773355853,train,false,true,true,2.13.1,10,7,14
h2o-v2-0247,H2O,1.089701020522,1.149127496382,93.521309410613,aimd_trajectory,PySCF FCI,sto-3g,-74.9347547176231785,-75.0111889820876456,-2041.1584361623863515,0.3081482125813911,train,false,true,true,2.13.1,10,7,14
h2o-v2-0248,H2O,1.051321431157,1.095233133030,98.359649903489,aimd_trajectory,PySCF FCI,sto-3g,-74.9518641755284563,-75.0193439696289914,-2041.3803446782051196,0.0862396967626105,validation,false,true,true,2.13.1,10,7,14
h2o-v2-0249,H2O,0.960883308317,0.992046016537,102.585135396355,aimd_trajectory,PySCF FCI,sto-3g,-74.9646726178475546,-75.0170033181206435,-2041.3166523059442170,0.1499320690235208,train,false,true,true,2.13.1,10,7,14
h2o-v2-0250,H2O,1.013130584217,1.019668389815,96.671653694629,aimd_trajectory,PySCF FCI,sto-3g,-74.9640382644701617,-75.0230198982487337,-2041.4803717916895494,-0.0137874167218790,train,false,true,true,2.13.1,10,7,14
h2o-v2-0251,H2O,0.932053087815,0.970059854954,95.772955477660,aimd_trajectory,PySCF FCI,sto-3g,-74.9599974276091388,-75.0103150241943837,-2041.1346545565900215,0.3319298183776719,train,false,true,true,2.13.1,10,7,14
h2o-v2-0252,H2O,1.017751747477,1.050681673704,103.610487306731,aimd_trajectory,PySCF FCI,sto-3g,-74.9603491761575782,-75.0207010165693902,-2041.4172718066542984,0.0493125683134843,test,false,true,true,2.13.1,10,7,14
h2o-v2-0253,H2O,0.946196762655,0.972595205241,87.924574703751,aimd_trajectory,PySCF FCI,sto-3g,-74.9551229089991295,-75.0082087030139064,-2041.0773386373898575,0.3892457375777442,train,false,true,true,2.13.1,10,7,14
h2o-v2-0254,H2O,1.068749394575,1.121067422775,100.971137734779,aimd_trajectory,PySCF FCI,sto-3g,-74.9442299667202860,-75.0148609095300429,-2041.2583543982887022,0.2082299766790752,train,false,true,true,2.13.1,10,7,14
h2o-v2-0255,H2O,1.098298384928,1.101526170495,92.163582843168,aimd_trajectory,PySCF FCI,sto-3g,-74.9425874143851729,-75.0157975037337366,-2041.2838404249209816,0.1827439500466143,train,false,true,true,2.13.1,10,7,14
h2o-v2-0256,H2O,1.068703545163,1.070136474265,101.134065386749,aimd_trajectory,PySCF FCI,sto-3g,-74.9533354701183185,-75.0195980321118014,-2041.3872580705553901,0.0793263044122525,train,false,true,true,2.13.1,10,7,14
h2o-v2-0257,H2O,0.971246660795,0.985307445336,93.352615304864,aimd_trajectory,PySCF FCI,sto-3g,-74.9632029680052767,-75.0175523517272325,-2041.3315922714750741,0.1349921034926003,train,false,true,true,2.13.1,10,7,14
h2o-v2-0258,H2O,1.083490193230,1.138441102895,90.186157355298,aimd_trajectory,PySCF FCI,sto-3g,-74.9365568625327541,-75.0122560783688783,-2041.1874733314566583,0.2791110435111109,test,false,true,true,2.13.1,10,7,14
h2o-v2-0259,H2O,1.042531020935,1.078148254468,91.274937910219,aimd_trajectory,PySCF FCI,sto-3g,-74.9534109777873141,-75.0203249475224823,-2041.4070384465635470,0.0595459284040558,train,false,true,true,2.13.1,10,7,14
h2o-v2-0260,H2O,0.998183765779,1.030868621685,101.217371683343,aimd_trajectory,PySCF FCI,sto-3g,-74.9638567574992578,-75.0217170667679056,-2041.4449199410512392,0.0216644339163670,train,true,true,true,2.13.1,10,7,14
h2o-v2-0261,H2O,1.012036240950,1.048639116409,94.436308210485,aimd_trajectory,PySCF FCI,sto-3g,-74.9608916193643608,-75.0224475675227325,-2041.4647978792438607,0.0017864957237882,train,false,true,true,2.13.1,10,7,14
h2o-v2-0262,H2O,0.951924240636,0.986485264018,99.502155961241,aimd_trajectory,PySCF FCI,sto-3g,-74.9641026047121102,-75.0160329646606243,-2041.2902476431484047,0.1763367318192333,train,false,true,true,2.13.1,10,7,14
h2o-v2-0263,H2O,0.991213206185,1.026046664276,88.484797618164,aimd_trajectory,PySCF FCI,sto-3g,-74.9586871906548851,-75.0184248755903127,-2041.3553348553220985,0.1112495196454826,test,false,true,true,2.13.1,10,7,14
h2o-v2-0264,H2O,0.960441432100,0.997552058267,90.363699594338,aimd_trajectory,PySCF FCI,sto-3g,-74.9600495040372152,-75.0151987811901506,-2041.2675483545333464,0.1990360204343120,train,false,true,true,2.13.1,10,7,14
h2o-v2-0265,H2O,1.066556768562,1.073809813148,96.052167694483,aimd_trajectory,PySCF FCI,sto-3g,-74.9532998873149552,-75.0206846770366127,-2041.4168271853166061,0.0497571896509709,train,false,true,true,2.13.1,10,7,14
h2o-v2-0266,H2O,1.085460562793,1.143137847476,102.785179531524,aimd_trajectory,PySCF FCI,sto-3g,-74.9361464562222181,-75.0098691142098346,-2041.1225207277695972,0.3440636471981793,train,false,true,true,2.13.1,10,7,14
h2o-v2-0267,H2O,1.068229681622,1.088836654279,92.947670530464,aimd_trajectory,PySCF FCI,sto-3g,-74.9497604976814102,-75.0192065591871540,-2041.3766055495980254,0.0899788253696814,test,false,true,true,2.13.1,10,7,14
h2o-v2-0268,H2O,1.107981354647,1.128773416110,95.196391156979,aimd_trajectory,PySCF FCI,sto-3g,-74.9364911556889552,-75.0122659773535787,-2041.1877426965527320,0.2788416784149856,train,false,true,true,2.13.1,10,7,14
h2o-v2-0269,H2O,0.934746348857,0.964808991011,101.623230150128,aimd_trajectory,PySCF FCI,sto-3g,-74.9615026234841082,-75.0105505869024825,-2041.1410645444252623,0.3255198305424454,train,false,true,true,2.13.1,10,7,14
h2o-v2-0270,H2O,1.068949744343,1.114736552740,96.659790837384,aimd_trajectory,PySCF FCI,sto-3g,-74.9459240852281567,-75.0168424304698647,-2041.3122743299365993,0.1543100450310729,validation,false,true,true,2.13.1,10,7,14
h2o-v2-0271,H2O,1.105794006665,1.123276966528,100.754860124373,aimd_trajectory,PySCF FCI,sto-3g,-74.9377290643306679,-75.0117306504521508,-2041.1731757094701152,0.2934086654976076,train,false,true,true,2.13.1,10,7,14
h2o-v2-0272,H2O,1.018117168129,1.056494965007,97.184420086050,aimd_trajectory,PySCF FCI,sto-3g,-74.9604719720765189,-75.0225023233304000,-2041.4662878606754930,0.0002965142921352,train,false,true,true,2.13.1,10,7,14
h2o-v2-0273,H2O,1.033667454427,1.075238721925,101.199047171330,aimd_trajectory,PySCF FCI,sto-3g,-74.9565701989098727,-75.0204855370945012,-2041.4114083114347977,0.0551760635327710,train,false,true,true,2.13.1,10,7,14
h2o-v2-0274,H2O,1.085021370267,1.096443043996,99.877074525254,aimd_trajectory,PySCF FCI,sto-3g,-74.9468314306062524,-75.0168616725627118,-2041.3127979339571993,0.1537864410104294,train,false,true,true,2.13.1,10,7,14
h2o-v2-0275,H2O,1.074207078071,1.122527758531,92.798422993617,aimd_trajectory,PySCF FCI,sto-3g,-74.9426397940462152,-75.0155187346723835,-2041.2762547323191029,0.1903296426485236,validation,false,true,true,2.13.1,10,7,14
h2o-v2-0276,H2O,1.020903373848,1.041180206791,91.388592819561,aimd_trajectory,PySCF FCI,sto-3g,-74.9595225424927349,-75.0218450583032279,-2041.4484027681551197,0.0181816068124954,validation,false,true,true,2.13.1,10,7,14
h2o-v2-0277,H2O,0.960858040397,0.966974929489,104.358739773056,aimd_trajectory,PySCF FCI,sto-3g,-74.9638080596678122,-75.0141709311846796,-2041.2395791310316326,0.2270052439361245,train,false,true,true,2.13.1,10,7,14
h2o-v2-0278,H2O,0.980406540047,1.002178385656,100.722588192044,aimd_trajectory,PySCF FCI,sto-3g,-74.9655813089292735,-75.0202347467029824,-2041.4045839572245313,0.0620004177431706,train,false,true,true,2.13.1,10,7,14
h2o-v2-0279,H2O,1.072942548665,1.091004737011,103.249843714078,aimd_trajectory,PySCF FCI,sto-3g,-74.9486082800018920,-75.0165795064737608,-2041.3051198035252582,0.1614645714423930,validation,false,true,true,2.13.1,10,7,14
h2o-v2-0280,H2O,1.036933835098,1.075264135374,95.991451253616,aimd_trajectory,PySCF FCI,sto-3g,-74.9563608123019662,-75.0215506531158240,-2041.4403915948878421,0.0261927800797645,train,false,true,true,2.13.1,10,7,14
h2o-v2-0281,H2O,1.027738213286,1.028545928278,102.053478907882,aimd_trajectory,PySCF FCI,sto-3g,-74.9624326413193387,-75.0221087712600934,-2041.4555787632825741,0.0110056116851582,train,false,true,true,2.13.1,10,7,14
h2o-v2-0282,H2O,0.982012302337,1.009643653312,94.732705522369,aimd_trajectory,PySCF FCI,sto-3g,-74.9641478730386126,-75.0206252391224808,-2041.4152097972776119,0.0513745776900693,train,false,true,true,2.13.1,10,7,14
h2o-v2-0283,H2O,0.956976647178,0.958225538779,91.450318137669,aimd_trajectory,PySCF FCI,sto-3g,-74.9592289494207193,-75.0112573798673168,-2041.1602973607873537,0.3062870141803913,test,false,true,true,2.13.1,10,7,14
h2o-v2-0284,H2O,1.110837654795,1.126892915863,92.542363761890,aimd_trajectory,PySCF FCI,sto-3g,-74.9355854584654537,-75.0120279696049010,-2041.1812661757739988,0.2853181991937914,train,false,true,true,2.13.1,10,7,14
h2o-v2-0285,H2O,1.018095560970,1.021771970566,88.654669655097,aimd_trajectory,PySCF FCI,sto-3g,-74.9586940986256991,-75.0200029119766043,-2041.3982754129397108,0.0683089620278783,train,false,true,true,2.13.1,10,7,14
h2o-v2-0286,H2O,0.997724652450,0.997929358470,92.458497423277,aimd_trajectory,PySCF FCI,sto-3g,-74.9632261769898207,-75.0204589328419900,-2041.4106843728441163,0.0559000021236396,test,false,true,true,2.13.1,10,7,14
h2o-v2-0287,H2O,1.046778186054,1.066791517220,89.055681372614,aimd_trajectory,PySCF FCI,sto-3g,-74.9529157844834941,-75.0197722125660107,-2041.3919977621715134,0.0745866127962630,train,false,true,true,2.13.1,10,7,14
h2o-v2-0288,H2O,0.947844030647,0.948058183639,96.832689473129,aimd_trajectory,PySCF FCI,sto-3g,-74.9609187121890699,-75.0105956048077900,-2041.1422895440346110,0.3242948309331368,train,false,true,true,2.13.1,10,7,14
h2o-v2-0289,H2O,1.052573265100,1.099278721340,101.072117307078,aimd_trajectory,PySCF FCI,sto-3g,-74.9505876762181060,-75.0179979682772995,-2041.3437181155366034,0.1228662594311217,train,false,true,true,2.13.1,10,7,14
h2o-v2-0290,H2O,0.980118883614,0.989704241261,104.200834251122,aimd_trajectory,PySCF FCI,sto-3g,-74.9650728151930679,-75.0182392571005749,-2041.3502839189036422,0.1163004560641334,train,false,true,true,2.13.1,10,7,14
h2o-v2-0291,H2O,0.933356077806,0.975164165196,98.118653989106,aimd_trajectory,PySCF FCI,sto-3g,-74.9613203393097649,-75.0115946787604599,-2041.1694757312488946,0.2971086437187286,train,false,true,true,2.13.1,10,7,14
h2o-v2-0292,H2O,1.074543642400,1.118540817536,103.212160772001,aimd_trajectory,PySCF FCI,sto-3g,-74.9430848155616758,-75.0135839980599144,-2041.2236078670730421,0.2429765078946753,test,false,true,true,2.13.1,10,7,14
h2o-v2-0293,H2O,1.080914648374,1.135173286654,95.317989787488,aimd_trajectory,PySCF FCI,sto-3g,-74.9397245690888525,-75.0137404546391053,-2041.2278652674801833,0.2387191074875845,train,false,true,true,2.13.1,10,7,14
h2o-v2-0294,H2O,0.978864869712,1.013232280425,103.116282727282,aimd_trajectory,PySCF FCI,sto-3g,-74.9646333089316386,-75.0195416088732543,-2041.3857227160181083,0.0808616589496086,train,false,true,true,2.13.1,10,7,14
h2o-v2-0295,H2O,0.955498122737,0.974227760848,94.871477255968,aimd_trajectory,PySCF FCI,sto-3g,-74.9626661814789657,-75.0149160225918621,-2041.2598541011009274,0.2067302738667152,train,false,true,true,2.13.1,10,7,14
h2o-v2-0296,H2O,1.042382476883,1.056416678645,102.589458350563,aimd_trajectory,PySCF FCI,sto-3g,-74.9580185137479020,-75.0208455063954034,-2041.4212035751183976,0.0453807998492228,train,false,true,true,2.13.1,10,7,14
h2o-v2-0297,H2O,0.962412072665,0.995388401942,87.910182538758,aimd_trajectory,PySCF FCI,sto-3g,-74.9575221472200610,-75.0132262418778168,-2041.2138728254201396,0.2527115495476216,train,false,true,true,2.13.1,10,7,14
h2o-v2-0298,H2O,1.042672801181,1.067346709237,98.828924769110,aimd_trajectory,PySCF FCI,sto-3g,-74.9572424202214620,-75.0216550966970885,-2041.4432336495185609,0.0233507254490622,validation,false,true,true,2.13.1,10,7,14
h2o-v2-0299,H2O,1.033253189855,1.036848043028,94.655752276409,aimd_trajectory,PySCF FCI,sto-3g,-74.9608786353080347,-75.0230549848579642,-2041.4813265469654198,-0.0147421719977112,train,false,true,true,2.13.1,10,7,14
h2o-v2-0300,H2O,1.103121134909,1.123835973024,90.414074450528,aimd_trajectory,PySCF FCI,sto-3g,-74.9365505430797185,-75.0125457157000710,-2041.1953547647469804,0.2712296102207694,train,false,true,true,2.13.1,10,7,14
h2o-v2-0301,H2O,0.956547126818,0.980007151950,97.064556806813,aimd_trajectory,PySCF FCI,sto-3g,-74.9639187058138106,-75.0161772287581243,-2041.2941732692270307,0.1724111057407316,train,false,true,true,2.13.1,10,7,14
h2o-v2-0302,H2O,1.074698758837,1.114749601069,98.865401695510,aimd_trajectory,PySCF FCI,sto-3g,-74.9450898794354856,-75.0160407762151493,-2041.2904602063758830,0.1761241685918718,train,false,true,true,2.13.1,10,7,14
h2o-v2-0303,H2O,1.000366267720,1.034935364460,103.466928474494,aimd_trajectory,PySCF FCI,sto-3g,-74.9628444396804525,-75.0207670413062004,-2041.4190684312693520,0.0475159436983501,train,false,true,true,2.13.1,10,7,14
h2o-v2-0304,H2O,0.942871227363,0.979032754426,103.222627453845,aimd_trajectory,PySCF FCI,sto-3g,-74.9628466337261870,-75.0130506158329524,-2041.2090937972784559,0.2574905776892829,train,false,true,true,2.13.1,10,7,14
h2o-v2-0305,H2O,0.994393980663,1.027330143318,95.669461551229,aimd_trajectory,PySCF FCI,sto-3g,-74.9636826699411785,-75.0221032287833225,-2041.4554279448063880,0.0111564301613297,validation,false,true,true,2.13.1,10,7,14
h2o-v2-0306,H2O,0.940851512502,0.982212235216,89.764705914720,aimd_trajectory,PySCF FCI,sto-3g,-74.9570000122873239,-75.0099672390989127,-2041.1251908420265408,0.3413935329411298,train,false,true,true,2.13.1,10,7,14
h2o-v2-0307,H2O,1.079253278862,1.091340405772,91.150934162882,aimd_trajectory,PySCF FCI,sto-3g,-74.9468579509714488,-75.0178358433891930,-2041.3393064725862587,0.1272779023814758,train,false,true,true,2.13.1,10,7,14
h2o-v2-0308,H2O,0.980064956685,1.011523403944,91.455319149466,aimd_trajectory,PySCF FCI,sto-3g,-74.9619119829945362,-75.0191160839266473,-2041.3741435923386689,0.0924407826290343,train,false,true,true,2.13.1,10,7,14
h2o-v2-0309,H2O,0.958532073319,0.959449528603,89.407201485831,aimd_trajectory,PySCF FCI,sto-3g,-74.9573605556269200,-75.0100297075235574,-2041.1268906944576429,0.3396936805099462,train,false,true,true,2.13.1,10,7,14
h2o-v2-0310,H2O,1.060528384991,1.107491111285,91.709705230522,aimd_trajectory,PySCF FCI,sto-3g,-74.9468367104418292,-75.0175375355625107,-2041.3311891030941752,0.1353952718735284,train,false,true,true,2.13.1,10,7,14
h2o-v2-0311,H2O,1.012232535395,1.050062450809,100.476454390345,aimd_trajectory,PySCF FCI,sto-3g,-74.9615591960341021,-75.0220159074383872,-2041.4530518099618348,0.0135325650058827,train,false,true,true,2.13.1,10,7,14
h2o-v2-0312,H2O,1.031787008809,1.066761535698,93.394496507260,aimd_trajectory,PySCF FCI,sto-3g,-74.9570984473427160,-75.0217776259582791,-2041.4465678405713334,0.0200165343963691,train,false,true,true,2.13.1,10,7,14
h2o-v2-0313,H2O,1.016555569185,1.017521448527,100.647401320416,aimd_trajectory,PySCF FCI,sto-3g,-74.9642286231032529,-75.0225251464478617,-2041.4669089093401908,-0.0003245343724530,test,false,true,true,2.13.1,10,7,14
h2o-v2-0314,H2O,1.062871095840,1.080606757093,89.534601648865,aimd_trajectory,PySCF FCI,sto-3g,-74.9496381025592058,-75.0187755455589098,-2041.3648770712825353,0.1017073036851179,train,false,true,true,2.13.1,10,7,14
h2o-v2-0315,H2O,0.999172367777,1.003331143431,95.751598891794,aimd_trajectory,PySCF FCI,sto-3g,-74.9648701901011378,-75.0218715209940683,-2041.4491228546567072,0.0174615203109294,train,false,true,true,2.13.1,10,7,14
h2o-v2-0316,H2O,1.099081036961,1.152710900948,90.648371336666,aimd_trajectory,PySCF FCI,sto-3g,-74.9311170590897291,-75.0093516262425197,-2041.1084391628132835,0.3581452121544357,validation,false,true,true,2.13.1,10,7,14
h2o-v2-0317,H2O,1.077671752615,1.095965982202,97.243851160368,aimd_trajectory,PySCF FCI,sto-3g,-74.9482537834837643,-75.0181453355233288,-2041.3477281825882983,0.1188561923794119,test,false,true,true,2.13.1,10,7,14
h2o-v2-0318,H2O,0.975777732469,1.011389636568,88.497492333165,aimd_trajectory,PySCF FCI,sto-3g,-74.9588847808911538,-75.0164813150140333,-2041.3024478777886088,0.1641364971790970,train,false,true,true,2.13.1,10,7,14
h2o-v2-0319,H2O,1.008982001139,1.019251711784,91.881038844702,aimd_trajectory,PySCF FCI,sto-3g,-74.9619487454700675,-75.0216445112574633,-2041.4429456050324916,0.0236387699352895,train,false,true,true,2.13.1,10,7,14
h2o-v2-0320,H2O,1.031807697284,1.071049396458,103.772988143834,aimd_trajectory,PySCF FCI,sto-3g,-74.9564828399113594,-75.0194693609735168,-2041.3837567505129300,0.0828276244548265,train,false,true,true,2.13.1,10,7,14
h2o-v2-0321,H2O,1.091144045279,1.138057529554,100.830225162573,aimd_trajectory,PySCF FCI,sto-3g,-74.9371034319304812,-75.0111708919333893,-2041.1579439042116064,0.3086404707561103,train,false,true,true,2.13.1,10,7,14
h2o-v2-0322,H2O,1.085770670989,1.112974589799,90.570506916661,aimd_trajectory,PySCF FCI,sto-3g,-74.9416638669437418,-75.0151825806918140,-2041.2671075165158072,0.1994768584519271,test,false,true,true,2.13.1,10,7,14
h2o-v2-0323,H2O,1.025007461362,1.061612520699,91.683029140453,aimd_trajectory,PySCF FCI,sto-3g,-74.9572654673879128,-75.0214168643273638,-2041.4367510164897794,0.0298333584779396,test,false,true,true,2.13.1,10,7,14
h2o-v2-0324,H2O,0.928229853817,0.968552756306,99.939096543012,aimd_trajectory,PySCF FCI,sto-3g,-74.9606019784098976,-75.0097938906516504,-2041.1204737904729427,0.3461105844947281,test,false,true,true,2.13.1,10,7,14
h2o-v2-0325,H2O,1.028979025433,1.065297605202,89.773688744976,aimd_trajectory,PySCF FCI,sto-3g,-74.9551435251380269,-75.0203411510303795,-2041.4074793664756271,0.0591050084921247,validation,false,true,true,2.13.1,10,7,14
h2o-v2-0326,H2O,0.964531537629,0.977613192371,90.579400858700,aimd_trajectory,PySCF FCI,sto-3g,-74.9602748461564090,-75.0142740773459735,-2041.2423858810664115,0.2241984939013646,train,false,true,true,2.13.1,10,7,14
h2o-v2-0327,H2O,0.953377716443,0.989983695586,104.373318375369,aimd_trajectory,PySCF FCI,sto-3g,-74.9636325615134353,-75.0150408624934215,-2041.2632511678812079,0.2033332070864705,train,false,true,true,2.13.1,10,7,14
h2o-v2-0328,H2O,1.016469064720,1.034449000009,93.257600758544,aimd_trajectory,PySCF FCI,sto-3g,-74.9614998081250690,-75.0225568377421439,-2041.4677712733894168,-0.0011868984218000,train,false,true,true,2.13.1,10,7,14
h2o-v2-0329,H2O,1.110409737829,1.121676361686,102.576068219498,aimd_trajectory,PySCF FCI,sto-3g,-74.9365155498084050,-75.0104679706537070,-2041.1388164417696771,0.3277679331980696,train,false,true,true,2.13.1,10,7,14
h2o-v2-0330,H2O,0.962704279348,0.995341552641,100.841077678031,aimd_trajectory,PySCF FCI,sto-3g,-74.9649586704746866,-75.0179415911112528,-2041.3421840146957038,0.1244003602718719,train,false,true,true,2.13.1,10,7,14
h2o-v2-0331,H2O,1.090522355699,1.130808777414,91.633195609772,aimd_trajectory,PySCF FCI,sto-3g,-74.9379151220436199,-75.0131691547237409,-2041.2123194048208461,0.2542649701468660,train,false,true,true,2.13.1,10,7,14
h2o-v2-0332,H2O,1.049662840102,1.082483568786,92.815251497318,aimd_trajectory,PySCF FCI,sto-3g,-74.9529273777431513,-75.0203948846754969,-2041.4089415334472051,0.0576428415204302,train,false,true,true,2.13.1,10,7,14
h2o-v2-0333,H2O,1.058479884573,1.108611971234,103.280933586686,aimd_trajectory,PySCF FCI,sto-3g,-74.9472827903721139,-75.0155867809782961,-2041.2781063666318460,0.1884780083357227,train,false,true,true,2.13.1,10,7,14
h2o-v2-0334,H2O,1.098116083044,1.135177065187,96.538063211875,aimd_trajectory,PySCF FCI,sto-3g,-74.9370539586178950,-75.0122739062550181,-2041.1879584529522162,0.2786259220154113,train,false,true,true,2.13.1,10,7,14
h2o-v2-0335,H2O,1.018917344328,1.058101671150,101.896291868489,aimd_trajectory,PySCF FCI,sto-3g,-74.9599203513305525,-75.0212346236131395,-2041.4317919940251613,0.0347923809424400,train,false,true,true,2.13.1,10,7,14
h2o-v2-0336,H2O,1.086993810453,1.118084169233,100.902940167888,aimd_trajectory,PySCF FCI,sto-3g,-74.9420941492908810,-75.0139888294790040,-2041.2346238911823093,0.2319604837853155,train,false,true,true,2.13.1,10,7,14
h2o-v2-0337,H2O,1.062036220422,1.103931460042,99.674936094692,aimd_trajectory,PySCF FCI,sto-3g,-74.9488491460789845,-75.0176715369907186,-2041.3348354677145835,0.1317489072530505,train,false,true,true,2.13.1,10,7,14
h2o-v2-0338,H2O,1.026917962091,1.068330980452,99.701324537701,aimd_trajectory,PySCF FCI,sto-3g,-74.9583882760450422,-75.0215140048779858,-2041.4393943455329463,0.0271900294348152,validation,true,true,true,2.13.1,10,7,14
h2o-v2-0339,H2O,0.960155534663,0.972864680454,102.746591300879,aimd_trajectory,PySCF FCI,sto-3g,-74.9644000906724841,-75.0153710730214272,-2041.2722366541013344,0.1943477208664175,train,false,true,true,2.13.1,10,7,14
h2o-v2-0340,H2O,0.953156021021,0.983233266985,93.266096397743,aimd_trajectory,PySCF FCI,sto-3g,-74.9616975199192694,-75.0147402362184295,-2041.2550707101966054,0.2115136647709719,test,false,true,true,2.13.1,10,7,14
h2o-v2-0341,H2O,0.963841743574,0.976327432993,87.746275997606,aimd_trajectory,PySCF FCI,sto-3g,-74.9569611394567090,-75.0114878744534224,-2041.1665694379973957,0.3000149369702632,train,false,true,true,2.13.1,10,7,14
h2o-v2-0342,H2O,0.949099736794,0.965735095039,97.892731718775,aimd_trajectory,PySCF FCI,sto-3g,-74.9628849619097224,-75.0135655449134902,-2041.2231057313781548,0.2434786435894789,train,false,true,true,2.13.1,10,7,14
h2o-v2-0343,H2O,0.996114032838,1.005691721736,101.373030394474,aimd_trajectory,PySCF FCI,sto-3g,-74.9654422749736398,-75.0213024748883299,-2041.4336383212817054,0.0329460536859518,train,false,true,true,2.13.1,10,7,14
h2o-v2-0344,H2O,1.004703206974,1.037798706917,88.601210122247,aimd_trajectory,PySCF FCI,sto-3g,-74.9579600138832660,-75.0195100238120745,-2041.3848632427186658,0.0817211322489764,train,false,true,true,2.13.1,10,7,14
h2o-v2-0345,H2O,1.018639810396,1.028386550534,95.137383443857,aimd_trajectory,PySCF FCI,sto-3g,-74.9627213223424889,-75.0230704212243893,-2041.4817465918943071,-0.0151622169267390,train,false,true,true,2.13.1,10,7,14
h2o-v2-0346,H2O,0.995387221349,1.008311637851,88.247240649516,aimd_trajectory,PySCF FCI,sto-3g,-74.9592339398484739,-75.0180254114015383,-2041.3444648809900173,0.1221194939776615,train,false,true,true,2.13.1,10,7,14
h2o-v2-0347,H2O,1.090705890990,1.127777828613,99.422695813630,aimd_trajectory,PySCF FCI,sto-3g,-74.9397755418497553,-75.0131236695322201,-2041.2110816897059067,0.2555026852618115,test,false,true,true,2.13.1,10,7,14
h2o-v2-0348,H2O,0.968063763776,1.002618618938,104.077992354176,aimd_trajectory,PySCF FCI,sto-3g,-74.9644302821065480,-75.0177071641058149,-2041.3358049309042599,0.1307794440633347,train,false,true,true,2.13.1,10,7,14
h2o-v2-0349,H2O,1.071609046200,1.122459617000,90.240948311920,aimd_trajectory,PySCF FCI,sto-3g,-74.9416380125522750,-75.0148993466927152,-2041.2594003267681728,0.2071840481994003,train,false,true,true,2.13.1,10,7,14
h2o-v2-0350,H2O,1.091478382322,1.110226574293,99.075674335016,aimd_trajectory,PySCF FCI,sto-3g,-74.9432990112235871,-75.0152172274792974,-2041.2680503036322079,0.1985340713355326,train,true,true,true,2.13.1,10,7,14
h2o-v2-0351,H2O,1.051779325601,1.089234131375,96.895328645952,aimd_trajectory,PySCF FCI,sto-3g,-74.9528020340604257,-75.0201083155577493,-2041.4011435904981226,0.0654407844696322,train,false,true,true,2.13.1,10,7,14
h2o-v2-0352,H2O,1.052670424454,1.076072854064,102.881221323431,aimd_trajectory,PySCF FCI,sto-3g,-74.9539677036146514,-75.0191260811953811,-2041.3744156318796286,0.0921687430881155,train,true,true,true,2.13.1,10,7,14
h2o-v2-0353,H2O,0.944755149934,0.968265176939,99.370202622229,aimd_trajectory,PySCF FCI,sto-3g,-74.9628557443308097,-75.0131494888715196,-2041.2117842697200558,0.2548001052475177,train,false,true,true,2.13.1,10,7,14
h2o-v2-0354,H2O,1.077377404518,1.134267297570,101.675392600562,aimd_trajectory,PySCF FCI,sto-3g,-74.9398867171785099,-75.0122976168219679,-2041.1886036503476589,0.2779807246200282,train,false,true,true,2.13.1,10,7,14
h2o-v2-0355,H2O,0.971718039740,0.992347058914,91.394781864033,aimd_trajectory,PySCF FCI,sto-3g,-74.9618110258231951,-75.0171101659039863,-2041.3195597822461878,0.1470245927214522,train,false,true,true,2.13.1,10,7,14
h2o-v2-0356,H2O,1.023557553764,1.040515377689,97.559220399318,aimd_trajectory,PySCF FCI,sto-3g,-74.9619860426525406,-75.0231064317920442,-2041.4827264893597203,-0.0161421143921337,train,false,true,true,2.13.1,10,7,14
h2o-v2-0357,H2O,0.949760862925,0.960797420690,95.692300492078,aimd_trajectory,PySCF FCI,sto-3g,-74.9617608084495259,-75.0125965532404280,-2041.1967381246934110,0.2698462502743204,train,false,true,true,2.13.1,10,7,14
h2o-v2-0358,H2O,1.024025246520,1.032023190770,100.142666331362,aimd_trajectory,PySCF FCI,sto-3g,-74.9627663744952599,-75.0227758208850730,-2041.4737301082730028,-0.0071457333054047,train,false,true,true,2.13.1,10,7,14
h2o-v2-0359,H2O,1.053467664555,1.095543815064,90.498244376462,aimd_trajectory,PySCF FCI,sto-3g,-74.9490287190333646,-75.0184327481437805,-2041.3555490784153790,0.1110352965523283,train,false,true,true,2.13.1,10,7,14
h2o-v2-0360,H2O,0.975909114299,0.995572887028,102.051533876471,aimd_trajectory,PySCF FCI,sto-3g,-74.9654646059150735,-75.0191183641086212,-2041.3742056392511586,0.0923787357166313,train,false,true,true,2.13.1,10,7,14
h2o-v2-0361,H2O,0.981416535162,1.016258551673,101.653697949051,aimd_trajectory,PySCF FCI,sto-3g,-74.9648452245640868,-75.0203989929243846,-2041.4090533245944243,0.0575310503731510,train,false,true,true,2.13.1,10,7,14
h2o-v2-0362,H2O,1.002199336335,1.037846244295,92.352592851995,aimd_trajectory,PySCF FCI,sto-3g,-74.9611108232142413,-75.0215982031288604,-2041.4416854966586925,0.0248988783090305,train,false,true,true,2.13.1,10,7,14
h2o-v2-0363,H2O,1.036147571223,1.046242363428,88.814656131378,aimd_trajectory,PySCF FCI,sto-3g,-74.9559340406518402,-75.0204079710499627,-2041.4092976318374895,0.0572867431302805,train,false,true,true,2.13.1,10,7,14
h2o-v2-0364,H2O,1.009398287600,1.042810264587,102.444125137163,aimd_trajectory,PySCF FCI,sto-3g,-74.9620813099028993,-75.0214206346353194,-2041.4368536117958683,0.0297307631718929,train,false,true,true,2.13.1,10,7,14
h2o-v2-0365,H2O,1.057185398012,1.069008877558,93.544397427966,aimd_trajectory,PySCF FCI,sto-3g,-74.9544063257315401,-75.0211995565637721,-2041.4308377710003697,0.0357466039672834,train,false,true,true,2.13.1,10,7,14
h2o-v2-0366,H2O,0.939037370841,0.975105316605,104.609352245641,aimd_trajectory,PySCF FCI,sto-3g,-74.9619339401161113,-75.0114140376197724,-2041.1645602353978575,0.3020241395698920,train,false,true,true,2.13.1,10,7,14
h2o-v2-0367,H2O,1.077968324611,1.106690115717,92.406874203764,aimd_trajectory,PySCF FCI,sto-3g,-74.9450220139888188,-75.0169110794607832,-2041.3141423641438905,0.1524420108237917,train,false,true,true,2.13.1,10,7,14
h2o-v2-0368,H2O,1.008301505800,1.045024529819,96.588755434660,aimd_trajectory,PySCF FCI,sto-3g,-74.9621039401732077,-75.0226529403185793,-2041.4703863577160519,-0.0038019827484194,train,false,true,true,2.13.1,10,7,14
h2o-v2-0369,H2O,1.030654281606,1.054199541225,98.126450011251,aimd_trajectory,PySCF FCI,sto-3g,-74.9600288476357122,-75.0226218595937837,-2041.4695406081089004,-0.0029562331412003,train,false,true,true,2.13.1,10,7,14
h2o-v2-0370,H2O,1.085343364630,1.132565334254,93.931566445275,aimd_trajectory,PySCF FCI,sto-3g,-74.9392802385904275,-75.0137318955630690,-2041.2276323631560899,0.2389520118115187,train,false,true,true,2.13.1,10,7,14
h2o-v2-0371,H2O,0.981554071320,1.013435523511,93.161549966098,aimd_trajectory,PySCF FCI,sto-3g,-74.9631067839530658,-75.0201664523606127,-2041.4027255734958999,0.0638588014718101,test,false,true,true,2.13.1,10,7,14
h2o-v2-0372,H2O,1.021885628150,1.059680366180,95.062824529307,aimd_trajectory,PySCF FCI,sto-3g,-74.9593525857028453,-75.0223581740972350,-2041.4623653602147897,0.0042190147528532,test,false,true,true,2.13.1,10,7,14
h2o-v2-0373,H2O,0.983528637929,1.007552710786,96.417200116425,aimd_trajectory,PySCF FCI,sto-3g,-74.9649341080480269,-75.0210134904790493,-2041.4257746549017156,0.0408097200659549,train,false,true,true,2.13.1,10,7,14
h2o-v2-0374,H2O,1.094968344210,1.099422327390,90.573291307384,aimd_trajectory,PySCF FCI,sto-3g,-74.9426529225390397,-75.0157737265933378,-2041.2831934159698903,0.1833909589978313,train,false,true,true,2.13.1,10,7,14
h2o-v2-0375,H2O,1.107183276254,1.111995382115,91.398311042958,aimd_trajectory,PySCF FCI,sto-3g,-74.9386924503947256,-75.0137577048049025,-2041.2283346684043863,0.2382497065632717,train,false,true,true,2.13.1,10,7,14
h2o-v2-0376,H2O,1.088994433683,1.146630179781,92.103294452974,aimd_trajectory,PySCF FCI,sto-3g,-74.9349045103894582,-75.0113686327991189,-2041.1633247072854829,0.3032596676821246,validation,false,true,true,2.13.1,10,7,14
h2o-v2-0377,H2O,0.949982065539,0.956286001020,103.911253814368,aimd_trajectory,PySCF FCI,sto-3g,-74.9624337402374579,-75.0114946915213778,-2041.1667549398666779,0.2998294351010619,train,false,true,true,2.13.1,10,7,14
h2o-v2-0378,H2O,0.953066408450,0.984708568751,88.903495698099,aimd_trajectory,PySCF FCI,sto-3g,-74.9576501946361020,-75.0117683829354007,-2041.1742024626457805,0.2923819123218743,train,false,true,true,2.13.1,10,7,14
h2o-v2-0379,H2O,0.962196254409,0.972572003229,92.580974559570,aimd_trajectory,PySCF FCI,sto-3g,-74.9616306823004948,-75.0146925424624271,-2041.2537728969805357,0.2128114779870733,train,false,true,true,2.13.1,10,7,14
h2o-v2-0380,H2O,1.002545537786,1.037270168864,93.808980475272,aimd_trajectory,PySCF FCI,sto-3g,-74.9619939310012313,-75.0221354179306701,-2041.4563038561277608,0.0102805188399253,train,false,true,true,2.13.1,10,7,14
h2o-v2-0381,H2O,1.109147777900,1.119404904653,93.788107651468,aimd_trajectory,PySCF FCI,sto-3g,-74.9378685473195389,-75.0132121319873022,-2041.2134888757393583,0.2530954992283043,validation,false,true,true,2.13.1,10,7,14
h2o-v2-0382,H2O,1.009366265780,1.021465847185,103.462991913997,aimd_trajectory,PySCF FCI,sto-3g,-74.9636623757391760,-75.0212286931523238,-2041.4316306179653111,0.0349537570023144,train,false,true,true,2.13.1,10,7,14
h2o-v2-0383,H2O,0.946277045308,0.961681549311,90.230068027426,aimd_trajectory,PySCF FCI,sto-3g,-74.9571294488768274,-75.0089687016268272,-2041.0980192531924331,0.3685651217751424,validation,false,true,true,2.13.1,10,7,14
h2o-v2-0384,H2O,0.948082474213,0.973006596442,101.883135446078,aimd_trajectory,PySCF FCI,sto-3g,-74.9634842068427929,-75.0138456712847699,-2041.2307283582647415,0.2358560167028994,train,false,true,true,2.13.1,10,7,14
h2o-v2-0385,H2O,0.972561841268,1.001496916979,93.614915609669,aimd_trajectory,PySCF FCI,sto-3g,-74.9634104484894266,-75.0189122896925795,-2041.3685980687207575,0.0979863062469585,validation,false,true,true,2.13.1,10,7,14
h2o-v2-0386,H2O,1.035146850150,1.042631637104,102.342479477310,aimd_trajectory,PySCF FCI,sto-3g,-74.9604104706652379,-75.0216564421804861,-2041.4432702619869815,0.0233141129806430,test,false,true,true,2.13.1,10,7,14
h2o-v2-0387,H2O,1.056337229965,1.062942208077,101.602473097404,aimd_trajectory,PySCF FCI,sto-3g,-74.9558781350501988,-75.0204863370701673,-2041.4114300798817112,0.0551542950859319,train,false,true,true,2.13.1,10,7,14
h2o-v2-0388,H2O,0.941396414326,0.952226051489,100.554870042104,aimd_trajectory,PySCF FCI,sto-3g,-74.9614793296514819,-75.0103229409021708,-2041.1348699811833285,0.3317143937842804,train,false,true,true,2.13.1,10,7,14
h2o-v2-0389,H2O,0.991376599823,1.020433315549,103.540444978613,aimd_trajectory,PySCF FCI,sto-3g,-74.9641591289473865,-75.0203693947906487,-2041.4082479183452961,0.0583364566223999,train,false,true,true,2.13.1,10,7,14
h2o-v2-0390,H2O,1.048024545325,1.086093657593,99.437492010000,aimd_trajectory,PySCF FCI,sto-3g,-74.9537387535610833,-75.0199830619265242,-2041.3977352655599589,0.0688491094076100,train,false,true,true,2.13.1,10,7,14
h2o-v2-0391,H2O,0.984048639154,0.991263967686,92.888627026886,aimd_trajectory,PySCF FCI,sto-3g,-74.9634394944105793,-75.0191636920247760,-2041.3754390746853460,0.0911453002824187,validation,false,true,true,2.13.1,10,7,14
h2o-v2-0392,H2O,1.060098291392,1.061635901257,95.438721286996,aimd_trajectory,PySCF FCI,sto-3g,-74.9556768440623813,-75.0216927059376815,-2041.4442570490907656,0.0223273258768698,train,true,true,true,2.13.1,10,7,14
h2o-v2-0393,H2O,1.028941970822,1.032180749493,88.710468827971,aimd_trajectory,PySCF FCI,sto-3g,-74.9575211115758151,-75.0204000247314582,-2041.4090814014953139,0.0575029734723411,train,true,true,true,2.13.1,10,7,14
h2o-v2-0394,H2O,1.043416496764,1.085733507290,100.707982755900,aimd_trajectory,PySCF FCI,sto-3g,-74.9540724711485495,-75.0196899007366369,-2041.3897579431898066,0.0768264317779671,train,false,true,true,2.13.1,10,7,14
h2o-v2-0395,H2O,1.081441131284,1.122232338933,96.442696307273,aimd_trajectory,PySCF FCI,sto-3g,-74.9425632163912780,-75.0152204204577799,-2041.2681371890028004,0.1984471859647701,train,false,true,true,2.13.1,10,7,14
h2o-v2-0396,H2O,0.977695308166,0.980286570597,103.167743246413,aimd_trajectory,PySCF FCI,sto-3g,-74.9652925563154753,-75.0178330488128893,-2041.3392304282911027,0.1273539466766696,train,true,true,true,2.13.1,10,7,14
h2o-v2-0397,H2O,0.927147405466,0.970578757358,103.954645805579,aimd_trajectory,PySCF FCI,sto-3g,-74.9602493538251764,-75.0088172072680095,-2041.0938968816806209,0.3726874932870184,train,false,true,true,2.13.1,10,7,14
h2o-v2-0398,H2O,0.979921596476,0.994559992111,94.814689303379,aimd_trajectory,PySCF FCI,sto-3g,-74.9644670845708561,-75.0197224138465515,-2041.3906426699816166,0.0759417049860230,train,true,true,true,2.13.1,10,7,14
h2o-v2-0399,H2O,0.993462344208,0.995819202332,103.995277124532,aimd_trajectory,PySCF FCI,sto-3g,-74.9650909989587433,-75.0196209131725453,-2041.3878806959371559,0.0787036790306327,validation,false,true,true,2.13.1,10,7,14
h2o-v2-0400,H2O,0.986009486213,1.083530890242,105.317393488524,aimd_region_latin_hypercube,PySCF FCI,sto-3g,-74.9553786118758296,-75.0158030639371418,-2041.2839917257635989,0.1825926492041477,train,true,true,true,2.13.1,10,7,14
h2o-v2-0401,H2O,0.942167128056,1.043138893472,102.455578606719,aimd_region_latin_hypercube,PySCF FCI,sto-3g,-74.9594312816154087,-75.0142481806736612,-2041.2416811967134436,0.2249031782541416,train,false,true,true,2.13.1,10,7,14
h2o-v2-0402,H2O,0.928903955793,1.031450893072,90.900939851214,aimd_region_latin_hypercube,PySCF FCI,sto-3g,-74.9547789359523620,-75.0102296988536921,-2041.1323327357879407,0.3342516391798018,validation,true,true,true,2.13.1,10,7,14
h2o-v2-0403,H2O,0.957878036965,0.977414519343,89.340747470182,aimd_region_latin_hypercube,PySCF FCI,sto-3g,-74.9584006355958508,-75.0122344359557758,-2041.1868844113944306,0.2796999635733394,train,false,true,true,2.13.1,10,7,14
h2o-v2-0404,H2O,0.941707880998,1.069963645379,100.705613687822,aimd_region_latin_hypercube,PySCF FCI,sto-3g,-74.9559789592273944,-75.0131494258618261,-2041.2117825551390524,0.2548018198286238,train,false,true,true,2.13.1,10,7,14
h2o-v2-0405,H2O,0.958551586486,1.108089802636,99.666747414632,aimd_region_latin_hypercube,PySCF FCI,sto-3g,-74.9510612971925099,-75.0126577039364832,-2041.1984021199029939,0.2681822550647491,train,false,true,true,2.13.1,10,7,14
h2o-v2-0406,H2O,0.988284749002,1.134744936912,92.143526312647,aimd_region_latin_hypercube,PySCF FCI,sto-3g,-74.9452780106831966,-75.0128381195354592,-2041.2033114784514964,0.2632728965162128,test,false,true,true,2.13.1,10,7,14
h2o-v2-0407,H2O,1.107276885154,1.117758594539,95.459562543947,aimd_region_latin_hypercube,PySCF FCI,sto-3g,-74.9389347402705965,-75.0136054838214790,-2041.2241925244297818,0.2423918505379524,train,false,true,true,2.13.1,10,7,14
h2o-v2-0408,H2O,0.922069925941,1.062272794681,104.055825014054,aimd_region_latin_hypercube,PySCF FCI,sto-3g,-74.9531569631664212,-75.0079125546249799,-2041.0692800291926687,0.3973043457749517,train,true,true,true,2.13.1,10,7,14
h2o-v2-0409,H2O,0.959222669564,1.073514818927,102.422434788039,aimd_region_latin_hypercube,PySCF FCI,sto-3g,-74.9570007298103747,-75.0152815716414949,-2041.2698011974823658,0.1967831774853027,train,false,true,true,2.13.1,10,7,14
h2o-v2-0410,H2O,1.099705944871,1.149048978656,99.382556042030,aimd_region_latin_hypercube,PySCF FCI,sto-3g,-74.9334276370573917,-75.0095152088577635,-2041.1128904725396751,0.3536939024279094,train,false,true,true,2.13.1,10,7,14
h2o-v2-0411,H2O,0.948950860358,1.000677079215,102.481057536812,aimd_region_latin_hypercube,PySCF FCI,sto-3g,-74.9634620029340510,-75.0156397089537990,-2041.2795466102165847,0.1870377647510971,train,false,true,true,2.13.1,10,7,14
h2o-v2-0412,H2O,0.998231354203,1.054424739353,89.403585732074,aimd_region_latin_hypercube,PySCF FCI,sto-3g,-74.9571641268081237,-75.0193382316212194,-2041.3801885390591906,0.0863958359083778,train,false,true,true,2.13.1,10,7,14
h2o-v2-0413,H2O,0.935108924765,1.133670065140,103.952274583705,aimd_region_latin_hypercube,PySCF FCI,sto-3g,-74.9413760028597835,-75.0029154436624026,-2040.9333017126759842,0.5332826622917026,train,false,true,true,2.13.1,10,7,14
h2o-v2-0414,H2O,0.963705711603,1.120262373817,89.645253993297,aimd_region_latin_hypercube,PySCF FCI,sto-3g,-74.9452822889087997,-75.0104555220253388,-2041.1384776973347925,0.3281066776328276,train,false,true,true,2.13.1,10,7,14
h2o-v2-0415,H2O,1.013478793442,1.056934881359,103.169872223941,aimd_region_latin_hypercube,PySCF FCI,sto-3g,-74.9599569556293801,-75.0205588523809865,-2041.4134033220132096,0.0531810529544828,validation,false,true,true,2.13.1,10,7,14
h2o-v2-0416,H2O,1.022555571729,1.039163927888,89.054910030947,aimd_region_latin_hypercube,PySCF FCI,sto-3g,-74.9576835501488290,-75.0205316431833040,-2041.4126629220256746,0.0539214529420650,train,false,true,true,2.13.1,10,7,14
h2o-v2-0417,H2O,1.056863366812,1.159771459493,94.396878759051,aimd_region_latin_hypercube,PySCF FCI,sto-3g,-74.9369993406999129,-75.0115286288015142,-2041.1676784203045827,0.2989059546631336,train,false,true,true,2.13.1,10,7,14
h2o-v2-0418,H2O,1.011887662386,1.150896645524,90.474964971613,aimd_region_latin_hypercube,PySCF FCI,sto-3g,-74.9405459716698488,-75.0116813895058954,-2041.1718352508346470,0.2947491241330077,train,false,true,true,2.13.1,10,7,14
h2o-v2-0419,H2O,0.950680184554,0.992340804434,96.713974754780,aimd_region_latin_hypercube,PySCF FCI,sto-3g,-74.9633323001716576,-75.0161203029240653,-2041.2926242383689441,0.1739601365986868,train,false,true,true,2.13.1,10,7,14
h2o-v2-0420,H2O,0.962142990896,1.137490161481,99.159008380995,aimd_region_latin_hypercube,PySCF FCI,sto-3g,-74.9449452775634768,-75.0094567060914983,-2041.1112985311704051,0.3552858437972100,train,false,true,true,2.13.1,10,7,14
h2o-v2-0421,H2O,0.972950414049,1.147256329800,90.267939598813,aimd_region_latin_hypercube,PySCF FCI,sto-3g,-74.9405660490545387,-75.0086367392590603,-2041.0889860969841720,0.3775982779835800,train,false,true,true,2.13.1,10,7,14
h2o-v2-0422,H2O,0.923520682687,0.976817003860,101.895916910831,aimd_region_latin_hypercube,PySCF FCI,sto-3g,-74.9600994823282036,-75.0092014119030779,-2041.1043516224031009,0.3622327525646737,train,false,true,true,2.13.1,10,7,14
h2o-v2-0423,H2O,0.963118872331,1.012268625430,96.177846865967,aimd_region_latin_hypercube,PySCF FCI,sto-3g,-74.9637048192017375,-75.0188022590613599,-2041.3656039827158111,0.1009803922519653,train,false,true,true,2.13.1,10,7,14
h2o-v2-0424,H2O,1.005853179409,1.025100695971,101.383685670695,aimd_region_latin_hypercube,PySCF FCI,sto-3g,-74.9640984819079250,-75.0220449995137244,-2041.4538434456605955,0.0127409293071850,train,false,true,true,2.13.1,10,7,14
h2o-v2-0425,H2O,1.008731182317,1.105972679322,94.147337394412,aimd_region_latin_hypercube,PySCF FCI,sto-3g,-74.9521365662084804,-75.0181848282328190,-2041.3488028339600078,0.1177815410075730,train,false,true,true,2.13.1,10,7,14
h2o-v2-0426,H2O,1.063708223371,1.139189228611,94.492612796034,aimd_region_latin_hypercube,PySCF FCI,sto-3g,-74.9410320458422774,-75.0141773817078530,-2041.2397546587092165,0.2268297162585648,train,false,true,true,2.13.1,10,7,14
h2o-v2-0427,H2O,1.102564742880,1.114535215544,94.239674548311,aimd_region_latin_hypercube,PySCF FCI,sto-3g,-74.9401743741661619,-75.0144146175441620,-2041.2462101746823464,0.2203742002853715,train,false,true,true,2.13.1,10,7,14
h2o-v2-0428,H2O,0.941116372907,1.010466141743,88.241490754439,aimd_region_latin_hypercube,PySCF FCI,sto-3g,-74.9552004514022769,-75.0105111648000786,-2041.1399918143702052,0.3265925605975846,train,true,true,true,2.13.1,10,7,14
h2o-v2-0429,H2O,0.978143773919,1.097290587040,99.393706497260,aimd_region_latin_hypercube,PySCF FCI,sto-3g,-74.9544672820927360,-75.0165265419210527,-2041.3036785646243061,0.1629058103434788,train,false,true,true,2.13.1,10,7,14
h2o-v2-0430,H2O,0.954446428445,1.059994699476,90.034434056369,aimd_region_latin_hypercube,PySCF FCI,sto-3g,-74.9547885434589034,-75.0142528391544232,-2041.2418079604328796,0.2247764145348064,train,false,true,true,2.13.1,10,7,14
h2o-v2-0431,H2O,0.964350159606,0.969810541581,90.358738089677,aimd_region_latin_hypercube,PySCF FCI,sto-3g,-74.9596501985305821,-75.0131652559405211,-2041.2122133135246713,0.2543710614429500,train,false,true,true,2.13.1,10,7,14
h2o-v2-0432,H2O,1.007801177806,1.123805404396,96.732931962199,aimd_region_latin_hypercube,PySCF FCI,sto-3g,-74.9491888435407105,-75.0161671829765311,-2041.2938999095838426,0.1726844653838083,train,false,true,true,2.13.1,10,7,14
h2o-v2-0433,H2O,1.149522409594,1.152330433768,93.574834449818,aimd_region_latin_hypercube,PySCF FCI,sto-3g,-74.9222410753942540,-75.0043130160602374,-2040.9713315950002652,0.4952527799674888,test,true,true,true,2.13.1,10,7,14
h2o-v2-0434,H2O,1.126532843743,1.135116028332,100.356389041157,aimd_region_latin_hypercube,PySCF FCI,sto-3g,-74.9311415839886195,-75.0081396812600332,-2041.0754604597859725,0.3911239151817645,train,false,true,true,2.13.1,10,7,14
h2o-v2-0435,H2O,0.929637019228,0.991091053004,101.740384153306,aimd_region_latin_hypercube,PySCF FCI,sto-3g,-74.9612100265525072,-75.0116598406999486,-2041.1712488779528485,0.2953354970147642,train,false,true,true,2.13.1,10,7,14
h2o-v2-0436,H2O,0.999355707670,1.156043805203,99.858571332458,aimd_region_latin_hypercube,PySCF FCI,sto-3g,-74.9417616113326943,-75.0104445342230264,-2041.1381787040020299,0.3284056709655465,train,true,true,true,2.13.1,10,7,14
h2o-v2-0437,H2O,0.965400330398,1.079985836460,96.394961874070,aimd_region_latin_hypercube,PySCF FCI,sto-3g,-74.9565243399201506,-75.0168902672361924,-2041.3135760346619918,0.1530083403057710,train,false,true,true,2.13.1,10,7,14
h2o-v2-0438,H2O,1.134047762380,1.143233240174,87.936046065730,aimd_region_latin_hypercube,PySCF FCI,sto-3g,-74.9247913290587633,-75.0059032224707778,-2041.0146033158482624,0.4519810591194274,test,false,true,true,2.13.1,10,7,14
h2o-v2-0439,H2O,0.948521396425,0.980192521077,93.640730797859,aimd_region_latin_hypercube,PySCF FCI,sto-3g,-74.9613797336379832,-75.0138403081948297,-2041.2305824211530307,0.2360019538147327,train,false,true,true,2.13.1,10,7,14
h2o-v2-0440,H2O,1.087264285840,1.113353367755,87.424852945712,aimd_region_latin_hypercube,PySCF FCI,sto-3g,-74.9389583423776315,-75.0134108979956977,-2041.2188975743663377,0.2476868006012804,validation,true,true,true,2.13.1,10,7,14
h2o-v2-0441,H2O,0.948344603838,1.107461762469,91.306691329067,aimd_region_latin_hypercube,PySCF FCI,sto-3g,-74.9474454960151348,-75.0100953775511243,-2041.1286776669426217,0.3379067080250369,train,true,true,true,2.13.1,10,7,14
h2o-v2-0442,H2O,1.078594919056,1.116269403888,103.267862202273,aimd_region_latin_hypercube,PySCF FCI,sto-3g,-74.9429134305186864,-75.0135383679319432,-2041.2223662080364193,0.2442181669313537,test,false,true,true,2.13.1,10,7,14
h2o-v2-0443,H2O,1.058485766012,1.118154477827,104.236047388035,aimd_region_latin_hypercube,PySCF FCI,sto-3g,-74.9448547040674100,-75.0138437180309268,-2041.2306752075201075,0.2359091674476608,validation,false,true,true,2.13.1,10,7,14
h2o-v2-0444,H2O,1.112022796765,1.118794870564,87.981417751844,aimd_region_latin_hypercube,PySCF FCI,sto-3g,-74.9342034826064918,-75.0111212990267546,-2041.1565944124740781,0.3099899624936068,train,false,true,true,2.13.1,10,7,14
h2o-v2-0445,H2O,0.963920515857,1.118595969153,98.300124118250,aimd_region_latin_hypercube,PySCF FCI,sto-3g,-74.9493464062870345,-75.0124720913066625,-2041.1933513429407867,0.2732330320269352,train,true,true,true,2.13.1,10,7,14
h2o-v2-0446,H2O,0.942186227083,1.096728722476,97.947247872465,aimd_region_latin_hypercube,PySCF FCI,sto-3g,-74.9513811434651700,-75.0112846114454612,-2041.1610383697782254,0.3055460051894152,train,false,true,true,2.13.1,10,7,14
h2o-v2-0447,H2O,0.958269519177,1.007891163123,98.571188367987,aimd_region_latin_hypercube,PySCF FCI,sto-3g,-74.9641322096855731,-75.0181259221035930,-2041.3471999165253692,0.1193844584421975,test,false,true,true,2.13.1,10,7,14
h2o-v2-0448,H2O,1.031730835095,1.032791278411,105.787321603601,aimd_region_latin_hypercube,PySCF FCI,sto-3g,-74.9601452378372812,-75.0198134363210727,-2041.3931195176928668,0.0734648572747611,train,true,true,true,2.13.1,10,7,14
h2o-v2-0449,H2O,0.937763322456,1.081525935562,87.779442643980,aimd_region_latin_hypercube,PySCF FCI,sto-3g,-74.9471981056333050,-75.0078494660729973,-2041.0675633022369766,0.3990210727306492,train,false,true,true,2.13.1,10,7,14
h2o-v2-0450,H2O,0.950874581280,1.044520267686,90.117363660344,aimd_region_latin_hypercube,PySCF FCI,sto-3g,-74.9562053335877465,-75.0142191969257794,-2041.2408925087549960,0.2256918662126079,test,false,true,true,2.13.1,10,7,14
h2o-v2-0451,H2O,1.082045615412,1.089957919463,91.928229012403,aimd_region_latin_hypercube,PySCF FCI,sto-3g,-74.9471029817135985,-75.0180127310424467,-2041.3441198308410094,0.1224645441266418,validation,false,true,true,2.13.1,10,7,14
h2o-v2-0452,H2O,0.932210885841,1.115514292483,104.089595777285,aimd_region_latin_hypercube,PySCF FCI,sto-3g,-74.9450009822414813,-75.0047407947911466,-2040.9829720472748704,0.4836123276928982,test,false,true,true,2.13.1,10,7,14
h2o-v2-0453,H2O,0.943434171902,1.102053288289,101.592225809028,aimd_region_latin_hypercube,PySCF FCI,sto-3g,-74.9503148580158154,-75.0100550358837808,-2041.1275799142506457,0.3390044607169299,validation,false,true,true,2.13.1,10,7,14
h2o-v2-0454,H2O,0.922826750688,0.953196647286,99.346288031745,aimd_region_latin_hypercube,PySCF FCI,sto-3g,-74.9585515697685878,-75.0065462199980431,-2041.0321001699178396,0.4344842050497970,train,false,true,true,2.13.1,10,7,14
h2o-v2-0455,H2O,1.022307521559,1.066427610367,87.758174909373,aimd_region_latin_hypercube,PySCF FCI,sto-3g,-74.9535047063582311,-75.0187888482391827,-2041.3652390556535465,0.1013453193141055,train,false,true,true,2.13.1,10,7,14
h2o-v2-0456,H2O,0.981573800212,1.047514896097,103.882783041356,aimd_region_latin_hypercube,PySCF FCI,sto-3g,-74.9613538275308287,-75.0188519604137554,-2041.3669564254125817,0.0996279495549845,validation,false,true,true,2.13.1,10,7,14
h2o-v2-0457,H2O,0.998571791918,1.140440014422,105.116091780093,aimd_region_latin_hypercube,PySCF FCI,sto-3g,-74.9435988882788138,-75.0098852035658581,-2041.1229585414507710,0.3436258335169751,validation,false,true,true,2.13.1,10,7,14
h2o-v2-0458,H2O,0.990892403566,1.035268289238,92.495020964524,aimd_region_latin_hypercube,PySCF FCI,sto-3g,-74.9614525514339221,-75.0209147597460202,-2041.4230880547909237,0.0434963201767601,validation,false,true,true,2.13.1,10,7,14
h2o-v2-0459,H2O,1.064605854879,1.095630055681,92.114904774938,aimd_region_latin_hypercube,PySCF FCI,sto-3g,-74.9486849371435824,-75.0186028707434360,-2041.3601783501837872,0.1064060247839298,train,false,true,true,2.13.1,10,7,14
h2o-v2-0460,H2O,1.020216783900,1.042728453922,92.940198449715,aimd_region_latin_hypercube,PySCF FCI,sto-3g,-74.9603979858922003,-75.0224312989943911,-2041.4643551900355760,0.0022291849321387,train,false,true,true,2.13.1,10,7,14
h2o-v2-0461,H2O,0.945686180821,0.972565437290,98.696341099374,aimd_region_latin_hypercube,PySCF FCI,sto-3g,-74.9630302352897075,-75.0137893996963641,-2041.2291971303379796,0.2373872446296854,train,false,true,true,2.13.1,10,7,14
h2o-v2-0462,H2O,0.950198983655,1.101734424441,90.742918361334,aimd_region_latin_hypercube,PySCF FCI,sto-3g,-74.9483475555698817,-75.0107655094978583,-2041.1469128861810987,0.3196714887866840,validation,false,true,true,2.13.1,10,7,14
h2o-v2-0463,H2O,1.094135673903,1.148388744572,94.737118988838,aimd_region_latin_hypercube,PySCF FCI,sto-3g,-74.9345123814052840,-75.0109890567558324,-2041.1529959169620270,0.3135884580057183,train,false,true,true,2.13.1,10,7,14
h2o-v2-0464,H2O,0.922292664767,1.048557300401,101.747092495226,aimd_region_latin_hypercube,PySCF FCI,sto-3g,-74.9556951057466989,-75.0098096188878714,-2041.1209017775836401,0.3456825973839509,validation,true,true,true,2.13.1,10,7,14
h2o-v2-0465,H2O,1.103123959120,1.115643036366,90.181782277127,aimd_region_latin_hypercube,PySCF FCI,sto-3g,-74.9380237393905873,-75.0133477445043297,-2041.2171790803199656,0.2494052946476773,train,false,true,true,2.13.1,10,7,14
h2o-v2-0466,H2O,1.110007970326,1.121497051689,99.040288794172,aimd_region_latin_hypercube,PySCF FCI,sto-3g,-74.9376718232331882,-75.0121966723902318,-2041.1858568124262092,0.2807275625413820,train,false,true,true,2.13.1,10,7,14
h2o-v2-0467,H2O,0.994213012830,1.015008341365,99.525801626078,aimd_region_latin_hypercube,PySCF FCI,sto-3g,-74.9651644500365109,-75.0218998422960937,-2041.4498935165452167,0.0166908584225284,train,false,true,true,2.13.1,10,7,14
h2o-v2-0468,H2O,0.943939382298,1.010744462080,105.404056170560,aimd_region_latin_hypercube,PySCF FCI,sto-3g,-74.9615365068233501,-75.0136162963534900,-2041.2244867484146198,0.2420976265531019,train,true,true,true,2.13.1,10,7,14
h2o-v2-0469,H2O,0.947394969108,1.098508827727,99.015446516276,aimd_region_latin_hypercube,PySCF FCI,sto-3g,-74.9517887318662872,-75.0119676652014817,-2041.1796252093602106,0.2869591656075681,train,false,true,true,2.13.1,10,7,14
h2o-v2-0470,H2O,1.066394705224,1.071187156864,92.062214501522,aimd_region_latin_hypercube,PySCF FCI,sto-3g,-74.9522344171120949,-75.0202797338846779,-2041.4058081208017938,0.0607762541659377,train,false,true,true,2.13.1,10,7,14
h2o-v2-0471,H2O,0.957693730447,0.973345086258,91.017251183872,aimd_region_latin_hypercube,PySCF FCI,sto-3g,-74.9599323078574287,-75.0130984434954371,-2041.2103952542754541,0.2561891206921695,train,false,true,true,2.13.1,10,7,14
h2o-v2-0472,H2O,1.034916673685,1.077612014282,105.819527466839,aimd_region_latin_hypercube,PySCF FCI,sto-3g,-74.9540786790154385,-75.0175079944421981,-2041.3303852482592902,0.1361991267084942,train,false,true,true,2.13.1,10,7,14
h2o-v2-0473,H2O,1.067901086783,1.069244858684,97.612784437822,aimd_region_latin_hypercube,PySCF FCI,sto-3g,-74.9539515386257165,-75.0207511494546253,-2041.4186359919578990,0.0479483830097250,train,false,true,true,2.13.1,10,7,14
h2o-v2-0474,H2O,0.951345948231,1.112428165543,98.730478856744,aimd_region_latin_hypercube,PySCF FCI,sto-3g,-74.9494555428638165,-75.0111277259497342,-2041.1567692979576805,0.3098150770100361,train,false,true,true,2.13.1,10,7,14
h2o-v2-0475,H2O,1.076441200956,1.113638803260,90.678558921315,aimd_region_latin_hypercube,PySCF FCI,sto-3g,-74.9429889995071505,-75.0157639824286093,-2041.2829282637396773,0.1836561112279012,train,false,true,true,2.13.1,10,7,14
h2o-v2-0476,H2O,1.043538152153,1.079191370110,98.651091081763,aimd_region_latin_hypercube,PySCF FCI,sto-3g,-74.9553859270554028,-75.0208626308961044,-2041.4216695565212376,0.0449148184463777,test,false,true,true,2.13.1,10,7,14
h2o-v2-0477,H2O,0.979619176088,1.055263625598,94.968026199804,aimd_region_latin_hypercube,PySCF FCI,sto-3g,-74.9603987390150905,-75.0200650069479025,-2041.3999651031876965,0.0666192717799504,train,false,true,true,2.13.1,10,7,14
h2o-v2-0478,H2O,0.956803012273,1.011020425791,91.694441311934,aimd_region_latin_hypercube,PySCF FCI,sto-3g,-74.9605891890256260,-75.0161502397323829,-2041.2934388604230662,0.1731455145445833,train,false,true,true,2.13.1,10,7,14
h2o-v2-0479,H2O,0.968858017619,0.982432233276,99.704993793634,aimd_region_latin_hypercube,PySCF FCI,sto-3g,-74.9653309804368888,-75.0180463365624917,-2041.3450342836270011,0.1215500913407015,train,false,true,true,2.13.1,10,7,14
h2o-v2-0480,H2O,0.969368554825,1.153118815241,89.521891151359,aimd_region_latin_hypercube,PySCF FCI,sto-3g,-74.9383760593282915,-75.0069225036652654,-2041.0423393701246368,0.4242450048429539,train,false,true,true,2.13.1,10,7,14
h2o-v2-0481,H2O,1.010683165297,1.060839685622,91.620368992027,aimd_region_latin_hypercube,PySCF FCI,sto-3g,-74.9579675534233445,-75.0210158585533975,-2041.4258390934874114,0.0407452814802077,train,false,true,true,2.13.1,10,7,14
h2o-v2-0482,H2O,0.920801321253,1.135498218454,91.537743076707,aimd_region_latin_hypercube,PySCF FCI,sto-3g,-74.9369383621184113,-75.0002208441397045,-2040.8599779242856584,0.6066064506820962,validation,true,true,true,2.13.1,10,7,14
h2o-v2-0483,H2O,0.976906880561,1.008234034406,95.181726809266,aimd_region_latin_hypercube,PySCF FCI,sto-3g,-74.9642427136791127,-75.0201779469000201,-2041.4030383558474568,0.0635460191202754,train,false,true,true,2.13.1,10,7,14
h2o-v2-0484,H2O,1.122030407888,1.139157538504,101.979256961265,aimd_region_latin_hypercube,PySCF FCI,sto-3g,-74.9306279443173224,-75.0073146113044658,-2041.0530091625450950,0.4135752124226696,train,false,true,true,2.13.1,10,7,14
h2o-v2-0485,H2O,1.073886303184,1.120763211723,104.789292420921,aimd_region_latin_hypercube,PySCF FCI,sto-3g,-74.9418776683425136,-75.0122706750588293,-2041.1878705276246819,0.2787138473429423,train,false,true,true,2.13.1,10,7,14
h2o-v2-0486,H2O,1.024649720875,1.068617217498,96.772822546005,aimd_region_latin_hypercube,PySCF FCI,sto-3g,-74.9584046498288785,-75.0219656103016348,-2041.4516831551466112,0.0149012198211200,train,false,true,true,2.13.1,10,7,14
h2o-v2-0487,H2O,0.969936140110,0.976539948106,97.498027201680,aimd_region_latin_hypercube,PySCF FCI,sto-3g,-74.9648705880150317,-75.0176843269880749,-2041.3351835012726951,0.1314008736949025,train,false,true,true,2.13.1,10,7,14
h2o-v2-0488,H2O,0.955121447978,1.047368366818,97.087927500288,aimd_region_latin_hypercube,PySCF FCI,sto-3g,-74.9603894720000028,-75.0173682944281950,-2041.3265838172196709,0.1400005577481024,train,false,true,true,2.13.1,10,7,14
h2o-v2-0489,H2O,0.938530579498,1.095209532729,99.312239956680,aimd_region_latin_hypercube,PySCF FCI,sto-3g,-74.9512124860202107,-75.0104888146088058,-2041.1393836346826447,0.3272007402849814,train,false,true,true,2.13.1,10,7,14
h2o-v2-0490,H2O,1.001867147463,1.150564340623,88.652986395474,aimd_region_latin_hypercube,PySCF FCI,sto-3g,-74.9394055964139341,-75.0102221166976477,-2041.1321264148111823,0.3344579601565020,train,false,true,true,2.13.1,10,7,14
h2o-v2-0491,H2O,0.932811735604,1.090337782784,101.130120392103,aimd_region_latin_hypercube,PySCF FCI,sto-3g,-74.9510848089201716,-75.0092572246621785,-2041.1058703649482595,0.3607140100193328,train,false,true,true,2.13.1,10,7,14
h2o-v2-0492,H2O,1.022714681098,1.105278767601,97.698542075168,aimd_region_latin_hypercube,PySCF FCI,sto-3g,-74.9524289135973731,-75.0186994802017750,-2041.3628072274696024,0.1037771474980515,train,false,true,true,2.13.1,10,7,14
h2o-v2-0493,H2O,1.062621375703,1.139320365804,98.264491388364,aimd_region_latin_hypercube,PySCF FCI,sto-3g,-74.9415074923083750,-75.0137953045967834,-2041.2293578108640304,0.2372265641036319,train,false,true,true,2.13.1,10,7,14
h2o-v2-0494,H2O,0.931774294287,1.039908673396,100.542723583423,aimd_region_latin_hypercube,PySCF FCI,sto-3g,-74.9585276341691440,-75.0127930848962166,-2041.2020860234886186,0.2644983514790935,train,false,true,true,2.13.1,10,7,14
h2o-v2-0495,H2O,0.945393309110,1.009971812489,99.310702356570,aimd_region_latin_hypercube,PySCF FCI,sto-3g,-74.9628222392040868,-75.0159967938798218,-2041.2892633860612932,0.1773209889064701,train,false,true,true,2.13.1,10,7,14
h2o-v2-0496,H2O,1.020964120924,1.134536670502,105.937801364214,aimd_region_latin_hypercube,PySCF FCI,sto-3g,-74.9436986066880024,-75.0109751565734371,-2041.1526176737299920,0.3139667012377674,train,true,true,true,2.13.1,10,7,14
h2o-v2-0497,H2O,0.975954827477,1.030074530400,90.830917190852,aimd_region_latin_hypercube,PySCF FCI,sto-3g,-74.9601823746707510,-75.0186088292136617,-2041.3603404884183874,0.1062438865491840,train,true,true,true,2.13.1,10,7,14
h2o-v2-0498,H2O,0.948675999405,1.089443431776,103.201351325278,aimd_region_latin_hypercube,PySCF FCI,sto-3g,-74.9529475164044925,-75.0116961638064907,-2041.1722372800347785,0.2943470949329925,validation,false,true,true,2.13.1,10,7,14
h2o-v2-0499,H2O,1.001573233965,1.129852383154,102.190417070863,aimd_region_latin_hypercube,PySCF FCI,sto-3g,-74.9473816868175646,-75.0134067520889118,-2041.2187847584955307,0.2477996164721708,train,false,true,true,2.13.1,10,7,14
h2o-v2-0500,H2O,0.977720762236,0.981606594891,89.868265679094,aimd_region_latin_hypercube,PySCF FCI,sto-3g,-74.9604792064874204,-75.0157941825696497,-2041.2837500514422118,0.1828343235253680,train,false,true,true,2.13.1,10,7,14
h2o-v2-0501,H2O,1.056309814022,1.084428925070,104.726242228820,aimd_region_latin_hypercube,PySCF FCI,sto-3g,-74.9512811027414330,-75.0171147613387745,-2041.3196848303971365,0.1468995445704607,train,false,true,true,2.13.1,10,7,14
h2o-v2-0502,H2O,0.961652588084,1.150397508079,95.131797416788,aimd_region_latin_hypercube,PySCF FCI,sto-3g,-74.9413778436135090,-75.0078528842902017,-2041.0676563166657616,0.3989280583020277,validation,false,true,true,2.13.1,10,7,14
h2o-v2-0503,H2O,0.937024865241,0.977212848830,90.068913126024,aimd_region_latin_hypercube,PySCF FCI,sto-3g,-74.9565853072869572,-75.0089050694111279,-2041.0962877323934208,0.3702966425742233,train,false,true,true,2.13.1,10,7,14
h2o-v2-0504,H2O,1.019405589648,1.029185265122,105.178826756109,aimd_region_latin_hypercube,PySCF FCI,sto-3g,-74.9617540594893228,-75.0203344213599905,-2041.4072962428153915,0.0592881321523866,train,false,true,true,2.13.1,10,7,14
h2o-v2-0505,H2O,0.987249309741,1.102209743768,96.484988657643,aimd_region_latin_hypercube,PySCF FCI,sto-3g,-74.9536005136682633,-75.0172887700963145,-2041.3244198499087361,0.1421645250588574,train,false,true,true,2.13.1,10,7,14
h2o-v2-0506,H2O,0.949622938918,1.143595666949,99.454282797771,aimd_region_latin_hypercube,PySCF FCI,sto-3g,-74.9421881714758626,-75.0063615739471459,-2041.0270756949080351,0.4395086800595567,test,false,true,true,2.13.1,10,7,14
h2o-v2-0507,H2O,0.994820450085,1.113126294864,103.633206239299,aimd_region_latin_hypercube,PySCF FCI,sto-3g,-74.9505313908810535,-75.0143505935919706,-2041.2444679941902450,0.2221163807774465,train,false,true,true,2.13.1,10,7,14
h2o-v2-0508,H2O,0.962719712888,1.069643160482,103.493918207474,aimd_region_latin_hypercube,PySCF FCI,sto-3g,-74.9575494928225936,-75.0155685292353240,-2041.2776097114042386,0.1889746635633989,train,false,true,true,2.13.1,10,7,14
h2o-v2-0509,H2O,1.033836110052,1.119673796740,94.892406611137,aimd_region_latin_hypercube,PySCF FCI,sto-3g,-74.9483612417389224,-75.0173134575532288,-2041.3250916298343327,0.1414927451333310,train,false,true,true,2.13.1,10,7,14
h2o-v2-0510,H2O,1.038978860224,1.129205660246,98.490861074605,aimd_region_latin_hypercube,PySCF FCI,sto-3g,-74.9462913987889010,-75.0157437103542861,-2041.2823766324954704,0.1842077424723172,train,true,true,true,2.13.1,10,7,14
h2o-v2-0511,H2O,0.983684694483,1.042280122539,96.251603275356,aimd_region_latin_hypercube,PySCF FCI,sto-3g,-74.9624314964256797,-75.0211077520709892,-2041.4283396434882434,0.0382447314795159,test,false,true,true,2.13.1,10,7,14
h2o-v2-0512,H2O,0.959886592303,1.023563138271,93.243772899692,aimd_region_latin_hypercube,PySCF FCI,sto-3g,-74.9613364461761762,-75.0176620787195105,-2041.3345780950435255,0.1320062799241112,train,false,true,true,2.13.1,10,7,14
h2o-v2-0513,H2O,0.973780674841,1.123328282257,88.019638684888,aimd_region_latin_hypercube,PySCF FCI,sto-3g,-74.9439486766455616,-75.0104785602088526,-2041.1391045982447849,0.3274797767228279,test,false,true,true,2.13.1,10,7,14
h2o-v2-0514,H2O,0.983195265001,1.074454417419,88.436259742045,aimd_region_latin_hypercube,PySCF FCI,sto-3g,-74.9534001329427326,-75.0163467487147528,-2041.2987861422432161,0.1677982327245102,train,true,true,true,2.13.1,10,7,14
h2o-v2-0515,H2O,0.923330303121,0.930555379354,87.282000820528,aimd_region_latin_hypercube,PySCF FCI,sto-3g,-74.9455968089355622,-74.9947024935476350,-2040.7098159548841068,0.7567684200836762,train,false,true,true,2.13.1,10,7,14
h2o-v2-0516,H2O,1.053410757411,1.149948984239,87.049921402162,aimd_region_latin_hypercube,PySCF FCI,sto-3g,-74.9353412671032828,-75.0104222292605272,-2041.1375717550522495,0.3290126199153150,validation,false,true,true,2.13.1,10,7,14
h2o-v2-0517,H2O,1.049482140251,1.075463231517,94.922945692848,aimd_region_latin_hypercube,PySCF FCI,sto-3g,-74.9548485226840882,-75.0212542386620669,-2041.4323257466978703,0.0342586282698443,train,false,true,true,2.13.1,10,7,14
h2o-v2-0518,H2O,1.081701462589,1.086428108888,88.103380938945,aimd_region_latin_hypercube,PySCF FCI,sto-3g,-74.9450171453817546,-75.0165294819600348,-2041.3037585671604575,0.1628258078071601,train,true,true,true,2.13.1,10,7,14
h2o-v2-0519,H2O,1.018751588377,1.019794468924,101.451170869063,aimd_region_latin_hypercube,PySCF FCI,sto-3g,-74.9638334146796979,-75.0223089138722798,-2041.4610249212068993,0.0055594537606708,validation,false,true,true,2.13.1,10,7,14
h2o-v2-0520,H2O,1.044823637284,1.097066814615,100.936394711910,aimd_region_latin_hypercube,PySCF FCI,sto-3g,-74.9518741327972577,-75.0185120449870197,-2041.3577068554448033,0.1088775195228572,train,false,true,true,2.13.1,10,7,14
h2o-v2-0521,H2O,0.944255406436,0.974338212409,91.816495840874,aimd_region_latin_hypercube,PySCF FCI,sto-3g,-74.9592163306692498,-75.0114090817569803,-2041.1644253795011537,0.3021589954665111,train,false,true,true,2.13.1,10,7,14
h2o-v2-0522,H2O,0.991983752033,1.034595454963,87.646533988507,aimd_region_latin_hypercube,PySCF FCI,sto-3g,-74.9571853158443702,-75.0178225576488842,-2041.3389449491751293,0.1276394257925821,train,false,true,true,2.13.1,10,7,14
h2o-v2-0523,H2O,0.926935922513,1.052563520802,92.682906944117,aimd_region_latin_hypercube,PySCF FCI,sto-3g,-74.9537093634130684,-75.0102290598986485,-2041.1323153489354354,0.3342690260322855,train,false,true,true,2.13.1,10,7,14
h2o-v2-0524,H2O,0.927162394844,0.940535981235,97.677580142547,aimd_region_latin_hypercube,PySCF FCI,sto-3g,-74.9574831646434205,-75.0052588136917535,-2040.9970680596618422,0.4695163153057624,train,true,true,true,2.13.1,10,7,14
h2o-v2-0525,H2O,0.950060677405,0.969692059096,101.671105580376,aimd_region_latin_hypercube,PySCF FCI,sto-3g,-74.9635777924546289,-75.0138839735664931,-2041.2317706164467381,0.2348137585208270,train,false,true,true,2.13.1,10,7,14
h2o-v2-0526,H2O,1.031935715746,1.043141894171,94.411517636831,aimd_region_latin_hypercube,PySCF FCI,sto-3g,-74.9603022348915289,-75.0229130993607782,-2041.4774656458987465,-0.0108812709310798,train,false,true,true,2.13.1,10,7,14
h2o-v2-0527,H2O,0.963256693411,0.996822236851,89.674030091723,aimd_region_latin_hypercube,PySCF FCI,sto-3g,-74.9595980340279908,-75.0150415133443715,-2041.2632688784378843,0.2033154965298808,train,false,true,true,2.13.1,10,7,14
h2o-v2-0528,H2O,1.004807243498,1.015290636549,97.790848872613,aimd_region_latin_hypercube,PySCF FCI,sto-3g,-74.9648119040144820,-75.0226510048986484,-2041.4703336922568724,-0.0037493172891291,train,false,true,true,2.13.1,10,7,14
h2o-v2-0529,H2O,1.057519770028,1.123003100422,104.423142132906,aimd_region_latin_hypercube,PySCF FCI,sto-3g,-74.9438398674550683,-75.0131540018286529,-2041.2119070735398054,0.2546773014278511,train,false,true,true,2.13.1,10,7,14
h2o-v2-0530,H2O,0.940388244109,1.068704881214,92.072721902808,aimd_region_latin_hypercube,PySCF FCI,sto-3g,-74.9534410970476443,-75.0122078362520455,-2041.1861605965821127,0.2804237783855738,train,false,true,true,2.13.1,10,7,14
h2o-v2-0531,H2O,0.964496814746,1.121844322851,89.115164383104,aimd_region_latin_hypercube,PySCF FCI,sto-3g,-74.9445724922121883,-75.0100672968151230,-2041.1279135511892946,0.3386708237784414,train,false,true,true,2.13.1,10,7,14
h2o-v2-0532,H2O,1.016070036294,1.061553275986,87.231823843255,aimd_region_latin_hypercube,PySCF FCI,sto-3g,-74.9538085799305520,-75.0183727397452316,-2041.3539161667044937,0.1126682082632460,train,false,true,true,2.13.1,10,7,14
h2o-v2-0533,H2O,1.119729062451,1.156348884708,102.891666469827,aimd_region_latin_hypercube,PySCF FCI,sto-3g,-74.9266668246599039,-75.0046200496916668,-2040.9796864057354924,0.4868979692321530,train,false,true,true,2.13.1,10,7,14
h2o-v2-0534,H2O,0.930983574095,1.120837148383,92.863987513971,aimd_region_latin_hypercube,PySCF FCI,sto-3g,-74.9430191847318952,-75.0053441892586932,-2040.9993912471898057,0.4671931277777971,train,false,true,true,2.13.1,10,7,14
h2o-v2-0535,H2O,0.934750207777,1.071805062275,91.652219218827,aimd_region_latin_hypercube,PySCF FCI,sto-3g,-74.9517882690218613,-75.0105391212012051,-2041.1407525467991491,0.3258318281684832,train,false,true,true,2.13.1,10,7,14
h2o-v2-0536,H2O,1.094619175923,1.120539785983,104.181201667257,aimd_region_latin_hypercube,PySCF FCI,sto-3g,-74.9388941875618286,-75.0111116946814462,-2041.1563330649241834,0.3102513100434333,train,true,true,true,2.13.1,10,7,14
h2o-v2-0537,H2O,1.071489751919,1.154017842225,100.494852843821,aimd_region_latin_hypercube,PySCF FCI,sto-3g,-74.9364980446314064,-75.0104617348539193,-2041.1386467570130208,0.3279376179546439,train,false,true,true,2.13.1,10,7,14
h2o-v2-0538,H2O,0.941986853942,1.102459804375,99.090320960714,aimd_region_latin_hypercube,PySCF FCI,sto-3g,-74.9503050058703764,-75.0104515266736342,-2041.1383689782765032,0.3282153966912498,train,false,true,true,2.13.1,10,7,14
h2o-v2-0539,H2O,1.078207575941,1.143816857934,104.321919294945,aimd_region_latin_hypercube,PySCF FCI,sto-3g,-74.9363425380615240,-75.0092743114254290,-2041.1063353194629144,0.3602490555048293,train,false,true,true,2.13.1,10,7,14
h2o-v2-0540,H2O,0.932546393889,1.026473971043,101.935611050676,aimd_region_latin_hypercube,PySCF FCI,sto-3g,-74.9598426773498687,-75.0129174397539060,-2041.2054698915526387,0.2611144834149405,test,true,true,true,2.13.1,10,7,14
h2o-v2-0541,H2O,0.978822053954,1.054340122481,101.798519224985,aimd_region_latin_hypercube,PySCF FCI,sto-3g,-74.9610658539668577,-75.0192618741638313,-2041.3781107467934817,0.0884736281741270,train,false,true,true,2.13.1,10,7,14
h2o-v2-0542,H2O,0.998161395942,1.108734662559,99.961657211918,aimd_region_latin_hypercube,PySCF FCI,sto-3g,-74.9524765449986887,-75.0168053273442865,-2041.3112647024556736,0.1553196725121131,train,false,true,true,2.13.1,10,7,14
h2o-v2-0543,H2O,0.933243044826,1.010498736022,98.798198160513,aimd_region_latin_hypercube,PySCF FCI,sto-3g,-74.9610471417152269,-75.0135956362463787,-2041.2239245582600233,0.2426598167075917,train,false,true,true,2.13.1,10,7,14
h2o-v2-0544,H2O,1.025828498216,1.104270848584,90.906334711370,aimd_region_latin_hypercube,PySCF FCI,sto-3g,-74.9500450065199004,-75.0179614660280976,-2041.3427248387347390,0.1238595362330028,train,true,true,true,2.13.1,10,7,14
h2o-v2-0545,H2O,1.003461717824,1.047918506183,94.783194586167,aimd_region_latin_hypercube,PySCF FCI,sto-3g,-74.9613585510723652,-75.0221650509197957,-2041.4571102108404830,0.0094741641272050,train,true,true,true,2.13.1,10,7,14
h2o-v2-0546,H2O,0.996583796986,1.057444456601,101.254475845919,aimd_region_latin_hypercube,PySCF FCI,sto-3g,-74.9609403243341177,-75.0207079729503761,-2041.4174610994241448,0.0491232755436024,train,false,true,true,2.13.1,10,7,14
h2o-v2-0547,H2O,0.970304964839,1.105465553331,93.620372708221,aimd_region_latin_hypercube,PySCF FCI,sto-3g,-74.9513180229501046,-75.0147322642371961,-2041.2548537815362124,0.2117305934314589,train,false,true,true,2.13.1,10,7,14
h2o-v2-0548,H2O,1.077983677450,1.159468364475,92.460286584268,aimd_region_latin_hypercube,PySCF FCI,sto-3g,-74.9337175169465866,-75.0103784926182158,-2041.1363816203852366,0.3302027545823528,train,true,true,true,2.13.1,10,7,14
h2o-v2-0549,H2O,0.944751802115,1.120337056091,101.567818083915,aimd_region_latin_hypercube,PySCF FCI,sto-3g,-74.9466366417398717,-75.0080319091984649,-2041.0725278325919589,0.3940565423756263,train,false,true,true,2.13.1,10,7,14
h2o-v2-0550,H2O,1.001915568455,1.032146040940,104.960054248687,aimd_region_latin_hypercube,PySCF FCI,sto-3g,-74.9624314615078191,-75.0200073911704806,-2041.3983972980145154,0.0681870769532410,train,false,true,true,2.13.1,10,7,14
h2o-v2-0551,H2O,1.014419169753,1.092544204107,100.427192362661,aimd_region_latin_hypercube,PySCF FCI,sto-3g,-74.9550655051710777,-75.0191126981731173,-2041.3740514612916286,0.0925329136760724,train,true,true,true,2.13.1,10,7,14
h2o-v2-0552,H2O,1.073150241276,1.089733562799,105.063390164502,aimd_region_latin_hypercube,PySCF FCI,sto-3g,-74.9478474936670835,-75.0154370228247984,-2041.2740312396736044,0.1925531352940349,train,false,true,true,2.13.1,10,7,14
h2o-v2-0553,H2O,0.983143157947,1.130323530253,95.818138334366,aimd_region_latin_hypercube,PySCF FCI,sto-3g,-74.9475316182609959,-75.0135175135805525,-2041.2217987322258068,0.2447856427419543,train,false,true,true,2.13.1,10,7,14
h2o-v2-0554,H2O,0.994895446114,1.132816731720,94.640468711526,aimd_region_latin_hypercube,PySCF FCI,sto-3g,-74.9468833595755797,-75.0141767408177174,-2041.2397372192001512,0.2268471557675866,validation,false,true,true,2.13.1,10,7,14
h2o-v2-0555,H2O,0.958835616514,1.086779598228,103.899248401708,aimd_region_latin_hypercube,PySCF FCI,sto-3g,-74.9541819415883026,-75.0132595942176579,-2041.2147803888217368,0.2518039861459999,train,false,true,true,2.13.1,10,7,14
h2o-v2-0556,H2O,0.949503152434,1.012699443229,103.318515898822,aimd_region_latin_hypercube,PySCF FCI,sto-3g,-74.9627701379766478,-75.0156822158995595,-2041.2807032831358356,0.1858810918318687,train,false,true,true,2.13.1,10,7,14
h2o-v2-0557,H2O,1.022754635815,1.079478945775,97.284693985430,aimd_region_latin_hypercube,PySCF FCI,sto-3g,-74.9569516822325994,-75.0211467210929470,-2041.4294000445963775,0.0371843303713946,train,false,true,true,2.13.1,10,7,14
h2o-v2-0558,H2O,1.015451491886,1.026599060570,100.269639702131,aimd_region_latin_hypercube,PySCF FCI,sto-3g,-74.9637173592671786,-75.0226703314732504,-2041.4708595951431107,-0.0042752201754366,train,false,true,true,2.13.1,10,7,14
h2o-v2-0559,H2O,0.923087710950,0.972473110274,89.947754519319,aimd_region_latin_hypercube,PySCF FCI,sto-3g,-74.9537531651610891,-75.0049222321322304,-2040.9879092088424386,0.4786751661252224,train,false,true,true,2.13.1,10,7,14
h2o-v2-0560,H2O,1.038246166626,1.138059648658,97.218513874213,aimd_region_latin_hypercube,PySCF FCI,sto-3g,-74.9443832012379261,-75.0148328671682094,-2041.2575913267494343,0.2089930482181767,train,false,true,true,2.13.1,10,7,14
h2o-v2-0561,H2O,1.125569414778,1.125767416234,101.157132882278,aimd_region_latin_hypercube,PySCF FCI,sto-3g,-74.9331211172499536,-75.0090380622634569,-2041.0999066522660996,0.3666777227015422,train,false,true,true,2.13.1,10,7,14
h2o-v2-0562,H2O,1.037785727394,1.108900448272,92.979567817663,aimd_region_latin_hypercube,PySCF FCI,sto-3g,-74.9495006216400270,-75.0182422493399486,-2041.3503653418849808,0.1162190330827976,validation,false,true,true,2.13.1,10,7,14
h2o-v2-0563,H2O,1.028734220336,1.118758048487,98.667125282810,aimd_region_latin_hypercube,PySCF FCI,sto-3g,-74.9493260780721045,-75.0170295644742424,-2041.3173665056094706,0.1492178693581914,train,false,true,true,2.13.1,10,7,14
h2o-v2-0564,H2O,0.936903298441,0.979378598755,99.997819468825,aimd_region_latin_hypercube,PySCF FCI,sto-3g,-74.9622836203795657,-75.0127048693596237,-2041.1996855564493671,0.2668988185182195,train,true,true,true,2.13.1,10,7,14
h2o-v2-0565,H2O,1.008523427407,1.126670795829,92.625984830788,aimd_region_latin_hypercube,PySCF FCI,sto-3g,-74.9472886929724922,-75.0154716572878613,-2041.2749736914254299,0.1916106835422095,train,false,true,true,2.13.1,10,7,14
h2o-v2-0566,H2O,1.044176187663,1.144646625355,100.223282824825,aimd_region_latin_hypercube,PySCF FCI,sto-3g,-74.9420545099984281,-75.0129911657316626,-2041.2074760776097264,0.2591082973578434,test,false,true,true,2.13.1,10,7,14
h2o-v2-0567,H2O,1.042401986419,1.085970269736,95.017960058805,aimd_region_latin_hypercube,PySCF FCI,sto-3g,-74.9539386441645377,-75.0206384138886762,-2041.4155683009291806,0.0510160740384274,train,false,true,true,2.13.1,10,7,14
h2o-v2-0568,H2O,0.928277051400,0.965178853775,104.121585784325,aimd_region_latin_hypercube,PySCF FCI,sto-3g,-74.9601758189412379,-75.0084366897057180,-2041.0835424713197881,0.3830419036479146,train,false,true,true,2.13.1,10,7,14
h2o-v2-0569,H2O,1.127193739982,1.145803133746,93.724954734574,aimd_region_latin_hypercube,PySCF FCI,sto-3g,-74.9286437503963896,-75.0080104622333437,-2041.0719442309402893,0.3946401440273431,train,false,true,true,2.13.1,10,7,14
h2o-v2-0570,H2O,1.046449723705,1.129401482729,103.299761565390,aimd_region_latin_hypercube,PySCF FCI,sto-3g,-74.9442699127291831,-75.0134586060145807,-2041.2201957756951742,0.2463885992724246,test,false,true,true,2.13.1,10,7,14
h2o-v2-0571,H2O,0.937883006302,1.119076859790,99.777893725979,aimd_region_latin_hypercube,PySCF FCI,sto-3g,-74.9462119635114874,-75.0073838209167576,-2041.0548924520369383,0.4116919229306612,train,false,true,true,2.13.1,10,7,14
h2o-v2-0572,H2O,1.070478291227,1.104417929580,94.821130905192,aimd_region_latin_hypercube,PySCF FCI,sto-3g,-74.9473862758092082,-75.0179216649808325,-2041.3416417970645398,0.1249425779031279,train,false,true,true,2.13.1,10,7,14
h2o-v2-0573,H2O,1.081199117414,1.107591185340,103.038998765761,aimd_region_latin_hypercube,PySCF FCI,sto-3g,-74.9443511260853228,-75.0144674588759699,-2041.2476480605719189,0.2189363143957932,train,false,true,true,2.13.1,10,7,14
h2o-v2-0574,H2O,0.984210581284,1.053555241806,100.390349029637,aimd_region_latin_hypercube,PySCF FCI,sto-3g,-74.9615249819429579,-75.0202861440238280,-2041.4059825495739915,0.0606018253936325,train,false,true,true,2.13.1,10,7,14
h2o-v2-0575,H2O,1.078430822672,1.136688300019,100.681019016198,aimd_region_latin_hypercube,PySCF FCI,sto-3g,-74.9394952661544949,-75.0123899457862251,-2041.1911160494557862,0.2754683255119348,train,false,true,true,2.13.1,10,7,14
h2o-v2-0576,H2O,1.102150502136,1.103993650805,101.952242741814,aimd_region_latin_hypercube,PySCF FCI,sto-3g,-74.9418636035259738,-75.0136336695525614,-2041.2249594972447539,0.2416248777228428,train,false,true,true,2.13.1,10,7,14
h2o-v2-0577,H2O,0.939468496615,1.145109699281,100.277485744142,aimd_region_latin_hypercube,PySCF FCI,sto-3g,-74.9403529235980272,-75.0038466212538282,-2040.9586403457799406,0.5079440291878123,train,false,true,true,2.13.1,10,7,14
h2o-v2-0578,H2O,0.941424828418,0.970587602883,93.039467386219,aimd_region_latin_hypercube,PySCF FCI,sto-3g,-74.9596714156481596,-75.0111718256556799,-2041.1579693120895627,0.3086150628782144,train,true,true,true,2.13.1,10,7,14
h2o-v2-0579,H2O,1.110301935753,1.144277395371,104.548302112787,aimd_region_latin_hypercube,PySCF FCI,sto-3g,-74.9305093219934690,-75.0062216393232433,-2041.0232678798079178,0.4433164951597575,train,false,true,true,2.13.1,10,7,14
h2o-v2-0580,H2O,0.983657504787,1.111819945457,105.493130018323,aimd_region_latin_hypercube,PySCF FCI,sto-3g,-74.9497531542054531,-75.0123715250360448,-2041.1906147953077379,0.2759695796600325,train,false,true,true,2.13.1,10,7,14
h2o-v2-0581,H2O,0.952314935602,1.147550765252,95.302398483525,aimd_region_latin_hypercube,PySCF FCI,sto-3g,-74.9411475808703358,-75.0067004538148012,-2041.0362970858777771,0.4302872890897977,test,false,true,true,2.13.1,10,7,14
h2o-v2-0582,H2O,1.002896356555,1.033913540184,95.222118475490,aimd_region_latin_hypercube,PySCF FCI,sto-3g,-74.9629001197341154,-75.0225066755992884,-2041.4664062919453045,0.0001780830223666,train,false,true,true,2.13.1,10,7,14
h2o-v2-0583,H2O,0.936338898548,1.100668668515,90.944125778586,aimd_region_latin_hypercube,PySCF FCI,sto-3g,-74.9466929937299255,-75.0080761894315629,-2041.0737327591180019,0.3928516158497344,train,false,true,true,2.13.1,10,7,14
h2o-v2-0584,H2O,1.036252673571,1.075768087065,99.976948216969,aimd_region_latin_hypercube,PySCF FCI,sto-3g,-74.9564949449476643,-75.0208763247857746,-2041.4220421862423791,0.0445421887253518,test,false,true,true,2.13.1,10,7,14
h2o-v2-0585,H2O,0.935617124901,1.058724952736,102.547203680302,aimd_region_latin_hypercube,PySCF FCI,sto-3g,-74.9564705948386631,-75.0120470661641434,-2041.1817858196234283,0.2847985553442779,test,false,true,true,2.13.1,10,7,14
h2o-v2-0586,H2O,0.935063711655,0.945576379750,93.192504655504,aimd_region_latin_hypercube,PySCF FCI,sto-3g,-74.9567341255278450,-75.0061962708981866,-2041.0225775697952031,0.4440068051724258,train,false,true,true,2.13.1,10,7,14
h2o-v2-0587,H2O,0.980859547102,1.114605232380,89.152487297999,aimd_region_latin_hypercube,PySCF FCI,sto-3g,-74.9471254845201571,-75.0131013098213657,-2041.2104732509774294,0.2561111239902192,train,false,true,true,2.13.1,10,7,14
h2o-v2-0588,H2O,0.926549952888,1.159519753976,90.588745699824,aimd_region_latin_hypercube,PySCF FCI,sto-3g,-74.9317975888945114,-74.9978581098971517,-2040.7956846502147528,0.6708997247528206,train,false,true,true,2.13.1,10,7,14
h2o-v2-0589,H2O,1.020503789244,1.126205436609,101.167961027955,aimd_region_latin_hypercube,PySCF FCI,sto-3g,-74.9478332115136823,-75.0151075212265965,-2041.2650650444163603,0.2015193305513768,train,false,true,true,2.13.1,10,7,14
h2o-v2-0590,H2O,1.066900170136,1.098650751830,102.838903799986,aimd_region_latin_hypercube,PySCF FCI,sto-3g,-74.9482769106334388,-75.0164741474313388,-2041.3022528379274263,0.1643315370402465,train,false,true,true,2.13.1,10,7,14
h2o-v2-0591,H2O,0.958334119916,1.154009130103,95.189141392016,aimd_region_latin_hypercube,PySCF FCI,sto-3g,-74.9401951789360652,-75.0067680177415212,-2041.0381355939841796,0.4284487809835234,train,true,true,true,2.13.1,10,7,14
h2o-v2-0592,H2O,0.955105886718,1.125003963277,97.663877097727,aimd_region_latin_hypercube,PySCF FCI,sto-3g,-74.9471052216135689,-75.0103296917660458,-2041.1350536815477881,0.3315306934198829,test,false,true,true,2.13.1,10,7,14
h2o-v2-0593,H2O,1.051333444922,1.081259783572,101.696296946772,aimd_region_latin_hypercube,PySCF FCI,sto-3g,-74.9537075515312381,-75.0193939023940572,-2041.3817034179617167,0.0848809570060743,train,false,true,true,2.13.1,10,7,14
h2o-v2-0594,H2O,1.074038524944,1.110326495539,103.862565047363,aimd_region_latin_hypercube,PySCF FCI,sto-3g,-74.9445181888320207,-75.0141443932395191,-2041.2388569967556577,0.2277273782120617,test,false,true,true,2.13.1,10,7,14
h2o-v2-0595,H2O,0.997381440916,1.152172049485,90.103471911197,aimd_region_latin_hypercube,PySCF FCI,sto-3g,-74.9401448011681879,-75.0104295129002026,-2041.1377699529848542,0.3288144219828313,train,false,true,true,2.13.1,10,7,14
h2o-v2-0596,H2O,1.026937317389,1.074575357589,93.709671631678,aimd_region_latin_hypercube,PySCF FCI,sto-3g,-74.9564706584610576,-75.0213441506336949,-2041.4347723760859026,0.0318119988817365,train,false,true,true,2.13.1,10,7,14
h2o-v2-0597,H2O,0.936252993615,1.084838945515,95.909559484960,aimd_region_latin_hypercube,PySCF FCI,sto-3g,-74.9522121665693248,-75.0111733970487649,-2041.1580120718735998,0.3085723030940346,validation,false,true,true,2.13.1,10,7,14
h2o-v2-0598,H2O,1.091581210394,1.140581879378,92.902545073575,aimd_region_latin_hypercube,PySCF FCI,sto-3g,-74.9361761303473202,-75.0121180763769502,-2041.1837181059515842,0.2828662690161835,train,false,true,true,2.13.1,10,7,14
h2o-v2-0599,H2O,1.113499895735,1.131344446271,101.632210953126,aimd_region_latin_hypercube,PySCF FCI,sto-3g,-74.9342236460755799,-75.0094841080280474,-2041.1120441758498600,0.3545401991178829,train,false,true,true,2.13.1,10,7,14
h2o-v2-0600,H2O,1.018374269973,1.158001214807,87.400032106622,aimd_region_latin_hypercube,PySCF FCI,sto-3g,-74.9362354959889529,-75.0092760651288302,-2041.1063830401635641,0.3602013348042193,train,false,true,true,2.13.1,10,7,14
h2o-v2-0601,H2O,0.923906435421,0.981773847502,91.336430579081,aimd_region_latin_hypercube,PySCF FCI,sto-3g,-74.9557144652558520,-75.0072463415213520,-2041.0511514471077135,0.4154329278599092,train,false,true,true,2.13.1,10,7,14
h2o-v2-0602,H2O,0.959506248324,1.051147136085,97.070582627797,aimd_region_latin_hypercube,PySCF FCI,sto-3g,-74.9603418323698207,-75.0179003937258955,-2041.3410629767304272,0.1255213982371556,test,false,true,true,2.13.1,10,7,14
h2o-v2-0603,H2O,1.015401870384,1.131266296193,100.521786262778,aimd_region_latin_hypercube,PySCF FCI,sto-3g,-74.9471135636263881,-75.0145775243303916,-2041.2506430941643885,0.2159412808031837,train,false,true,true,2.13.1,10,7,14
h2o-v2-0604,H2O,0.989675413967,1.065060533434,87.814998557598,aimd_region_latin_hypercube,PySCF FCI,sto-3g,-74.9542132696410590,-75.0170113782906043,-2041.3168716343420783,0.1497127406255092,train,false,true,true,2.13.1,10,7,14
h2o-v2-0605,H2O,0.972052996900,0.999908456662,92.398376743138,aimd_region_latin_hypercube,PySCF FCI,sto-3g,-74.9625874219452299,-75.0182112454808276,-2041.3495216838991837,0.1170626910684530,test,false,true,true,2.13.1,10,7,14
h2o-v2-0606,H2O,1.033956455986,1.084185657874,102.450426848787,aimd_region_latin_hypercube,PySCF FCI,sto-3g,-74.9547191177629202,-75.0191694906358748,-2041.3755968629316158,0.0909875120361179,train,false,true,true,2.13.1,10,7,14
h2o-v2-0607,H2O,1.081808228237,1.149354719667,105.752238635122,aimd_region_latin_hypercube,PySCF FCI,sto-3g,-74.9335666319500291,-75.0071108128072694,-2041.0474635229213618,0.4191208520462305,train,false,true,true,2.13.1,10,7,14
h2o-v2-0608,H2O,0.944913314083,1.140860395241,92.004545632652,aimd_region_latin_hypercube,PySCF FCI,sto-3g,-74.9403339503131320,-75.0055296282352515,-2041.0044372988061241,0.4621470761616081,train,false,true,true,2.13.1,10,7,14
h2o-v2-0609,H2O,1.139918027771,1.143028052425,101.009099475752,aimd_region_latin_hypercube,PySCF FCI,sto-3g,-74.9262482035177015,-75.0050989706308826,-2040.9927185083938639,0.4738658665738618,train,true,true,true,2.13.1,10,7,14
h2o-v2-0610,H2O,0.977638329107,1.051535990213,95.276979399025,aimd_region_latin_hypercube,PySCF FCI,sto-3g,-74.9608923188496874,-75.0200682470432980,-2041.4000532706750164,0.0665311042926685,validation,false,true,true,2.13.1,10,7,14
h2o-v2-0611,H2O,1.025919722861,1.120003825259,97.539912096020,aimd_region_latin_hypercube,PySCF FCI,sto-3g,-74.9492584118236351,-75.0170822608903194,-2041.3188004481412463,0.1477839268265417,train,false,true,true,2.13.1,10,7,14
h2o-v2-0612,H2O,0.993054255127,1.036079325404,90.706266716450,aimd_region_latin_hypercube,PySCF FCI,sto-3g,-74.9600853202876607,-75.0201727735940551,-2041.4028975830206036,0.0636867919470562,train,false,true,true,2.13.1,10,7,14
h2o-v2-0613,H2O,0.968569624532,0.992648430854,96.836370659853,aimd_region_latin_hypercube,PySCF FCI,sto-3g,-74.9648131035779812,-75.0187598486058675,-2041.3644499354304571,0.1021344395372362,train,false,true,true,2.13.1,10,7,14
h2o-v2-0614,H2O,1.035520357597,1.137700038094,102.806586883049,aimd_region_latin_hypercube,PySCF FCI,sto-3g,-74.9436284156847563,-75.0127998063918966,-2041.2022689247037306,0.2643154502639932,train,false,true,true,2.13.1,10,7,14
h2o-v2-0615,H2O,0.965666820651,1.050671488900,100.781922194524,aimd_region_latin_hypercube,PySCF FCI,sto-3g,-74.9610758802431718,-75.0182880133354075,-2041.3516106436413793,0.1149737313262039,train,false,true,true,2.13.1,10,7,14
h2o-v2-0616,H2O,0.979376028747,1.003695473667,94.528859539513,aimd_region_latin_hypercube,PySCF FCI,sto-3g,-74.9641602182293383,-75.0200791836815455,-2041.4003508717626119,0.0662335032050839,validation,false,true,true,2.13.1,10,7,14
h2o-v2-0617,H2O,0.966552434571,1.034179235966,96.416626896145,aimd_region_latin_hypercube,PySCF FCI,sto-3g,-74.9625017955430621,-75.0193761385705500,-2041.3812200396989738,0.0853643352687361,train,false,true,true,2.13.1,10,7,14
h2o-v2-0618,H2O,1.091953382123,1.149289508315,88.532429168693,aimd_region_latin_hypercube,PySCF FCI,sto-3g,-74.9316918846456161,-75.0095102395798108,-2041.1127552515979460,0.3538291233696435,train,false,true,true,2.13.1,10,7,14
h2o-v2-0619,H2O,1.007201548022,1.106497576542,89.541941813100,aimd_region_latin_hypercube,PySCF FCI,sto-3g,-74.9493299770612822,-75.0163864290958600,-2041.2998659004199453,0.1667184745478160,train,false,true,true,2.13.1,10,7,14
h2o-v2-0620,H2O,0.967700410757,0.979026124042,88.346436969639,aimd_region_latin_hypercube,PySCF FCI,sto-3g,-74.9581236758158411,-75.0129469482053821,-2041.2062728574233006,0.2603115175443036,test,false,true,true,2.13.1,10,7,14
h2o-v2-0621,H2O,0.960382585843,1.145584380151,95.938830349200,aimd_region_latin_hypercube,PySCF FCI,sto-3g,-74.9426213294062791,-75.0083975040870001,-2041.0824761763135484,0.3841081986541341,train,false,true,true,2.13.1,10,7,14
h2o-v2-0622,H2O,1.041363150337,1.135624038795,102.209048548660,aimd_region_latin_hypercube,PySCF FCI,sto-3g,-74.9438262872139944,-75.0133632261171783,-2041.2176003564668463,0.2489840185007435,train,false,true,true,2.13.1,10,7,14
h2o-v2-0623,H2O,0.983569402702,1.062789710515,99.172431666486,aimd_region_latin_hypercube,PySCF FCI,sto-3g,-74.9603428650703734,-75.0200119151507181,-2041.3985204017881188,0.0680639731796282,validation,false,true,true,2.13.1,10,7,14
h2o-v2-0624,H2O,0.978620335306,1.027638947007,97.794305176410,aimd_region_latin_hypercube,PySCF FCI,sto-3g,-74.9639757478254865,-75.0208970641625399,-2041.4226065334339637,0.0439778415336907,train,false,true,true,2.13.1,10,7,14
h2o-v2-0625,H2O,0.953933243095,1.144489762039,100.854092605331,aimd_region_latin_hypercube,PySCF FCI,sto-3g,-74.9422613140106932,-75.0065407364447481,-2041.0319509548312453,0.4346334201365076,train,false,true,true,2.13.1,10,7,14
h2o-v2-0626,H2O,0.972124699419,1.042669741348,91.945772147523,aimd_region_latin_hypercube,PySCF FCI,sto-3g,-74.9597639615909230,-75.0186220742957488,-2041.3607009054630907,0.1058834695046518,validation,false,true,true,2.13.1,10,7,14
h2o-v2-0627,H2O,1.070907074452,1.074517418711,90.664202950713,aimd_region_latin_hypercube,PySCF FCI,sto-3g,-74.9503104281015311,-75.0193229238294919,-2041.3797719928261358,0.0868123821416490,train,false,true,true,2.13.1,10,7,14
h2o-v2-0628,H2O,1.125207435554,1.143041327169,94.120766763394,aimd_region_latin_hypercube,PySCF FCI,sto-3g,-74.9297763493587610,-75.0086201450205863,-2041.0885345447516102,0.3780498302161541,train,false,true,true,2.13.1,10,7,14
h2o-v2-0629,H2O,1.109625399397,1.148705321809,98.625273182594,aimd_region_latin_hypercube,PySCF FCI,sto-3g,-74.9318002297899142,-75.0088646681376190,-2041.0951883577351964,0.3713960172325040,train,false,true,true,2.13.1,10,7,14
h2o-v2-0630,H2O,1.112900233148,1.158106483823,96.947779733586,aimd_region_latin_hypercube,PySCF FCI,sto-3g,-74.9290521847014617,-75.0076206328152750,-2041.0613364320752225,0.4052479428924577,train,true,true,true,2.13.1,10,7,14
h2o-v2-0631,H2O,0.939419935286,0.985475894516,100.049990314000,aimd_region_latin_hypercube,PySCF FCI,sto-3g,-74.9626994537818376,-75.0136741647705918,-2041.2260614282638471,0.2405229467039021,validation,false,true,true,2.13.1,10,7,14
h2o-v2-0632,H2O,0.996122972665,1.096176258007,98.407635213687,aimd_region_latin_hypercube,PySCF FCI,sto-3g,-74.9550065777435037,-75.0184218604914435,-2041.3552528103023178,0.1113315646653833,validation,false,true,true,2.13.1,10,7,14
h2o-v2-0633,H2O,0.994391862817,1.043798896583,89.230546542012,aimd_region_latin_hypercube,PySCF FCI,sto-3g,-74.9580913863522511,-75.0192120967677170,-2041.3767562348416504,0.0898281401261137,train,false,true,true,2.13.1,10,7,14
h2o-v2-0634,H2O,0.984714562306,1.128056070371,104.013219268295,aimd_region_latin_hypercube,PySCF FCI,sto-3g,-74.9469980179989932,-75.0113533842558127,-2041.1629097732839000,0.3036746016837198,train,false,true,true,2.13.1,10,7,14
h2o-v2-0635,H2O,0.964448759050,1.094463376185,89.183883188084,aimd_region_latin_hypercube,PySCF FCI,sto-3g,-74.9498189875504579,-75.0129471651211901,-2041.2062787600032152,0.2603056149644697,train,false,true,true,2.13.1,10,7,14
h2o-v2-0636,H2O,0.920544499136,1.028114249002,101.032174396332,aimd_region_latin_hypercube,PySCF FCI,sto-3g,-74.9576479534805173,-75.0102680948784268,-2041.1333775448472352,0.3332068301204336,train,false,true,true,2.13.1,10,7,14
h2o-v2-0637,H2O,1.050023263227,1.083618876143,97.419456582194,aimd_region_latin_hypercube,PySCF FCI,sto-3g,-74.9539755884185297,-75.0205688402922135,-2041.4136751069233924,0.0529092680442950,train,false,true,true,2.13.1,10,7,14
h2o-v2-0638,H2O,1.047725738450,1.137210136912,105.694235714316,aimd_region_latin_hypercube,PySCF FCI,sto-3g,-74.9410148209936580,-75.0106420252124764,-2041.1435527075962000,0.3230316673715204,train,false,true,true,2.13.1,10,7,14
h2o-v2-0639,H2O,0.944638046851,1.087962794225,105.582211743123,aimd_region_latin_hypercube,PySCF FCI,sto-3g,-74.9516943561114601,-75.0096692839572796,-2041.1170830695834866,0.3495013053840865,train,false,true,true,2.13.1,10,7,14
h2o-v2-0640,H2O,0.949209185491,0.989374495320,101.301170940035,aimd_region_latin_hypercube,PySCF FCI,sto-3g,-74.9638582463751248,-75.0154844878827163,-2041.2753228296978705,0.1912615452698438,train,false,true,true,2.13.1,10,7,14
h2o-v2-0641,H2O,0.992216068404,1.084070034233,94.337491281068,aimd_region_latin_hypercube,PySCF FCI,sto-3g,-74.9562619236411365,-75.0192447657829433,-2041.3776452040331151,0.0889391709345132,test,false,true,true,2.13.1,10,7,14
h2o-v2-0642,H2O,0.985506452188,1.109141578252,88.188147558511,aimd_region_latin_hypercube,PySCF FCI,sto-3g,-74.9474682682696454,-75.0135347827519894,-2041.2222686503198474,0.2443157246478380,train,false,true,true,2.13.1,10,7,14
h2o-v2-0643,H2O,1.006072134791,1.081514476829,96.110965451249,aimd_region_latin_hypercube,PySCF FCI,sto-3g,-74.9571321934265455,-75.0205129601532832,-2041.4121545308794339,0.0544298440882074,train,false,true,true,2.13.1,10,7,14
h2o-v2-0644,H2O,0.934647784805,1.049076861544,99.617041849630,aimd_region_latin_hypercube,PySCF FCI,sto-3g,-74.9579242511820922,-75.0132310460872276,-2041.2140035546178751,0.2525808203497395,train,false,true,true,2.13.1,10,7,14
h2o-v2-0645,H2O,1.047065907403,1.091970232939,104.433110400922,aimd_region_latin_hypercube,PySCF FCI,sto-3g,-74.9512060634852446,-75.0169893463508544,-2041.3162721147198226,0.1503122602477927,train,false,true,true,2.13.1,10,7,14
h2o-v2-0646,H2O,1.030458121214,1.108546769472,88.141197873627,aimd_region_latin_hypercube,PySCF FCI,sto-3g,-74.9467866900986337,-75.0160973626177139,-2041.2920000008323314,0.1745843741354165,test,true,true,true,2.13.1,10,7,14
h2o-v2-0647,H2O,1.023879324831,1.061894955361,95.528015748977,aimd_region_latin_hypercube,PySCF FCI,sto-3g,-74.9590925306585802,-75.0223215450202474,-2041.4613686322529702,0.0052157427145951,test,false,true,true,2.13.1,10,7,14
h2o-v2-0648,H2O,0.931419865670,1.016300788476,104.493889076958,aimd_region_latin_hypercube,PySCF FCI,sto-3g,-74.9598258375466742,-75.0116674026495360,-2041.1714546490838984,0.2951297258837688,train,false,true,true,2.13.1,10,7,14
h2o-v2-0649,H2O,1.065924729597,1.103148018326,102.752385524446,aimd_region_latin_hypercube,PySCF FCI,sto-3g,-74.9476004421151885,-75.0161198397242686,-2041.2926116340604494,0.1739727409072650,train,false,true,true,2.13.1,10,7,14
h2o-v2-0650,H2O,1.072626266630,1.161126368843,112.037407425457,full_domain_latin_hypercube,PySCF FCI,sto-3g,-74.9262528046129859,-74.9993934316887163,-2040.8374628844969720,0.6291214904706748,train,false,true,true,2.13.1,10,7,14
h2o-v2-0651,H2O,0.826218601463,1.047541599605,106.972875812078,full_domain_latin_hypercube,PySCF FCI,sto-3g,-74.9169937189140143,-74.9648396393898651,-2039.8972062959892355,1.5693780789783616,validation,false,true,true,2.13.1,10,7,14
h2o-v2-0652,H2O,1.144764553107,1.161794535134,129.042522963643,full_domain_latin_hypercube,PySCF FCI,sto-3g,-74.8829330832480196,-74.9620409732205246,-2039.8210507098817743,1.6455336650858639,train,false,true,true,2.13.1,10,7,14
h2o-v2-0653,H2O,0.784611161874,1.233182589578,104.868893288512,full_domain_latin_hypercube,PySCF FCI,sto-3g,-74.8391346732827287,-74.9015992261531522,-2038.1763469850491219,3.2902373899184458,test,true,true,true,2.13.1,10,7,14
h2o-v2-0654,H2O,1.089604578620,1.209354407462,103.850359957207,full_domain_latin_hypercube,PySCF FCI,sto-3g,-74.9176954560036563,-74.9981469499698647,-2040.8035443889966700,0.6630399859709074,test,true,true,true,2.13.1,10,7,14
h2o-v2-0655,H2O,0.982973622643,1.201534562590,119.905703035165,full_domain_latin_hypercube,PySCF FCI,sto-3g,-74.9103116044631747,-74.9798704089569981,-2040.3062143722549990,1.1603700027126636,validation,true,true,true,2.13.1,10,7,14
h2o-v2-0656,H2O,1.029486421931,1.235900681789,93.599624501639,full_domain_latin_hypercube,PySCF FCI,sto-3g,-74.9184477711898182,-74.9986552701325735,-2040.8173764852808745,0.6492078896868164,train,false,true,true,2.13.1,10,7,14
h2o-v2-0657,H2O,0.962389003002,1.134969327747,113.752996925567,full_domain_latin_hypercube,PySCF FCI,sto-3g,-74.9360896327396233,-74.9981937999280035,-2040.8048192413032211,0.6617651336643855,train,true,true,true,2.13.1,10,7,14
h2o-v2-0658,H2O,1.213596648557,1.249315403959,112.136252417335,full_domain_latin_hypercube,PySCF FCI,sto-3g,-74.8704185428676112,-74.9666190769192440,-2039.9456272579018332,1.5209571170658251,train,true,true,true,2.13.1,10,7,14
h2o-v2-0659,H2O,0.927645960510,1.081390486264,111.325243166749,full_domain_latin_hypercube,PySCF FCI,sto-3g,-74.9461272745361100,-75.0016602967892396,-2040.8991474263148120,0.5674369486527843,train,false,true,true,2.13.1,10,7,14
h2o-v2-0660,H2O,0.852661308895,1.150840268915,105.515315720596,full_domain_latin_hypercube,PySCF FCI,sto-3g,-74.9105194503075040,-74.9684504246779255,-2039.9954607691140609,1.4711236058536172,train,true,true,true,2.13.1,10,7,14
h2o-v2-0661,H2O,0.802099607318,0.993747145869,105.845249312621,full_domain_latin_hypercube,PySCF FCI,sto-3g,-74.9059704466058918,-74.9490773955858032,-2039.4682937917334584,1.9982905832341207,validation,true,true,true,2.13.1,10,7,14
h2o-v2-0662,H2O,1.006606146917,1.155410558881,90.359818326549,full_domain_latin_hypercube,PySCF FCI,sto-3g,-74.9395126548382393,-75.0107067579937308,-2041.1453141763097392,0.3212701986580297,train,false,true,true,2.13.1,10,7,14
h2o-v2-0663,H2O,0.796493229993,1.053638513931,105.340822885493,full_domain_latin_hypercube,PySCF FCI,sto-3g,-74.8954827661826386,-74.9425633308720478,-2039.2910370607762616,2.1755473141914794,validation,false,true,true,2.13.1,10,7,14
h2o-v2-0664,H2O,0.972670414776,1.128377833974,83.491162047019,full_domain_latin_hypercube,PySCF FCI,sto-3g,-74.9374228933711635,-75.0054877861171718,-2041.0032987167696774,0.4632856581980243,train,true,true,true,2.13.1,10,7,14
h2o-v2-0665,H2O,0.844016014244,0.970255428875,87.093829299267,full_domain_latin_hypercube,PySCF FCI,sto-3g,-74.9213560372092076,-74.9685275677558707,-2039.9975599392041659,1.4690244357634472,validation,false,true,true,2.13.1,10,7,14
h2o-v2-0666,H2O,0.918596224273,0.988857453193,95.529460805273,full_domain_latin_hypercube,PySCF FCI,sto-3g,-74.9578225692109470,-75.0086242047562024,-2041.0886450157854597,0.3779393591822471,train,false,true,true,2.13.1,10,7,14
h2o-v2-0667,H2O,0.996471252146,1.051496799367,86.085015726740,full_domain_latin_hypercube,PySCF FCI,sto-3g,-74.9538456564847593,-75.0164876980877580,-2041.3026215700731427,0.1639628048945378,train,false,true,true,2.13.1,10,7,14
h2o-v2-0668,H2O,0.865152855378,1.045889808200,126.105735036554,full_domain_latin_hypercube,PySCF FCI,sto-3g,-74.9148915844210848,-74.9623330240741836,-2039.8289978184641313,1.6375865565034777,train,true,true,true,2.13.1,10,7,14
h2o-v2-0669,H2O,0.870581242973,1.153111202508,87.010941318434,full_domain_latin_hypercube,PySCF FCI,sto-3g,-74.9128060154581021,-74.9757860118293422,-2040.1950722644323832,1.2715121105353109,train,false,true,true,2.13.1,10,7,14
h2o-v2-0670,H2O,0.930560100231,1.059760178766,127.741505140630,full_domain_latin_hypercube,PySCF FCI,sto-3g,-74.9261287559642000,-74.9783009345238725,-2040.2635067972519209,1.2030775777156475,train,false,true,true,2.13.1,10,7,14
h2o-v2-0671,H2O,0.830597397980,1.237999173166,80.960863958056,full_domain_latin_hypercube,PySCF FCI,sto-3g,-74.8609868458976138,-74.9317683593564965,-2038.9972909213520325,2.4692934536155846,train,false,true,true,2.13.1,10,7,14
h2o-v2-0672,H2O,0.789260692533,1.247316288210,114.479456759500,full_domain_latin_hypercube,PySCF FCI,sto-3g,-74.8310745914383659,-74.8940299804396687,-2037.9703773163487313,3.4962070586188343,train,false,true,true,2.13.1,10,7,14
h2o-v2-0673,H2O,0.913515653629,0.933126217291,103.189613291551,full_domain_latin_hypercube,PySCF FCI,sto-3g,-74.9546692817312703,-75.0002253962145460,-2040.8601017925523138,0.6064825824153631,test,false,true,true,2.13.1,10,7,14
h2o-v2-0674,H2O,0.803428948659,0.980637665384,95.684967328327,full_domain_latin_hypercube,PySCF FCI,sto-3g,-74.9050608817927781,-74.9490843562012685,-2039.4684831997294623,1.9981011752381834,train,true,true,true,2.13.1,10,7,14
h2o-v2-0675,H2O,0.968418513540,1.028862617219,93.180107129708,full_domain_latin_hypercube,PySCF FCI,sto-3g,-74.9615689925501556,-75.0188641167452062,-2041.3672872160432235,0.0992971589245426,test,false,true,true,2.13.1,10,7,14
h2o-v2-0676,H2O,0.821561696142,1.056090802501,93.072220569768,full_domain_latin_hypercube,PySCF FCI,sto-3g,-74.9108258574221253,-74.9615858723994393,-2039.8086667856584882,1.6579175893092837,train,false,true,true,2.13.1,10,7,14
h2o-v2-0677,H2O,0.975600193238,1.090494071104,110.012246506295,full_domain_latin_hypercube,PySCF FCI,sto-3g,-74.9504212710513968,-75.0100137643470077,-2041.1264568585227153,0.3401275164450261,test,false,true,true,2.13.1,10,7,14
h2o-v2-0678,H2O,0.963668314183,1.059195992945,99.690111815494,full_domain_latin_hypercube,PySCF FCI,sto-3g,-74.9598984519308118,-75.0178406644856182,-2041.3394376613032364,0.1271467136645208,validation,false,true,true,2.13.1,10,7,14
h2o-v2-0679,H2O,1.022189688994,1.102720896351,117.019214875510,full_domain_latin_hypercube,PySCF FCI,sto-3g,-74.9387339315823908,-75.0019207458326918,-2040.9062346058335606,0.5603497691340104,train,true,true,true,2.13.1,10,7,14
h2o-v2-0680,H2O,0.911625265535,1.127899692941,100.922703234214,full_domain_latin_hypercube,PySCF FCI,sto-3g,-74.9389355297687842,-74.9990214720917976,-2040.8273413482372689,0.6392430267303318,train,true,true,true,2.13.1,10,7,14
h2o-v2-0681,H2O,0.840788243557,1.075144800033,107.061077765750,full_domain_latin_hypercube,PySCF FCI,sto-3g,-74.9208410879825522,-74.9715138073983383,-2040.0788196595385671,1.3877647154291808,test,true,true,true,2.13.1,10,7,14
h2o-v2-0682,H2O,0.971668277316,1.075414159426,85.612343662588,full_domain_latin_hypercube,PySCF FCI,sto-3g,-74.9493818660122031,-75.0123204498220559,-2041.1892249679322049,0.2773594070354793,validation,false,true,true,2.13.1,10,7,14
h2o-v2-0683,H2O,0.998778443128,1.223853026769,126.911848549122,full_domain_latin_hypercube,PySCF FCI,sto-3g,-74.8907355717102377,-74.9636294642356233,-2039.8642757524419267,1.6023086225257310,train,true,true,true,2.13.1,10,7,14
h2o-v2-0684,H2O,0.959753439639,1.209181160904,105.437861930208,full_domain_latin_hypercube,PySCF FCI,sto-3g,-74.9233717162218653,-74.9935581097673776,-2040.6786756858257377,0.7879086891419038,validation,true,true,true,2.13.1,10,7,14
h2o-v2-0685,H2O,1.183910297201,1.228849944273,110.858075261759,full_domain_latin_hypercube,PySCF FCI,sto-3g,-74.8858433052004102,-74.9766119334358905,-2040.2175467362769723,1.2490376386906190,train,false,true,true,2.13.1,10,7,14
h2o-v2-0686,H2O,1.067471872452,1.156170877717,111.761064100334,full_domain_latin_hypercube,PySCF FCI,sto-3g,-74.9285514610388077,-75.0008061305096163,-2040.8759043777617990,0.5906799972059129,test,false,true,true,2.13.1,10,7,14
h2o-v2-0687,H2O,0.987220483810,1.010868886345,126.794169687394,full_domain_latin_hypercube,PySCF FCI,sto-3g,-74.9370540434535570,-74.9893761260848919,-2040.5648781125671576,0.9017062624004408,test,false,true,true,2.13.1,10,7,14
h2o-v2-0688,H2O,1.015517888322,1.028258552202,99.177986268799,full_domain_latin_hypercube,PySCF FCI,sto-3g,-74.9636372285075510,-75.0229254478277454,-2041.4778016648028824,-0.0112172898352696,train,false,true,true,2.13.1,10,7,14
h2o-v2-0689,H2O,0.790216203038,0.953166065385,117.501969252712,full_domain_latin_hypercube,PySCF FCI,sto-3g,-74.8894868350609926,-74.9280547748452790,-2038.8962391388602100,2.5703452361074426,train,true,true,true,2.13.1,10,7,14
h2o-v2-0690,H2O,1.016615470954,1.172140544201,118.665825815216,full_domain_latin_hypercube,PySCF FCI,sto-3g,-74.9200149939939308,-74.9891533316521190,-2040.5588155672035100,0.9077688077640785,train,false,true,true,2.13.1,10,7,14
h2o-v2-0691,H2O,0.848114269040,0.964761337213,121.360864236525,full_domain_latin_hypercube,PySCF FCI,sto-3g,-74.9216568550030217,-74.9632381800798839,-2039.8536283681482928,1.6129560068194915,train,true,true,true,2.13.1,10,7,14
h2o-v2-0692,H2O,1.046046721186,1.144448761097,121.048166842859,full_domain_latin_hypercube,PySCF FCI,sto-3g,-74.9207352084123102,-74.9893091455494698,-2040.5630554793469855,0.9035288956207744,train,true,true,true,2.13.1,10,7,14
h2o-v2-0693,H2O,0.772095481580,1.037267047397,89.541145485466,full_domain_latin_hypercube,PySCF FCI,sto-3g,-74.8682545623112077,-74.9159557510965897,-2038.5670079304352384,2.8995764445324093,test,false,true,true,2.13.1,10,7,14
h2o-v2-0694,H2O,0.806792366472,0.824473114666,128.823389663068,full_domain_latin_hypercube,PySCF FCI,sto-3g,-74.8560240340562473,-74.8877306716113367,-2037.7989643907383197,3.6676199842293404,validation,true,true,true,2.13.1,10,7,14
h2o-v2-0695,H2O,0.766599284749,0.769427869731,96.151723775368,full_domain_latin_hypercube,PySCF FCI,sto-3g,-74.7883814056380203,-74.8195318165818577,-2035.9431790049970914,5.5234053699706340,train,true,true,true,2.13.1,10,7,14
h2o-v2-0696,H2O,0.801160643535,0.877172113827,91.460095467211,full_domain_latin_hypercube,PySCF FCI,sto-3g,-74.8817957059474395,-74.9203897252860997,-2038.6876625147108371,2.7789218602569088,validation,false,true,true,2.13.1,10,7,14
h2o-v2-0697,H2O,0.872209898571,0.947697030733,121.891807966536,full_domain_latin_hypercube,PySCF FCI,sto-3g,-74.9300046134753330,-74.9717330254968601,-2040.0847848878895547,1.3817994870781909,test,true,true,true,2.13.1,10,7,14
h2o-v2-0698,H2O,1.133159960603,1.216840983967,119.252139481887,full_domain_latin_hypercube,PySCF FCI,sto-3g,-74.8898533017004269,-74.9738711037315397,-2040.1429649605574923,1.3236194144101843,train,false,true,true,2.13.1,10,7,14
h2o-v2-0699,H2O,0.782269113175,1.174959368213,126.618752152277,full_domain_latin_hypercube,PySCF FCI,sto-3g,-74.8309477388305027,-74.8849225000245156,-2037.7225501490443094,3.7440342259233392,train,true,true,true,2.13.1,10,7,14
h2o-v2-0700,H2O,0.924997421490,1.125468678479,109.994980707160,full_domain_latin_hypercube,PySCF FCI,sto-3g,-74.9375538842798079,-74.9968246330125368,-2040.7675623115312646,0.6990220634363788,train,false,true,true,2.13.1,10,7,14
h2o-v2-0701,H2O,0.820366917792,1.223434583457,119.438778879533,full_domain_latin_hypercube,PySCF FCI,sto-3g,-74.8564950932224349,-74.9180749509237671,-2038.6246742954649562,2.8419100795026528,train,false,true,true,2.13.1,10,7,14
h2o-v2-0702,H2O,0.901856128053,0.981945612045,116.325230337080,full_domain_latin_hypercube,PySCF FCI,sto-3g,-74.9463538248974572,-74.9924657078271792,-2040.6489499146950948,0.8176344602725072,validation,true,true,true,2.13.1,10,7,14
h2o-v2-0703,H2O,0.756062181720,0.976203213423,98.614920481468,full_domain_latin_hypercube,PySCF FCI,sto-3g,-74.8622045337081232,-74.9032443363506957,-2038.2211127140517419,3.2454716609158782,validation,true,true,true,2.13.1,10,7,14
h2o-v2-0704,H2O,1.094274409589,1.202438493126,89.911844839385,full_domain_latin_hypercube,PySCF FCI,sto-3g,-74.9189902524262550,-75.0018411728461558,-2040.9040693145623209,0.5625150604053866,train,true,true,true,2.13.1,10,7,14
h2o-v2-0705,H2O,0.982085398560,1.011363663171,116.132569073942,full_domain_latin_hypercube,PySCF FCI,sto-3g,-74.9542832209599652,-75.0074278496479820,-2041.0560905348481811,0.4104938401193921,train,true,true,true,2.13.1,10,7,14
h2o-v2-0706,H2O,0.963453842561,1.123382608563,102.917188668610,full_domain_latin_hypercube,PySCF FCI,sto-3g,-74.9474839011604104,-75.0101465476264053,-2041.1300700756253264,0.3365142993423295,test,false,true,true,2.13.1,10,7,14
h2o-v2-0707,H2O,0.874700732134,1.212699250099,80.182830307185,full_domain_latin_hypercube,PySCF FCI,sto-3g,-74.8897991695155554,-74.9606162071297746,-2039.7822808494761375,1.6843035254914496,test,true,true,true,2.13.1,10,7,14
h2o-v2-0708,H2O,0.896170912807,1.125892080367,86.604210821824,full_domain_latin_hypercube,PySCF FCI,sto-3g,-74.9278595955368019,-74.9899917010207986,-2040.5816287599116094,0.8849556150561345,train,true,true,true,2.13.1,10,7,14
h2o-v2-0709,H2O,1.079973881365,1.188722688279,109.854847984286,full_domain_latin_hypercube,PySCF FCI,sto-3g,-74.9202385292815620,-74.9969861397569275,-2040.7719571339341655,0.6946272410334301,train,true,true,true,2.13.1,10,7,14
h2o-v2-0710,H2O,0.760293291894,0.941321953969,82.785906472643,full_domain_latin_hypercube,PySCF FCI,sto-3g,-74.8424014626495904,-74.8845615622818457,-2037.7127285327178470,3.7538558422498842,train,true,true,true,2.13.1,10,7,14
h2o-v2-0711,H2O,0.794847064907,0.905171585421,97.526663551865,full_domain_latin_hypercube,PySCF FCI,sto-3g,-74.8912949304643405,-74.9300520089297635,-2038.9505866469567081,2.5159977280108832,test,false,true,true,2.13.1,10,7,14
h2o-v2-0712,H2O,0.869161551530,1.171689782678,93.689516187847,full_domain_latin_hypercube,PySCF FCI,sto-3g,-74.9128272356589378,-74.9758553205997771,-2040.1969582521549000,1.2696261228127730,train,true,true,true,2.13.1,10,7,14
h2o-v2-0713,H2O,0.894995627370,1.090568623198,94.190613265692,full_domain_latin_hypercube,PySCF FCI,sto-3g,-74.9409481676175915,-74.9982204311395151,-2040.8055439134859625,0.6610404614817452,train,false,true,true,2.13.1,10,7,14
h2o-v2-0714,H2O,1.147081640012,1.178682125087,119.564952682083,full_domain_latin_hypercube,PySCF FCI,sto-3g,-74.8966545316494745,-74.9778994120518973,-2040.2525808141806465,1.2140035607870061,train,false,true,true,2.13.1,10,7,14
h2o-v2-0715,H2O,0.798847902485,1.239425690917,111.908589507119,full_domain_latin_hypercube,PySCF FCI,sto-3g,-74.8444744770096122,-74.9073666958370978,-2038.3332878302810514,3.1332965446865764,test,false,true,true,2.13.1,10,7,14
h2o-v2-0716,H2O,0.979654704033,1.104222351093,108.486780298661,full_domain_latin_hypercube,PySCF FCI,sto-3g,-74.9491500137644806,-75.0103917723204319,-2041.1367429794916006,0.3298413954761189,train,false,true,true,2.13.1,10,7,14
h2o-v2-0717,H2O,1.020396655666,1.092661904108,123.931437185149,full_domain_latin_hypercube,PySCF FCI,sto-3g,-74.9293555326807024,-74.9909058521724461,-2040.6065040799862800,0.8600802949814396,train,false,true,true,2.13.1,10,7,14
h2o-v2-0718,H2O,1.024730359803,1.047732409775,113.422650809501,full_domain_latin_hypercube,PySCF FCI,sto-3g,-74.9523837371712034,-75.0116158000997615,-2041.1700504721707148,0.2965339027969617,train,false,true,true,2.13.1,10,7,14
h2o-v2-0719,H2O,0.941966226017,1.066771775258,88.502004386592,full_domain_latin_hypercube,PySCF FCI,sto-3g,-74.9507794759056907,-75.0103354064024188,-2041.1352091847254542,0.3313751902422819,validation,false,true,true,2.13.1,10,7,14
h2o-v2-0720,H2O,1.169919850850,1.202938177606,101.113013809252,full_domain_latin_hypercube,PySCF FCI,sto-3g,-74.9039822583034294,-74.9916080772742220,-2040.6256125984623395,0.8409717765053882,train,true,true,true,2.13.1,10,7,14
h2o-v2-0721,H2O,0.750225704771,1.131034230495,119.347642516686,full_domain_latin_hypercube,PySCF FCI,sto-3g,-74.8216069068359388,-74.8708125466606589,-2037.3385987581475547,4.1279856168201210,train,false,true,true,2.13.1,10,7,14
h2o-v2-0722,H2O,0.928347680445,0.933894345705,88.425929516525,full_domain_latin_hypercube,PySCF FCI,sto-3g,-74.9487803885030104,-74.9981395770192165,-2040.8033437607889482,0.6632406141787691,train,true,true,true,2.13.1,10,7,14
h2o-v2-0723,H2O,0.758503399985,1.030127177055,88.264936482161,full_domain_latin_hypercube,PySCF FCI,sto-3g,-74.8526119571318844,-74.8994454322848924,-2038.1177392682056961,3.3488451067619058,train,true,true,true,2.13.1,10,7,14
h2o-v2-0724,H2O,0.869901177763,1.002487204494,98.987095948513,full_domain_latin_hypercube,PySCF FCI,sto-3g,-74.9442633319281128,-74.9925364951633924,-2040.6508761362422320,0.8157082387254871,train,false,true,true,2.13.1,10,7,14
h2o-v2-0725,H2O,0.977010298254,1.227948327163,86.363855232152,full_domain_latin_hypercube,PySCF FCI,sto-3g,-74.9164595824070290,-74.9937055845463618,-2040.6826886789981472,0.7838956959694218,train,true,true,true,2.13.1,10,7,14
h2o-v2-0726,H2O,0.791083751026,1.038972956988,89.999290127528,full_domain_latin_hypercube,PySCF FCI,sto-3g,-74.8865297092996798,-74.9351600704588350,-2039.0895840821926868,2.3770002927750462,train,true,true,true,2.13.1,10,7,14
h2o-v2-0727,H2O,0.765396098203,1.084734995576,124.213572531719,full_domain_latin_hypercube,PySCF FCI,sto-3g,-74.8433429927411709,-74.8889457790418760,-2037.8320291483610163,3.6345552266065653,train,true,true,true,2.13.1,10,7,14
h2o-v2-0728,H2O,0.766144693722,1.233888389553,86.147000208496,full_domain_latin_hypercube,PySCF FCI,sto-3g,-74.8144589210665742,-74.8800995162658722,-2037.5913100751297407,3.8752742998379093,train,true,true,true,2.13.1,10,7,14
h2o-v2-0729,H2O,0.857495349346,0.862053327936,116.852221620515,full_domain_latin_hypercube,PySCF FCI,sto-3g,-74.9126802247772616,-74.9495560539587018,-2039.4813187495983584,1.9852656253693002,train,false,true,true,2.13.1,10,7,14
h2o-v2-0730,H2O,0.798436236625,0.809097278691,104.159112145408,full_domain_latin_hypercube,PySCF FCI,sto-3g,-74.8554700778967543,-74.8886222557132442,-2037.8232256301062080,3.6433587448615539,train,false,true,true,2.13.1,10,7,14
h2o-v2-0731,H2O,1.023246966995,1.116130987955,107.366869046761,full_domain_latin_hypercube,PySCF FCI,sto-3g,-74.9466367568794993,-75.0122277575290042,-2041.1867026821439595,0.2798816928237369,train,false,true,true,2.13.1,10,7,14
h2o-v2-0732,H2O,0.945275236067,1.140179608032,99.371263020932,full_domain_latin_hypercube,PySCF FCI,sto-3g,-74.9424648302405529,-75.0060595756667112,-2041.0188579030536857,0.4477264719140880,train,false,true,true,2.13.1,10,7,14
h2o-v2-0733,H2O,0.755643242916,0.843867156419,107.645138479143,full_domain_latin_hypercube,PySCF FCI,sto-3g,-74.8365980718278507,-74.8691078645570940,-2037.2922119950007982,4.1743723799668482,test,true,true,true,2.13.1,10,7,14
h2o-v2-0734,H2O,0.818625265522,0.919492667595,95.443107485343,full_domain_latin_hypercube,PySCF FCI,sto-3g,-74.9102045934177738,-74.9512598642013756,-2039.5276817882015621,1.9389025867660314,train,true,true,true,2.13.1,10,7,14
h2o-v2-0735,H2O,0.808625658646,1.017517204219,107.558116103465,full_domain_latin_hypercube,PySCF FCI,sto-3g,-74.9085774831128077,-74.9533366412717186,-2039.5841937712095842,1.8823906037581186,train,true,true,true,2.13.1,10,7,14
h2o-v2-0736,H2O,0.999321794127,1.106165129438,105.893312435048,full_domain_latin_hypercube,PySCF FCI,sto-3g,-74.9507216729082586,-75.0139001510509331,-2041.2322108282244244,0.2343735467432403,train,false,true,true,2.13.1,10,7,14
h2o-v2-0737,H2O,0.850399013842,1.243817878658,81.399067077759,full_domain_latin_hypercube,PySCF FCI,sto-3g,-74.8715797086536980,-74.9439344190816854,-2039.3283462716260601,2.1382381033417106,train,false,true,true,2.13.1,10,7,14
h2o-v2-0738,H2O,0.845292640921,1.008173355610,129.545698963435,full_domain_latin_hypercube,PySCF FCI,sto-3g,-74.9054268177931561,-74.9487849900470167,-2039.4603370316772271,2.0062473432905068,train,true,true,true,2.13.1,10,7,14
h2o-v2-0739,H2O,0.766945701948,0.980709561493,86.803111403489,full_domain_latin_hypercube,PySCF FCI,sto-3g,-74.8611783110497413,-74.9052964450628735,-2038.2769534368376299,3.1896309381300489,train,true,true,true,2.13.1,10,7,14
h2o-v2-0740,H2O,1.002093226965,1.126873562814,90.568299840337,full_domain_latin_hypercube,PySCF FCI,sto-3g,-74.9461195275395937,-75.0143360420430696,-2041.2440720263725780,0.2225123485950677,test,false,true,true,2.13.1,10,7,14
h2o-v2-0741,H2O,0.924957524298,1.181398536576,99.856218619896,full_domain_latin_hypercube,PySCF FCI,sto-3g,-74.9283883493404801,-74.9944383993609875,-2040.7026295859657239,0.7639547890018590,train,true,true,true,2.13.1,10,7,14
h2o-v2-0742,H2O,0.868660609461,1.003260885307,119.674388904146,full_domain_latin_hypercube,PySCF FCI,sto-3g,-74.9311417886327007,-74.9764512668681107,-2040.2131747762443865,1.2534095987232925,train,true,true,true,2.13.1,10,7,14
h2o-v2-0743,H2O,0.824672384995,1.227244131479,83.256427768539,full_domain_latin_hypercube,PySCF FCI,sto-3g,-74.8635436015153175,-74.9322401179869360,-2039.0101281276597547,2.4564562473078180,train,true,true,true,2.13.1,10,7,14
h2o-v2-0744,H2O,1.008430919834,1.017464473384,110.174495630289,full_domain_latin_hypercube,PySCF FCI,sto-3g,-74.9597512535331845,-75.0159304506405107,-2041.2874580945515390,0.1791262804161743,train,true,true,true,2.13.1,10,7,14
h2o-v2-0745,H2O,0.766826288569,1.170275153629,89.311570638263,full_domain_latin_hypercube,PySCF FCI,sto-3g,-74.8366185386806819,-74.8951847263525394,-2038.0017995533999056,3.4647848215677346,train,true,true,true,2.13.1,10,7,14
h2o-v2-0746,H2O,1.137285575070,1.153202835360,107.861167639033,full_domain_latin_hypercube,PySCF FCI,sto-3g,-74.9202981259974337,-74.9988858733134549,-2040.8236515175053682,0.6429328574622988,train,true,true,true,2.13.1,10,7,14
h2o-v2-0747,H2O,0.903676396655,0.961126891034,99.602560860763,full_domain_latin_hypercube,PySCF FCI,sto-3g,-74.9550103078447307,-75.0023374796565463,-2040.9175745108764204,0.5490098640913369,train,false,true,true,2.13.1,10,7,14
h2o-v2-0748,H2O,0.837748069353,1.015612330926,110.895727819427,full_domain_latin_hypercube,PySCF FCI,sto-3g,-74.9251741305848213,-74.9707795578130174,-2040.0588397104713749,1.4077446644963034,train,false,true,true,2.13.1,10,7,14
h2o-v2-0749,H2O,0.842438351345,0.891524776324,120.111194478406,full_domain_latin_hypercube,PySCF FCI,sto-3g,-74.9119073216941160,-74.9492043087086870,-2039.4717472737399930,1.9948371012276445,train,true,true,true,2.13.1,10,7,14
h2o-v2-0750,H2O,0.806713353534,0.978958262599,83.001258569507,full_domain_latin_hypercube,PySCF FCI,sto-3g,-74.8898323744385834,-74.9366018657740653,-2039.1288173314030701,2.3377670435646567,train,true,true,true,2.13.1,10,7,14
h2o-v2-0751,H2O,0.849507598631,0.856608685745,113.308034512898,full_domain_latin_hypercube,PySCF FCI,sto-3g,-74.9098725461526129,-74.9464848666673333,-2039.3977474859791528,2.0688368889884972,train,true,true,true,2.13.1,10,7,14
h2o-v2-0752,H2O,1.072670991931,1.159330086634,109.392080045277,full_domain_latin_hypercube,PySCF FCI,sto-3g,-74.9294989445267845,-75.0027557006327470,-2040.9289548833958179,0.5376294915717654,train,false,true,true,2.13.1,10,7,14
h2o-v2-0753,H2O,0.765371271830,1.108297241265,122.776246318761,full_domain_latin_hypercube,PySCF FCI,sto-3g,-74.8396944585421693,-74.8873276534952055,-2037.7879977091160981,3.6785866658515172,train,false,true,true,2.13.1,10,7,14
h2o-v2-0754,H2O,0.859290334937,1.211509189391,102.314980791185,full_domain_latin_hypercube,PySCF FCI,sto-3g,-74.8976494445547161,-74.9623012712129650,-2039.8281337790931502,1.6384505958745121,train,true,true,true,2.13.1,10,7,14
h2o-v2-0755,H2O,1.155064831838,1.203861414880,118.039901890217,full_domain_latin_hypercube,PySCF FCI,sto-3g,-74.8904875462405926,-74.9752663254112974,-2040.1809308765841706,1.2856534983835215,train,true,true,true,2.13.1,10,7,14
h2o-v2-0756,H2O,0.813315908945,1.110222359142,100.983398847631,full_domain_latin_hypercube,PySCF FCI,sto-3g,-74.8981300618721662,-74.9512153349044894,-2039.5264700843047194,1.9401142906628654,train,true,true,true,2.13.1,10,7,14
h2o-v2-0757,H2O,0.866752724753,1.087032768710,91.628618039313,full_domain_latin_hypercube,PySCF FCI,sto-3g,-74.9294634043828864,-74.9853933813292315,-2040.4565021067016914,1.0100822682658992,train,true,true,true,2.13.1,10,7,14
h2o-v2-0758,H2O,0.836935623583,0.881460299453,81.328535137614,full_domain_latin_hypercube,PySCF FCI,sto-3g,-74.8873942913931643,-74.9300702305319533,-2038.9510824820119979,2.5155018929556761,train,true,true,true,2.13.1,10,7,14
h2o-v2-0759,H2O,0.953546894953,1.126051815328,96.397848838343,full_domain_latin_hypercube,PySCF FCI,sto-3g,-74.9465200149328723,-75.0099928181040099,-2041.1258868822139902,0.3406974927536434,train,false,true,true,2.13.1,10,7,14
h2o-v2-0760,H2O,0.832030407566,0.979156518097,125.843610835359,full_domain_latin_hypercube,PySCF FCI,sto-3g,-74.9069636034786441,-74.9481686553465352,-2039.4435657100855224,2.0230186648821142,train,true,true,true,2.13.1,10,7,14
h2o-v2-0761,H2O,0.930765596421,1.147081790618,90.197667828736,full_domain_latin_hypercube,PySCF FCI,sto-3g,-74.9353239809732941,-75.0005995426991063,-2040.8702828370562656,0.5963015379114127,train,false,true,true,2.13.1,10,7,14
h2o-v2-0762,H2O,0.839349772334,1.078691323707,95.079188082924,full_domain_latin_hypercube,PySCF FCI,sto-3g,-74.9195847011129530,-74.9726016532142694,-2040.1084214522118145,1.3581629227557968,train,true,true,true,2.13.1,10,7,14
h2o-v2-0763,H2O,0.827452253345,0.959360417341,88.964546438446,full_domain_latin_hypercube,PySCF FCI,sto-3g,-74.9137667325038450,-74.9589629032319067,-2039.7372921585292715,1.7292922164383302,train,false,true,true,2.13.1,10,7,14
h2o-v2-0764,H2O,0.854927472259,0.944650812662,111.697652590339,full_domain_latin_hypercube,PySCF FCI,sto-3g,-74.9338171745326491,-74.9756518830874938,-2040.1914224354311500,1.2751619395364353,train,true,true,true,2.13.1,10,7,14
h2o-v2-0765,H2O,0.888198439193,1.131456841171,103.940203218501,full_domain_latin_hypercube,PySCF FCI,sto-3g,-74.9306099623642581,-74.9890825152500042,-2040.5568885547331774,0.9096958202345760,validation,true,true,true,2.13.1,10,7,14
h2o-v2-0766,H2O,0.907408644873,1.165197861822,104.246798543765,full_domain_latin_hypercube,PySCF FCI,sto-3g,-74.9274829942139888,-74.9901291776836700,-2040.5853696904846402,0.8812146844829301,validation,false,true,true,2.13.1,10,7,14
h2o-v2-0767,H2O,0.794169947065,0.799548826083,102.716558282145,full_domain_latin_hypercube,PySCF FCI,sto-3g,-74.8447699463138036,-74.8774994317199116,-2037.5205581702773543,3.9460262046902681,train,true,true,true,2.13.1,10,7,14
h2o-v2-0768,H2O,0.761105400385,1.037459482953,109.500979473071,full_domain_latin_hypercube,PySCF FCI,sto-3g,-74.8629145648708629,-74.9065857893653231,-2038.3120382826557488,3.1545460923120308,train,false,true,true,2.13.1,10,7,14
h2o-v2-0769,H2O,0.763965728805,0.792643131334,91.381896205381,full_domain_latin_hypercube,PySCF FCI,sto-3g,-74.7995034232442322,-74.8322776004033301,-2036.2900094515709952,5.1765749233966840,train,true,true,true,2.13.1,10,7,14
h2o-v2-0770,H2O,0.915339083243,1.175383729592,106.194295614590,full_domain_latin_hypercube,PySCF FCI,sto-3g,-74.9255664335583447,-74.9893707824221281,-2040.5647327040958317,0.9018516708718759,train,false,true,true,2.13.1,10,7,14
h2o-v2-0771,H2O,0.898460128686,1.107397232586,120.516285140081,full_domain_latin_hypercube,PySCF FCI,sto-3g,-74.9228076454685663,-74.9776589222237817,-2040.2460367525795846,1.2205476223880922,train,false,true,true,2.13.1,10,7,14
h2o-v2-0772,H2O,0.840547219685,1.219724235981,109.665625914650,full_domain_latin_hypercube,PySCF FCI,sto-3g,-74.8812455054664241,-74.9445923665384015,-2039.3462499340002978,2.1203344409674432,train,true,true,true,2.13.1,10,7,14
h2o-v2-0773,H2O,0.833509975813,0.912408366852,94.532475196367,full_domain_latin_hypercube,PySCF FCI,sto-3g,-74.9172334407466565,-74.9587828650401775,-2039.7323930697550622,1.7341913052125022,train,false,true,true,2.13.1,10,7,14
h2o-v2-0774,H2O,1.030510490739,1.219478826913,114.779892994063,full_domain_latin_hypercube,PySCF FCI,sto-3g,-74.9113883706130252,-74.9868575689951342,-2040.4963446828153337,0.9702396921524085,train,false,true,true,2.13.1,10,7,14
h2o-v2-0775,H2O,0.779917182249,0.791470870692,119.740058032473,full_domain_latin_hypercube,PySCF FCI,sto-3g,-74.8236502967349395,-74.8536399966326940,-2036.8713098665079997,4.5952745084596263,train,true,true,true,2.13.1,10,7,14
h2o-v2-0776,H2O,0.873315475216,0.895392874174,84.260172706528,full_domain_latin_hypercube,PySCF FCI,sto-3g,-74.9168716589859969,-74.9616528518902641,-2039.8104893904537676,1.6560949845138906,train,false,true,true,2.13.1,10,7,14
h2o-v2-0777,H2O,0.916879515433,1.094562169393,94.329596778638,full_domain_latin_hypercube,PySCF FCI,sto-3g,-74.9461208886482098,-75.0050083468450453,-2040.9902525095542387,0.4763318654133556,train,false,true,true,2.13.1,10,7,14
h2o-v2-0778,H2O,1.047001940593,1.088831370791,111.244744762693,full_domain_latin_hypercube,PySCF FCI,sto-3g,-74.9463458994901401,-75.0108969037710267,-2041.1504883064988007,0.3160960684689867,train,true,true,true,2.13.1,10,7,14
h2o-v2-0779,H2O,0.928760990495,1.180132802866,90.617218898758,full_domain_latin_hypercube,PySCF FCI,sto-3g,-74.9269965958523017,-74.9951455263379358,-2040.7218714912605719,0.7447128837071609,train,false,true,true,2.13.1,10,7,14
h2o-v2-0780,H2O,1.193438268799,1.195763008681,89.367717041958,full_domain_latin_hypercube,PySCF FCI,sto-3g,-74.8990787909854276,-74.9906341131506480,-2040.5991096845059474,0.8674746904616950,train,true,true,true,2.13.1,10,7,14
h2o-v2-0781,H2O,1.091172165355,1.206463214349,92.071883294873,full_domain_latin_hypercube,PySCF FCI,sto-3g,-74.9194228202655239,-75.0019148019254231,-2040.9060728638771707,0.5605115110905067,train,false,true,true,2.13.1,10,7,14
h2o-v2-0782,H2O,0.931561355625,0.983847821858,106.298858960110,full_domain_latin_hypercube,PySCF FCI,sto-3g,-74.9603249295553979,-75.0096586867353494,-2041.1167947044846187,0.3497896704831635,train,false,true,true,2.13.1,10,7,14
h2o-v2-0783,H2O,0.797291601065,1.195175841848,123.714274706786,full_domain_latin_hypercube,PySCF FCI,sto-3g,-74.8421872137858628,-74.8992104888032202,-2038.1113461303800705,3.3552382445876652,train,true,true,true,2.13.1,10,7,14
h2o-v2-0784,H2O,0.983729169106,1.150473024139,103.200593845410,full_domain_latin_hypercube,PySCF FCI,sto-3g,-74.9420029935435252,-75.0084619967538515,-2041.0842311111812251,0.3823532637864074,train,false,true,true,2.13.1,10,7,14
h2o-v2-0785,H2O,0.940322800055,1.179578883072,105.030286376867,full_domain_latin_hypercube,PySCF FCI,sto-3g,-74.9297654141423237,-74.9957496655049169,-2040.7383109554796192,0.7282734194881088,train,true,true,true,2.13.1,10,7,14
h2o-v2-0786,H2O,0.841905759934,1.019746452176,83.587538058265,full_domain_latin_hypercube,PySCF FCI,sto-3g,-74.9142143224063091,-74.9655189858890196,-2039.9156922559727718,1.5508921189950067,train,true,true,true,2.13.1,10,7,14
h2o-v2-0787,H2O,1.120506341766,1.196544706322,92.952351538126,full_domain_latin_hypercube,PySCF FCI,sto-3g,-74.9171792961217591,-75.0010404951435987,-2040.8822817643394956,0.5843026106282180,train,false,true,true,2.13.1,10,7,14
h2o-v2-0788,H2O,0.773788944840,1.087686930283,116.711414395474,full_domain_latin_hypercube,PySCF FCI,sto-3g,-74.8607141336116086,-74.9077721706600812,-2038.3443213623022530,3.1222630126653521,train,true,true,true,2.13.1,10,7,14
h2o-v2-0789,H2O,0.846929741225,1.135915261136,97.768320222926,full_domain_latin_hypercube,PySCF FCI,sto-3g,-74.9126720448230969,-74.9703339235519906,-2040.0467133844701948,1.4198709904975502,train,true,true,true,2.13.1,10,7,14
h2o-v2-0790,H2O,0.890173429676,1.087789616877,109.438255010266,full_domain_latin_hypercube,PySCF FCI,sto-3g,-74.9376388160749798,-74.9916954396264686,-2040.6279898491725362,0.8385945257950479,train,true,true,true,2.13.1,10,7,14
h2o-v2-0791,H2O,0.889851788985,0.991641292224,80.685348169689,full_domain_latin_hypercube,PySCF FCI,sto-3g,-74.9300583758692227,-74.9827548993612822,-2040.3847053547688120,1.0818790201988406,train,true,true,true,2.13.1,10,7,14
h2o-v2-0792,H2O,1.067067152919,1.091344615581,92.772781594297,full_domain_latin_hypercube,PySCF FCI,sto-3g,-74.9494190134560370,-75.0190216506854313,-2041.3715739329375083,0.0950104420302248,train,false,true,true,2.13.1,10,7,14
h2o-v2-0793,H2O,0.995946841163,1.198120789147,95.967977230081,full_domain_latin_hypercube,PySCF FCI,sto-3g,-74.9307014045381976,-75.0039838885129910,-2040.9623755781879026,0.5042087967798038,train,true,true,true,2.13.1,10,7,14
h2o-v2-0794,H2O,0.798449250844,1.068549049461,96.873840973558,full_domain_latin_hypercube,PySCF FCI,sto-3g,-74.8941664480766747,-74.9439474434600754,-2039.3287006830169048,2.1378836919507260,validation,true,true,true,2.13.1,10,7,14
h2o-v2-0795,H2O,0.897176874926,0.998535966550,120.445321434511,full_domain_latin_hypercube,PySCF FCI,sto-3g,-74.9392539830073190,-74.9857303371768751,-2040.4656711424197510,1.0009132325478252,validation,false,true,true,2.13.1,10,7,14
h2o-v2-0796,H2O,0.993226024141,1.201094574253,82.070671225963,full_domain_latin_hypercube,PySCF FCI,sto-3g,-74.9194895368436420,-74.9962548405407574,-2040.7520574685015617,0.7145269064660230,validation,true,true,true,2.13.1,10,7,14
h2o-v2-0797,H2O,1.156359255140,1.225325937155,103.294828791585,full_domain_latin_hypercube,PySCF FCI,sto-3g,-74.8999408626479237,-74.9882942322791735,-2040.5354382823427386,0.9311460926249872,train,false,true,true,2.13.1,10,7,14
h2o-v2-0798,H2O,0.901112084376,0.946538531465,105.676210248142,full_domain_latin_hypercube,PySCF FCI,sto-3g,-74.9528673921388844,-74.9981344755506001,-2040.8032049427558832,0.6633794322117126,train,true,true,true,2.13.1,10,7,14
h2o-v2-0799,H2O,0.775912674468,0.777815488872,96.750062125937,full_domain_latin_hypercube,PySCF FCI,sto-3g,-74.8061858781807558,-74.8380026955723991,-2036.4457972275115480,5.0207871474561063,train,false,true,true,2.13.1,10,7,14
h2o-v2-0800,H2O,0.867340522448,1.172673539809,127.262857389416,full_domain_latin_hypercube,PySCF FCI,sto-3g,-74.8836834194489427,-74.9420653925212150,-2039.2774874679848836,2.1890969069826807,train,false,true,true,2.13.1,10,7,14
h2o-v2-0801,H2O,0.778447350231,1.167922287892,122.642681600501,full_domain_latin_hypercube,PySCF FCI,sto-3g,-74.8360064171587993,-74.8895172924392369,-2037.8475808201615109,3.6190035548062198,train,false,true,true,2.13.1,10,7,14
h2o-v2-0802,H2O,0.778090270793,1.060371385692,122.568732267021,full_domain_latin_hypercube,PySCF FCI,sto-3g,-74.8631532579894809,-74.9076754616253595,-2038.3416897754050296,3.1248945995626412,train,false,true,true,2.13.1,10,7,14
h2o-v2-0803,H2O,0.790553921966,0.963134641087,125.003281747347,full_domain_latin_hypercube,PySCF FCI,sto-3g,-74.8810136613222994,-74.9194016468957216,-2038.6607755319889748,2.8058088429788035,train,false,true,true,2.13.1,10,7,14
h2o-v2-0804,H2O,0.760936536511,0.784350387034,104.287452339926,full_domain_latin_hypercube,PySCF FCI,sto-3g,-74.8029565111467036,-74.8334423901646062,-2036.3217049956604114,5.1448793793072278,train,true,true,true,2.13.1,10,7,14
h2o-v2-0805,H2O,0.752911197185,0.862721344078,125.164055608517,full_domain_latin_hypercube,PySCF FCI,sto-3g,-74.8308641762273510,-74.8624220487006085,-2037.1102816773604900,4.3563026976072274,train,false,true,true,2.13.1,10,7,14
h2o-v2-0806,H2O,0.771165237306,0.934602827876,125.257400411488,full_domain_latin_hypercube,PySCF FCI,sto-3g,-74.8629743673111534,-74.8988765595821917,-2038.1022594533678785,3.3643249215998932,train,true,true,true,2.13.1,10,7,14
h2o-v2-0807,H2O,0.823059373636,0.977646004497,88.313434698930,full_domain_latin_hypercube,PySCF FCI,sto-3g,-74.9110153264136329,-74.9573173650451139,-2039.6925147833460414,1.7740695916216720,validation,false,true,true,2.13.1,10,7,14
h2o-v2-0808,H2O,0.991080730760,1.228226810645,81.463984288272,full_domain_latin_hypercube,PySCF FCI,sto-3g,-74.9113200833674711,-74.9908709989522038,-2040.6055556755482030,0.8610286994193700,train,false,true,true,2.13.1,10,7,14
h2o-v2-0809,H2O,0.949463209307,1.136601050874,106.373222184628,full_domain_latin_hypercube,PySCF FCI,sto-3g,-74.9413308046521536,-75.0036838811063689,-2040.9542119607697259,0.5123724141980568,train,true,true,true,2.13.1,10,7,14
h2o-v2-0810,H2O,0.926951835331,1.054172183948,128.355795864886,full_domain_latin_hypercube,PySCF FCI,sto-3g,-74.9253612436411345,-74.9768043981848962,-2040.2227839689010125,1.2438004060666881,train,false,true,true,2.13.1,10,7,14
h2o-v2-0811,H2O,0.893363836908,1.167124031904,101.416600673759,full_domain_latin_hypercube,PySCF FCI,sto-3g,-74.9239113623073933,-74.9863698955145992,-2040.4830744113744458,0.9835099635931723,test,true,true,true,2.13.1,10,7,14
h2o-v2-0812,H2O,0.788138194138,1.109432761549,98.530875701376,full_domain_latin_hypercube,PySCF FCI,sto-3g,-74.8779480696387765,-74.9301736990650227,-2038.9538980042295861,2.5126863707380185,train,true,true,true,2.13.1,10,7,14
h2o-v2-0813,H2O,1.004912439237,1.080078416825,100.792982961453,full_domain_latin_hypercube,PySCF FCI,sto-3g,-74.9574955347704162,-75.0197513115038532,-2041.3914290152961257,0.0751553596715811,train,false,true,true,2.13.1,10,7,14
h2o-v2-0814,H2O,0.921136778563,0.933604153405,90.936126150172,full_domain_latin_hypercube,PySCF FCI,sto-3g,-74.9504299331847790,-74.9987793762164898,-2040.8207535838657805,0.6458307911018921,test,true,true,true,2.13.1,10,7,14
h2o-v2-0815,H2O,0.774789888242,0.885155005873,97.139993293497,full_domain_latin_hypercube,PySCF FCI,sto-3g,-74.8678824282673361,-74.9047144919903474,-2038.2611176870041163,3.2054666879635985,test,true,true,true,2.13.1,10,7,14
h2o-v2-0816,H2O,0.990784482115,1.101949258877,90.802869899461,full_domain_latin_hypercube,PySCF FCI,sto-3g,-74.9511443197503695,-75.0163300262506283,-2041.2983311008129022,0.1682532741547877,train,false,true,true,2.13.1,10,7,14
h2o-v2-0817,H2O,1.210254780071,1.220356680187,102.189300225384,full_domain_latin_hypercube,PySCF FCI,sto-3g,-74.8880635252201898,-74.9815019302766501,-2040.3506103290526426,1.1159740459150476,train,true,true,true,2.13.1,10,7,14
h2o-v2-0818,H2O,1.096217128924,1.171113658679,113.646892368958,full_domain_latin_hypercube,PySCF FCI,sto-3g,-74.9178981470918899,-74.9939219808487394,-2040.6885771223644497,0.7780072526032219,train,false,true,true,2.13.1,10,7,14
h2o-v2-0819,H2O,0.885582204309,1.054864182983,103.349206541145,full_domain_latin_hypercube,PySCF FCI,sto-3g,-74.9449534390551975,-74.9971055758268506,-2040.7752071549646189,0.6913772200030515,train,false,true,true,2.13.1,10,7,14
h2o-v2-0820,H2O,0.984872440339,0.995192546121,88.349820541196,full_domain_latin_hypercube,PySCF FCI,sto-3g,-74.9593217895305486,-75.0164236139565048,-2041.3008777520253716,0.1657066229423055,train,false,true,true,2.13.1,10,7,14
h2o-v2-0821,H2O,0.756002289965,0.989446878384,117.296879691447,full_domain_latin_hypercube,PySCF FCI,sto-3g,-74.8565198013805571,-74.8958188109210852,-2038.0190538735073460,3.4475305014604154,train,true,true,true,2.13.1,10,7,14
h2o-v2-0822,H2O,0.920802442032,1.120366807849,97.263408026277,full_domain_latin_hypercube,PySCF FCI,sto-3g,-74.9427002747999467,-75.0033992808688339,-2040.9464675937804259,0.5201167811873205,train,false,true,true,2.13.1,10,7,14
h2o-v2-0823,H2O,1.032515681313,1.157065417311,84.149703549806,full_domain_latin_hypercube,PySCF FCI,sto-3g,-74.9322790232932192,-75.0071387997639363,-2041.0482250868092251,0.4183592881585195,train,false,true,true,2.13.1,10,7,14
h2o-v2-0824,H2O,1.051029027294,1.221192327650,122.855562089872,full_domain_latin_hypercube,PySCF FCI,sto-3g,-74.8960472672578845,-74.9730014440763881,-2040.1193003157786734,1.3472840591890678,train,false,true,true,2.13.1,10,7,14
h2o-v2-0825,H2O,0.924106604636,0.977448117802,87.305187480964,full_domain_latin_hypercube,PySCF FCI,sto-3g,-74.9508502455974508,-75.0030222394028385,-2040.9362077728183067,0.5303766021492743,train,false,true,true,2.13.1,10,7,14
h2o-v2-0826,H2O,1.005620059207,1.104309396143,126.543701718108,full_domain_latin_hypercube,PySCF FCI,sto-3g,-74.9228118191341537,-74.9840505725815660,-2040.4199624192144711,1.0466219557531156,train,true,true,true,2.13.1,10,7,14
h2o-v2-0827,H2O,0.889451031541,1.152643669171,80.876434158296,full_domain_latin_hypercube,PySCF FCI,sto-3g,-74.9113936223978669,-74.9770433456072709,-2040.2292860595036927,1.2372983154639658,train,true,true,true,2.13.1,10,7,14
h2o-v2-0828,H2O,0.778836411139,0.976548782753,124.977127545950,full_domain_latin_hypercube,PySCF FCI,sto-3g,-74.8708450096398508,-74.9095247352018276,-2038.3920110729688986,3.0745733019988668,train,true,true,true,2.13.1,10,7,14
h2o-v2-0829,H2O,1.114216247334,1.115091260737,108.278578558171,full_domain_latin_hypercube,PySCF FCI,sto-3g,-74.9333452847777863,-75.0062178257875871,-2041.0231641082161786,0.4434202667514599,train,false,true,true,2.13.1,10,7,14
h2o-v2-0830,H2O,0.966787451660,1.182726186109,120.694480719454,full_domain_latin_hypercube,PySCF FCI,sto-3g,-74.9137518234030608,-74.9801270055247215,-2040.3131967205688397,1.1533876543989452,train,true,true,true,2.13.1,10,7,14
h2o-v2-0831,H2O,0.893113947344,1.192663467517,112.501392168091,full_domain_latin_hypercube,PySCF FCI,sto-3g,-74.9092599759525228,-74.9725656388797290,-2040.1074414522443021,1.3591429227233671,test,false,true,true,2.13.1,10,7,14
h2o-v2-0832,H2O,0.761676196805,1.050008109355,119.817537103614,full_domain_latin_hypercube,PySCF FCI,sto-3g,-74.8524636692910263,-74.8957880047532143,-2038.0182155949746630,3.4483687799931086,train,true,true,true,2.13.1,10,7,14
h2o-v2-0833,H2O,0.750899067260,0.895967217414,97.996662118556,full_domain_latin_hypercube,PySCF FCI,sto-3g,-74.8462204594176228,-74.8824617224125575,-2037.6555889789799494,3.8109953959878098,test,false,true,true,2.13.1,10,7,14
h2o-v2-0834,H2O,1.130400443959,1.151757000507,96.641694072477,full_domain_latin_hypercube,PySCF FCI,sto-3g,-74.9270166139253746,-75.0066190786341309,-2041.0340827544057447,0.4325016205618544,train,false,true,true,2.13.1,10,7,14
h2o-v2-0835,H2O,0.827333600235,1.157093717175,99.057408540259,full_domain_latin_hypercube,PySCF FCI,sto-3g,-74.8960445215048338,-74.9543041950509661,-2039.6105222508103907,1.8560621241572492,train,true,true,true,2.13.1,10,7,14
h2o-v2-0836,H2O,1.056077721467,1.061209946542,102.096064276241,full_domain_latin_hypercube,PySCF FCI,sto-3g,-74.9559947808887728,-75.0203566047230623,-2041.4078998828761087,0.0586844920916047,train,false,true,true,2.13.1,10,7,14
h2o-v2-0837,H2O,0.920076872876,0.986491033650,123.509698097768,full_domain_latin_hypercube,PySCF FCI,sto-3g,-74.9398880097481310,-74.9865512234792249,-2040.4880085966572096,0.9785757783105444,train,true,true,true,2.13.1,10,7,14
h2o-v2-0838,H2O,0.847207576066,0.921936778390,117.183839242525,full_domain_latin_hypercube,PySCF FCI,sto-3g,-74.9230745784220176,-74.9625585692241003,-2039.8351352146544286,1.6314491603131855,validation,false,true,true,2.13.1,10,7,14
h2o-v2-0839,H2O,0.972137432521,1.158289928635,83.111554872168,full_domain_latin_hypercube,PySCF FCI,sto-3g,-74.9303851231144336,-75.0012456865578656,-2040.8878653071674307,0.5787190678002411,validation,false,true,true,2.13.1,10,7,14
h2o-v2-0840,H2O,0.891809202350,1.186595865386,116.257014133701,full_domain_latin_hypercube,PySCF FCI,sto-3g,-74.9061310796050890,-74.9683520055624086,-2039.9927826485477453,1.4738017264199359,train,true,true,true,2.13.1,10,7,14
h2o-v2-0841,H2O,1.000771862947,1.072826125180,102.206842558191,full_domain_latin_hypercube,PySCF FCI,sto-3g,-74.9584186723523374,-75.0195343344649075,-2041.3855247692829380,0.0810596056848445,train,false,true,true,2.13.1,10,7,14
h2o-v2-0842,H2O,0.838563865183,0.853481896328,81.240860256517,full_domain_latin_hypercube,PySCF FCI,sto-3g,-74.8759628594855116,-74.9172035613782867,-2038.6009625779722683,2.8656217969954354,train,false,true,true,2.13.1,10,7,14
h2o-v2-0843,H2O,1.036659384728,1.086111646484,93.039000152013,full_domain_latin_hypercube,PySCF FCI,sto-3g,-74.9536625412702477,-75.0203723888494096,-2041.4083293908347514,0.0582549841330133,train,false,true,true,2.13.1,10,7,14
h2o-v2-0844,H2O,1.149122796236,1.247709062989,127.683822190451,full_domain_latin_hypercube,PySCF FCI,sto-3g,-74.8612908501197154,-74.9507166374943097,-2039.5128998364564268,1.9536845385111397,train,false,true,true,2.13.1,10,7,14
h2o-v2-0845,H2O,1.130389302462,1.162130143426,126.371465369685,full_domain_latin_hypercube,PySCF FCI,sto-3g,-74.8918439525716906,-74.9695600237689774,-2040.0256544985588789,1.4409298764088065,train,false,true,true,2.13.1,10,7,14
h2o-v2-0846,H2O,1.119321606441,1.224161712809,126.234099130945,full_domain_latin_hypercube,PySCF FCI,sto-3g,-74.8776464199786886,-74.9611553514913140,-2039.7969517149404055,1.6696326600272529,train,true,true,true,2.13.1,10,7,14
h2o-v2-0847,H2O,1.041765259599,1.217619786516,119.601193590628,full_domain_latin_hypercube,PySCF FCI,sto-3g,-74.9037715389797398,-74.9796657313956132,-2040.3006448120763707,1.1659395628913942,train,true,true,true,2.13.1,10,7,14
h2o-v2-0848,H2O,1.028031822019,1.170213170415,90.923002995669,full_domain_latin_hypercube,PySCF FCI,sto-3g,-74.9354583465371888,-75.0095193694955071,-2041.1130036892604949,0.3535806857072369,train,true,true,true,2.13.1,10,7,14
h2o-v2-0849,H2O,0.856523819601,0.903411007868,92.675509430321,full_domain_latin_hypercube,PySCF FCI,sto-3g,-74.9251854979268614,-74.9677543762423397,-2039.9765203262875275,1.4900640486802579,train,true,true,true,2.13.1,10,7,14
h2o-v2-0850,H2O,0.964519085128,1.112481346609,126.299135088881,full_domain_latin_hypercube,PySCF FCI,sto-3g,-74.9214920437156593,-74.9805077576391739,-2040.3235575134190185,1.1430268615486066,train,false,true,true,2.13.1,10,7,14
h2o-v2-0851,H2O,1.000168206899,1.035102684977,127.894743747182,full_domain_latin_hypercube,PySCF FCI,sto-3g,-74.9320585317605179,-74.9870029180640216,-2040.5002998324691816,0.9662845424984183,test,true,true,true,2.13.1,10,7,14
h2o-v2-0852,H2O,1.176532496090,1.180557931806,110.793807746927,full_domain_latin_hypercube,PySCF FCI,sto-3g,-74.9011194332842081,-74.9859760058822360,-2040.4723561284499738,0.9942282465176975,train,true,true,true,2.13.1,10,7,14
h2o-v2-0853,H2O,1.007472318762,1.053758242456,123.407963249059,full_domain_latin_hypercube,PySCF FCI,sto-3g,-74.9377887194673349,-74.9951635453686123,-2040.7223618140640156,0.7442225609036459,train,true,true,true,2.13.1,10,7,14
h2o-v2-0854,H2O,0.790853550972,0.879239574649,104.389825149977,full_domain_latin_hypercube,PySCF FCI,sto-3g,-74.8837781490250336,-74.9199282171100833,-2038.6751042374773988,2.7914801374901734,train,true,true,true,2.13.1,10,7,14
h2o-v2-0855,H2O,1.091120749412,1.136336492643,107.694885544652,full_domain_latin_hypercube,PySCF FCI,sto-3g,-74.9335960326572632,-75.0064525753859925,-2041.0295519702094680,0.4370324047581596,test,false,true,true,2.13.1,10,7,14
h2o-v2-0856,H2O,0.892308109771,1.244405550046,119.167846209934,full_domain_latin_hypercube,PySCF FCI,sto-3g,-74.8842128446096922,-74.9523525400764754,-2039.5574150134807496,1.9091693614870189,train,true,true,true,2.13.1,10,7,14
h2o-v2-0857,H2O,1.106745573654,1.229931833177,112.333766710343,full_domain_latin_hypercube,PySCF FCI,sto-3g,-74.9012172465275654,-74.9845022494606042,-2040.4322531732284460,1.0343312017392265,train,true,true,true,2.13.1,10,7,14
h2o-v2-0858,H2O,0.892671046753,1.082696107937,118.167352789750,full_domain_latin_hypercube,PySCF FCI,sto-3g,-74.9299171347024640,-74.9826202405634206,-2040.3810411022088829,1.0855432727588752,train,true,true,true,2.13.1,10,7,14
h2o-v2-0859,H2O,0.782957707678,0.922065498480,111.038269310139,full_domain_latin_hypercube,PySCF FCI,sto-3g,-74.8854171187610547,-74.9226414369194487,-2038.7489347096804977,2.7176496652872673,train,true,true,true,2.13.1,10,7,14
h2o-v2-0860,H2O,0.948510837843,1.097247293041,127.382328311930,full_domain_latin_hypercube,PySCF FCI,sto-3g,-74.9216134991099239,-74.9780934813747422,-2040.2578617094829951,1.2087226654845784,train,true,true,true,2.13.1,10,7,14
h2o-v2-0861,H2O,0.844837829057,0.857823531503,124.298544546415,full_domain_latin_hypercube,PySCF FCI,sto-3g,-74.8975956279784327,-74.9329084866124475,-2039.0283153644834329,2.4382690104843228,train,true,true,true,2.13.1,10,7,14
h2o-v2-0862,H2O,0.964824365605,1.057429348910,91.532662626355,full_domain_latin_hypercube,PySCF FCI,sto-3g,-74.9573241785802793,-75.0169246364837505,-2041.3145112695322041,0.1520731054354815,train,false,true,true,2.13.1,10,7,14
h2o-v2-0863,H2O,1.061095776262,1.065285821051,101.688295525922,full_domain_latin_hypercube,PySCF FCI,sto-3g,-74.9549193538160239,-75.0200784297205701,-2041.4003303554393369,0.0662540195284007,train,false,true,true,2.13.1,10,7,14
h2o-v2-0864,H2O,1.114590056781,1.185836315487,104.105724185342,full_domain_latin_hypercube,PySCF FCI,sto-3g,-74.9195251805037259,-74.9997312725088108,-2040.8466560015422147,0.6199283734254227,train,true,true,true,2.13.1,10,7,14
h2o-v2-0865,H2O,0.826692457187,1.054608707312,93.236528408261,full_domain_latin_hypercube,PySCF FCI,sto-3g,-74.9144969046851372,-74.9653727533484897,-2039.9117130658305541,1.5548713091370985,train,false,true,true,2.13.1,10,7,14
h2o-v2-0866,H2O,1.035474156664,1.248059874318,106.901993694532,full_domain_latin_hypercube,PySCF FCI,sto-3g,-74.9107496805780215,-74.9904956196557748,-2040.5953410845245344,0.8712432904432452,train,false,true,true,2.13.1,10,7,14
h2o-v2-0867,H2O,0.870323966366,1.125183156639,122.215062279729,full_domain_latin_hypercube,PySCF FCI,sto-3g,-74.9067665962705291,-74.9613428326684357,-2039.8020533376650292,1.6645310373027435,train,true,true,true,2.13.1,10,7,14
h2o-v2-0868,H2O,0.942464804449,0.957469654505,106.234578854367,full_domain_latin_hypercube,PySCF FCI,sto-3g,-74.9609480142864015,-75.0092488052762434,-2041.1056412617856495,0.3609431131819669,train,false,true,true,2.13.1,10,7,14
h2o-v2-0869,H2O,1.083655282691,1.232011474387,108.556198973877,full_domain_latin_hypercube,PySCF FCI,sto-3g,-74.9085365754985588,-74.9903221431107312,-2040.5906205472526835,0.8759638277150469,train,false,true,true,2.13.1,10,7,14
h2o-v2-0870,H2O,0.828171029401,1.133997475049,95.735362580812,full_domain_latin_hypercube,PySCF FCI,sto-3g,-74.9017006039419329,-74.9586054194073625,-2039.7275645281029028,1.7390198468646940,train,false,true,true,2.13.1,10,7,14
h2o-v2-0871,H2O,0.972324203068,1.160434549057,113.991445353117,full_domain_latin_hypercube,PySCF FCI,sto-3g,-74.9299338635794641,-74.9950825929699363,-2040.7201589870760472,0.7464253878915579,train,false,true,true,2.13.1,10,7,14
h2o-v2-0872,H2O,0.772488449381,1.192494197555,103.725668124175,full_domain_latin_hypercube,PySCF FCI,sto-3g,-74.8406443288537986,-74.8986097826921480,-2038.0950000843713497,3.3715842905963762,train,true,true,true,2.13.1,10,7,14
h2o-v2-0873,H2O,0.754552454749,0.866818824548,116.022045767594,full_domain_latin_hypercube,PySCF FCI,sto-3g,-74.8419206087247773,-74.8745683316295043,-2037.4407988735915751,4.0257855013759913,train,true,true,true,2.13.1,10,7,14
h2o-v2-0874,H2O,0.820724195387,1.123056101386,116.939968033444,full_domain_latin_hypercube,PySCF FCI,sto-3g,-74.8895748381685422,-74.9418207357537796,-2039.2708300181886898,2.1957543567790618,train,true,true,true,2.13.1,10,7,14
h2o-v2-0875,H2O,1.167451864609,1.211291749842,88.116209302680,full_domain_latin_hypercube,PySCF FCI,sto-3g,-74.9006752275311385,-74.9915442142676909,-2040.6238747975246497,0.8427095774429347,train,false,true,true,2.13.1,10,7,14
h2o-v2-0876,H2O,0.753361630081,1.052290699896,97.856491190238,full_domain_latin_hypercube,PySCF FCI,sto-3g,-74.8528535285625054,-74.8991097699141903,-2038.1086054297884402,3.3579789451793229,train,true,true,true,2.13.1,10,7,14
h2o-v2-0877,H2O,0.951053211885,0.958600020734,101.875255303805,full_domain_latin_hypercube,PySCF FCI,sto-3g,-74.9630326767450441,-75.0126506104347470,-2041.1982090958872504,0.2683752790803300,train,false,true,true,2.13.1,10,7,14
h2o-v2-0878,H2O,0.880275061913,0.992288067589,97.287386794071,full_domain_latin_hypercube,PySCF FCI,sto-3g,-74.9479151800995567,-74.9963857920582200,-2040.7556208408227576,0.7109635341448509,train,true,true,true,2.13.1,10,7,14
h2o-v2-0879,H2O,0.764905462694,1.236288866708,100.100641330583,full_domain_latin_hypercube,PySCF FCI,sto-3g,-74.8195809235562024,-74.8822130782439359,-2037.6488230264696995,3.8177613484979842,validation,true,true,true,2.13.1,10,7,14
h2o-v2-0880,H2O,0.794180651091,1.082149175702,87.871539279643,full_domain_latin_hypercube,PySCF FCI,sto-3g,-74.8806820020615191,-74.9332753773866500,-2039.0382989710503807,2.4282854039174091,train,true,true,true,2.13.1,10,7,14
h2o-v2-0881,H2O,0.943964891845,1.036378310600,95.361722137732,full_domain_latin_hypercube,PySCF FCI,sto-3g,-74.9596905749835116,-75.0154773970709812,-2041.2751298788809891,0.1914544960867655,train,true,true,true,2.13.1,10,7,14
h2o-v2-0882,H2O,0.774404475488,0.987919443237,114.873833747935,full_domain_latin_hypercube,PySCF FCI,sto-3g,-74.8775909105072799,-74.9178682198475201,-2038.6190488563001963,2.8475355186674594,train,true,true,true,2.13.1,10,7,14
h2o-v2-0883,H2O,0.769935356237,1.086805671521,83.194070089401,full_domain_latin_hypercube,PySCF FCI,sto-3g,-74.8496211870287596,-74.9025650192132559,-2038.2026275530413386,3.2639568219262696,train,true,true,true,2.13.1,10,7,14
h2o-v2-0884,H2O,0.955083407820,1.148220159226,112.684623974246,full_domain_latin_hypercube,PySCF FCI,sto-3g,-74.9334257218479678,-74.9963794081929080,-2040.7554471269979786,0.7111372479695963,train,false,true,true,2.13.1,10,7,14
h2o-v2-0885,H2O,1.098320585074,1.237186245618,118.353979689960,full_domain_latin_hypercube,PySCF FCI,sto-3g,-74.8922063685185861,-74.9752638704199796,-2040.1808640728672799,1.2857203021005004,train,true,true,true,2.13.1,10,7,14
h2o-v2-0886,H2O,0.864585150130,1.003641833883,112.536909641977,full_domain_latin_hypercube,PySCF FCI,sto-3g,-74.9374581894854543,-74.9834282695202745,-2040.4030286902516309,1.0635556847159797,train,true,true,true,2.13.1,10,7,14
h2o-v2-0887,H2O,0.782226844174,0.829863114511,112.915641866015,full_domain_latin_hypercube,PySCF FCI,sto-3g,-74.8543717329601179,-74.8867462822850314,-2037.7721777925637525,3.6944065824038619,train,true,true,true,2.13.1,10,7,14
h2o-v2-0888,H2O,1.085284642153,1.108411240953,108.351993589714,full_domain_latin_hypercube,PySCF FCI,sto-3g,-74.9399994786148227,-75.0097445715898061,-2041.1191317504317340,0.3474526245358616,train,false,true,true,2.13.1,10,7,14
h2o-v2-0889,H2O,0.806206273288,0.979508883731,111.516885996340,full_domain_latin_hypercube,PySCF FCI,sto-3g,-74.9069005289329510,-74.9485070353185847,-2039.4527734982029870,2.0138108767647673,train,true,true,true,2.13.1,10,7,14
h2o-v2-0890,H2O,0.868553309491,0.940073562343,83.968589283610,full_domain_latin_hypercube,PySCF FCI,sto-3g,-74.9244378250267715,-74.9717120862797515,-2040.0842151027650289,1.3823692722026233,train,true,true,true,2.13.1,10,7,14
h2o-v2-0891,H2O,0.775975046379,0.936221657595,97.068262035022,full_domain_latin_hypercube,PySCF FCI,sto-3g,-74.8796304895392666,-74.9193797480368602,-2038.6601796336819916,2.8064047412856272,train,true,true,true,2.13.1,10,7,14
h2o-v2-0892,H2O,1.129944608765,1.203285669229,118.909965615471,full_domain_latin_hypercube,PySCF FCI,sto-3g,-74.8949293739246968,-74.9771453213031975,-2040.2320609595533369,1.2345234154144029,validation,true,true,true,2.13.1,10,7,14
h2o-v2-0893,H2O,0.899302016975,1.172704892318,128.057060708339,full_domain_latin_hypercube,PySCF FCI,sto-3g,-74.8925762337091498,-74.9528564061179026,-2039.5711259069501011,1.8954584680175075,test,false,true,true,2.13.1,10,7,14
h2o-v2-0894,H2O,0.906144533721,1.088408971844,89.794083576102,full_domain_latin_hypercube,PySCF FCI,sto-3g,-74.9413405961107770,-75.0001008117763632,-2040.8567116772846930,0.6098726976829935,train,true,true,true,2.13.1,10,7,14
h2o-v2-0895,H2O,1.034999336051,1.165732792330,128.476720289380,full_domain_latin_hypercube,PySCF FCI,sto-3g,-74.9019464706144049,-74.9713202885762087,-2040.0735537441237284,1.3930306308440177,train,false,true,true,2.13.1,10,7,14
h2o-v2-0896,H2O,0.831021004986,0.937914520068,114.984131189431,full_domain_latin_hypercube,PySCF FCI,sto-3g,-74.9187240142896371,-74.9585786489579107,-2039.7268360670630045,1.7397483079047076,validation,true,true,true,2.13.1,10,7,14
h2o-v2-0897,H2O,0.972928271393,1.162726308057,103.075545733833,full_domain_latin_hypercube,PySCF FCI,sto-3g,-74.9385019602076881,-75.0053761978285394,-2041.0002622447470912,0.4663221302205305,test,false,true,true,2.13.1,10,7,14
h2o-v2-0898,H2O,0.797563033592,0.887090339998,109.048471432806,full_domain_latin_hypercube,PySCF FCI,sto-3g,-74.8910435337031259,-74.9272874103765929,-2038.8753580879113088,2.5912262870563070,validation,true,true,true,2.13.1,10,7,14
h2o-v2-0899,H2O,0.953723294480,1.077778597925,82.558550800074,full_domain_latin_hypercube,PySCF FCI,sto-3g,-74.9427876173679692,-75.0055000464582662,-2041.0036323376466498,0.4629520373209980,train,false,true,true,2.13.1,10,7,14
h2o-v2-0900,H2O,0.750000000000,0.838846065141,106.705441529246,boundary_targeted,PySCF FCI,sto-3g,-74.8278029795632449,-74.8599630448387217,-2037.0433687734941941,4.4232156014734052,train,true,true,true,2.13.1,10,7,14
h2o-v2-0901,H2O,0.772560058760,1.250000000000,128.143631442970,boundary_targeted,PySCF FCI,sto-3g,-74.7943869904152336,-74.8555649428105880,-2036.9236903204573537,4.5428940545102119,train,true,true,true,2.13.1,10,7,14
h2o-v2-0902,H2O,0.878418312565,0.883351589205,80.000000000000,boundary_targeted,PySCF FCI,sto-3g,-74.9046951150147322,-74.9500364378565394,-2039.4943906613887066,1.9721937135788892,train,false,true,true,2.13.1,10,7,14
h2o-v2-0903,H2O,0.757591820489,1.185477580752,130.000000000000,boundary_targeted,PySCF FCI,sto-3g,-74.7971925908529727,-74.8505972850183383,-2036.7885134655346064,4.6780709094330115,train,false,true,true,2.13.1,10,7,14
h2o-v2-0904,H2O,0.762262541725,1.192215552442,104.997880002180,boundary_targeted,PySCF FCI,sto-3g,-74.8294955887625548,-74.8867308688198960,-2037.7717583708106304,3.6948260041570484,train,false,true,true,2.13.1,10,7,14
h2o-v2-0905,H2O,0.915937109634,1.248065297181,102.749252242050,boundary_targeted,PySCF FCI,sto-3g,-74.9057564105896745,-74.9775806134712610,-2040.2439058628683597,1.2226785120993739,train,true,true,true,2.13.1,10,7,14
h2o-v2-0906,H2O,0.750000000000,1.164597064070,105.527790200137,boundary_targeted,PySCF FCI,sto-3g,-74.8234132992646011,-74.8773968237544381,-2037.5177660652968825,3.9488183096706844,train,false,true,true,2.13.1,10,7,14
h2o-v2-0907,H2O,0.782836938673,1.250000000000,115.963112012089,boundary_targeted,PySCF FCI,sto-3g,-74.8226666223536228,-74.8854280181760572,-2037.7363059987203542,3.7302783762473815,train,true,true,true,2.13.1,10,7,14
h2o-v2-0908,H2O,0.857163918172,0.996516942646,80.000000000000,boundary_targeted,PySCF FCI,sto-3g,-74.9150165971930164,-74.9663671644174627,-2039.9387723695156183,1.5278120054519879,validation,true,true,true,2.13.1,10,7,14
h2o-v2-0909,H2O,1.246011451260,1.246482800012,130.000000000000,boundary_targeted,PySCF FCI,sto-3g,-74.8312750895500756,-74.9319378181759532,-2039.0019021307412004,2.4646822442265583,train,true,true,true,2.13.1,10,7,14
h2o-v2-0910,H2O,0.765744584815,1.116187034834,123.476422628177,boundary_targeted,PySCF FCI,sto-3g,-74.8370190205816499,-74.8852456810602689,-2037.7313443530356381,3.7352400219320763,train,false,true,true,2.13.1,10,7,14
h2o-v2-0911,H2O,0.971039098629,1.245542013629,120.411291813865,boundary_targeted,PySCF FCI,sto-3g,-74.8956121365262248,-74.9691472572763473,-2040.0144225500985158,1.4521618248691663,train,false,true,true,2.13.1,10,7,14
h2o-v2-0912,H2O,0.750000000000,1.171086729086,109.495429567671,boundary_targeted,PySCF FCI,sto-3g,-74.8194084885263067,-74.8733917877320465,-2037.4087834831625514,4.0578008918050763,train,false,true,true,2.13.1,10,7,14
h2o-v2-0913,H2O,0.879181060930,1.250000000000,89.642413247802,boundary_targeted,PySCF FCI,sto-3g,-74.8919643828875223,-74.9644369343644712,-2039.8862481340001978,1.5803362409675543,train,false,true,true,2.13.1,10,7,14
h2o-v2-0914,H2O,0.883308063656,1.095510506068,80.000000000000,boundary_targeted,PySCF FCI,sto-3g,-74.9184591065346979,-74.9789336747369930,-2040.2807245355845680,1.1858598393830557,train,true,true,true,2.13.1,10,7,14
h2o-v2-0915,H2O,0.826697165298,0.962024856209,130.000000000000,boundary_targeted,PySCF FCI,sto-3g,-74.8977534845959241,-74.9372238193855509,-2039.1457415513523301,2.3208428236154366,train,false,true,true,2.13.1,10,7,14
h2o-v2-0916,H2O,0.767863466338,1.194156810502,106.040989126994,boundary_targeted,PySCF FCI,sto-3g,-74.8344627075959465,-74.8919906401172000,-2037.9148840391471822,3.5517003358205499,train,false,true,true,2.13.1,10,7,14
h2o-v2-0917,H2O,0.829210955881,1.226742862119,88.907528368485,boundary_targeted,PySCF FCI,sto-3g,-74.8729373965933434,-74.9403287443055888,-2039.2302308626162812,2.2363535123514922,validation,true,true,true,2.13.1,10,7,14
h2o-v2-0918,H2O,0.750000000000,1.027673721490,103.281234228952,boundary_targeted,PySCF FCI,sto-3g,-74.8532853000550915,-74.8967001479468593,-2038.0430362757285820,3.4235480992391865,train,true,true,true,2.13.1,10,7,14
h2o-v2-0919,H2O,0.933283877117,1.250000000000,127.879455500678,boundary_targeted,PySCF FCI,sto-3g,-74.8762728114540437,-74.9473594160262451,-2039.4215451863756243,2.0450391885919688,train,true,true,true,2.13.1,10,7,14
h2o-v2-0920,H2O,1.175051977340,1.242067088647,80.000000000000,boundary_targeted,PySCF FCI,sto-3g,-74.8827339370423317,-74.9794905543332817,-2040.2958780013716478,1.1707063735959342,train,true,true,true,2.13.1,10,7,14
h2o-v2-0921,H2O,0.765082939222,0.930246955116,130.000000000000,boundary_targeted,PySCF FCI,sto-3g,-74.8503982671681314,-74.8853660335233826,-2037.7346193103951464,3.7319650645726332,train,false,true,true,2.13.1,10,7,14
h2o-v2-0922,H2O,0.774208403884,1.224918463308,96.964576844720,boundary_targeted,PySCF FCI,sto-3g,-74.8327575139790042,-74.8952879895578292,-2038.0046094883641672,3.4619748866035964,train,true,true,true,2.13.1,10,7,14
h2o-v2-0923,H2O,0.800044797865,1.244362707635,97.492893120959,boundary_targeted,PySCF FCI,sto-3g,-74.8502485378141671,-74.9159967175119164,-2038.5681226833858091,2.8984616915818413,train,false,true,true,2.13.1,10,7,14
h2o-v2-0924,H2O,0.750000000000,1.192372060954,108.477074760131,boundary_targeted,PySCF FCI,sto-3g,-74.8135843957755782,-74.8697194815908347,-2037.3088549423405311,4.1577294326271055,train,true,true,true,2.13.1,10,7,14
h2o-v2-0925,H2O,0.846541477667,1.250000000000,84.697894380922,boundary_targeted,PySCF FCI,sto-3g,-74.8720631391460500,-74.9439567303471392,-2039.3289533920878966,2.1376309828798097,train,false,true,true,2.13.1,10,7,14
h2o-v2-0926,H2O,0.890871106320,1.064533335871,80.000000000000,boundary_targeted,PySCF FCI,sto-3g,-74.9253729819586596,-74.9837521849639046,-2040.4118428784993284,1.0547414964683208,train,false,true,true,2.13.1,10,7,14
h2o-v2-0927,H2O,0.795510149803,0.796790480325,130.000000000000,boundary_targeted,PySCF FCI,sto-3g,-74.8298273771268185,-74.8598287078969378,-2037.0397132790842534,4.4268710958833912,train,true,true,true,2.13.1,10,7,14
h2o-v2-0928,H2O,0.774859592036,1.093243629630,111.644640206146,boundary_targeted,PySCF FCI,sto-3g,-74.8652670462530239,-74.9134465927238722,-2038.4987302528029431,2.9678541221647796,train,true,true,true,2.13.1,10,7,14
h2o-v2-0929,H2O,1.088531439466,1.225513082337,102.321019229485,boundary_targeted,PySCF FCI,sto-3g,-74.9139910368951831,-74.9962840370483264,-2040.7528519459460767,0.7137324290215307,train,true,true,true,2.13.1,10,7,14
h2o-v2-0930,H2O,0.750000000000,1.129835413692,96.551143871579,boundary_targeted,PySCF FCI,sto-3g,-74.8327627744791499,-74.8852978959040030,-2037.7327651913162754,3.7338191836514545,validation,false,true,true,2.13.1,10,7,14
h2o-v2-0931,H2O,0.884650161217,1.250000000000,100.797732273181,boundary_targeted,PySCF FCI,sto-3g,-74.8965180555962746,-74.9669489484502805,-2039.9546035195444347,1.5119808554232361,test,false,true,true,2.13.1,10,7,14
h2o-v2-0932,H2O,0.865993094790,1.217292935763,80.000000000000,boundary_targeted,PySCF FCI,sto-3g,-74.8844640685183975,-74.9553035328224126,-2039.6377156168994134,1.8288687580682119,validation,false,true,true,2.13.1,10,7,14
h2o-v2-0933,H2O,0.928518469709,1.130618633479,130.000000000000,boundary_targeted,PySCF FCI,sto-3g,-74.9060577860372518,-74.9639703658842507,-2039.8735521588746451,1.5930322160930388,train,true,true,true,2.13.1,10,7,14
h2o-v2-0934,H2O,0.763567174147,1.157713667149,110.285814519877,boundary_targeted,PySCF FCI,sto-3g,-74.8381715705795330,-74.8914641985998344,-2037.9005588356822045,3.5660255392855089,train,true,true,true,2.13.1,10,7,14
h2o-v2-0935,H2O,0.754339648419,1.246058794358,128.778752178901,boundary_targeted,PySCF FCI,sto-3g,-74.7753539639705593,-74.8350606585859310,-2036.3657403227227860,5.1008440522448719,train,false,true,true,2.13.1,10,7,14
h2o-v2-0936,H2O,0.750000000000,1.218655305201,104.458371274499,boundary_targeted,PySCF FCI,sto-3g,-74.8072408412725736,-74.8665839016700545,-2037.2235314660110816,4.2430529089566189,test,false,true,true,2.13.1,10,7,14
h2o-v2-0937,H2O,1.007624385138,1.250000000000,129.150932997003,boundary_targeted,PySCF FCI,sto-3g,-74.8777500583827589,-74.9544218861872338,-2039.6137247897770521,1.8528595851905398,test,false,true,true,2.13.1,10,7,14
h2o-v2-0938,H2O,1.024328488145,1.201614395902,80.000000000000,boundary_targeted,PySCF FCI,sto-3g,-74.9161282886923914,-74.9957672029690059,-2040.7387881741885849,0.7277962007790093,train,true,true,true,2.13.1,10,7,14
h2o-v2-0939,H2O,0.960869785329,0.994084007260,130.000000000000,boundary_targeted,PySCF FCI,sto-3g,-74.9317348212602212,-74.9807530731362419,-2040.3302328881618450,1.1363514868057605,train,true,true,true,2.13.1,10,7,14
h2o-v2-0940,H2O,0.764665689752,1.216882781230,121.709170516319,boundary_targeted,PySCF FCI,sto-3g,-74.8081361485738654,-74.8658749913502817,-2037.2042410334859142,4.2623433414817242,test,false,true,true,2.13.1,10,7,14
h2o-v2-0941,H2O,0.999065851680,1.249610194262,113.722775628403,boundary_targeted,PySCF FCI,sto-3g,-74.9048249515686422,-74.9812882252664394,-2040.3447951194771122,1.1217892554905931,train,true,true,true,2.13.1,10,7,14
h2o-v2-0942,H2O,0.750000000000,1.243560527132,85.383653304025,boundary_targeted,PySCF FCI,sto-3g,-74.7919580613748707,-74.8580547249390520,-2036.9914407436233432,4.4751436313442214,train,false,true,true,2.13.1,10,7,14
h2o-v2-0943,H2O,0.755184079035,1.250000000000,121.116511176953,boundary_targeted,PySCF FCI,sto-3g,-74.7873539078775025,-74.8482051415816585,-2036.7234199265233201,4.7431644484443112,train,false,true,true,2.13.1,10,7,14
h2o-v2-0944,H2O,0.772245293647,0.917632591986,80.000000000000,boundary_targeted,PySCF FCI,sto-3g,-74.8434085197052070,-74.8852827288777831,-2037.7323524755074686,3.7342318994601253,validation,true,true,true,2.13.1,10,7,14
h2o-v2-0945,H2O,0.893480339027,1.211409594897,130.000000000000,boundary_targeted,PySCF FCI,sto-3g,-74.8753505879484891,-74.9391953342777697,-2039.1993892045741177,2.2671951703935531,train,true,true,true,2.13.1,10,7,14
h2o-v2-0946,H2O,0.768723417348,1.029125065471,92.330508780890,boundary_targeted,PySCF FCI,sto-3g,-74.8687268969076740,-74.9150847813955352,-2038.5433076374913526,2.9232767374763560,train,true,true,true,2.13.1,10,7,14
h2o-v2-0947,H2O,0.791527053689,1.235265500594,112.540096071935,boundary_targeted,PySCF FCI,sto-3g,-74.8391049275224418,-74.9010977782166378,-2038.1627018915664848,3.3038824834011935,train,true,true,true,2.13.1,10,7,14
h2o-v2-0948,H2O,0.750000000000,1.155104197253,125.795646223788,boundary_targeted,PySCF FCI,sto-3g,-74.8052312135021822,-74.8558455943818473,-2036.9313272387635152,4.5352571362041338,test,true,true,true,2.13.1,10,7,14
h2o-v2-0949,H2O,0.831433538103,1.250000000000,82.295333560316,boundary_targeted,PySCF FCI,sto-3g,-74.8600221108715402,-74.9317554402431369,-2038.9969393743685941,2.4696450005991668,train,false,true,true,2.13.1,10,7,14
h2o-v2-0950,H2O,0.896458030250,0.904409745544,80.000000000000,boundary_targeted,PySCF FCI,sto-3g,-74.9179397287730779,-74.9655522639235130,-2039.9165977974228099,1.5499865775449002,train,true,true,true,2.13.1,10,7,14
h2o-v2-0951,H2O,0.912959156960,1.052385220385,130.000000000000,boundary_targeted,PySCF FCI,sto-3g,-74.9200870334955482,-74.9703557129336104,-2040.0473063037493375,1.4192780712182300,train,false,true,true,2.13.1,10,7,14
h2o-v2-0952,H2O,0.774183616876,1.247624710087,111.479538284209,boundary_targeted,PySCF FCI,sto-3g,-74.8198622244009925,-74.8824128212361728,-2037.6542583101813761,3.8123260647862964,train,false,true,true,2.13.1,10,7,14
h2o-v2-0953,H2O,1.079303418994,1.244555336509,119.050059630659,boundary_targeted,PySCF FCI,sto-3g,-74.8919708181534531,-74.9741531951131606,-2040.1506410580993816,1.3159433168682355,test,true,true,true,2.13.1,10,7,14
h2o-v2-0954,H2O,0.750000000000,0.944876508367,113.404810222228,boundary_targeted,PySCF FCI,sto-3g,-74.8530370441566362,-74.8898614520925463,-2037.8569458814179143,3.6096384935497334,test,true,true,true,2.13.1,10,7,14
h2o-v2-0955,H2O,0.789141877730,1.250000000000,126.517663548541,boundary_targeted,PySCF FCI,sto-3g,-74.8125457234487072,-74.8747553954040228,-2037.4458891382128058,4.0206952367549365,train,true,true,true,2.13.1,10,7,14
h2o-v2-0956,H2O,0.945290313558,1.236967946562,80.000000000000,boundary_targeted,PySCF FCI,sto-3g,-74.9025328630684868,-74.9802621462082612,-2040.3168740859059653,1.1497102890615996,train,true,true,true,2.13.1,10,7,14
h2o-v2-0957,H2O,0.979870771897,1.232489357923,130.000000000000,boundary_targeted,PySCF FCI,sto-3g,-74.8814336435248293,-74.9537845015432822,-2039.5963806700433452,1.8702037049243676,train,false,true,true,2.13.1,10,7,14
h2o-v2-0958,H2O,0.769045878403,1.195887257329,92.061777953915,boundary_targeted,PySCF FCI,sto-3g,-74.8341108091200624,-74.8945714305401395,-2037.9851109241656104,3.4814734508019947,validation,false,true,true,2.13.1,10,7,14
h2o-v2-0959,H2O,1.079630599526,1.225483849080,109.815086226363,boundary_targeted,PySCF FCI,sto-3g,-74.9098735121307584,-74.9904745852904711,-2040.5947687102857344,0.8718156646819651,train,false,true,true,2.13.1,10,7,14
h2o-v2-0960,H2O,0.750000000000,1.165747261663,116.206440131030,boundary_targeted,PySCF FCI,sto-3g,-74.8150209919254792,-74.8676502718381585,-2037.2525488765365935,4.2140354984311426,train,false,true,true,2.13.1,10,7,14
h2o-v2-0961,H2O,1.056945168968,1.250000000000,95.782261403167,boundary_targeted,PySCF FCI,sto-3g,-74.9122563238236694,-74.9957075409596996,-2040.7371646882093046,0.7294196867584546,train,false,true,true,2.13.1,10,7,14
h2o-v2-0962,H2O,0.963203511983,1.187581915498,80.000000000000,boundary_targeted,PySCF FCI,sto-3g,-74.9178521092850644,-74.9917357021423356,-2040.6290854480430426,0.8374989269245535,train,false,true,true,2.13.1,10,7,14
h2o-v2-0963,H2O,0.774530734095,1.167024377666,130.000000000000,boundary_targeted,PySCF FCI,sto-3g,-74.8202860925399875,-74.8727664143950307,-2037.3917662077410569,4.0748181672265567,train,false,true,true,2.13.1,10,7,14
h2o-v2-0964,H2O,0.758839617629,1.230258105793,101.499882042591,boundary_targeted,PySCF FCI,sto-3g,-74.8146397374447929,-74.8760963575085583,-2037.4823785759804196,3.9842057989871882,train,false,true,true,2.13.1,10,7,14
h2o-v2-0965,H2O,0.799724734579,1.246757991091,94.351498583304,boundary_targeted,PySCF FCI,sto-3g,-74.8484951860857706,-74.9151458879155712,-2038.5449704306101921,2.9216139443575084,train,true,true,true,2.13.1,10,7,14
h2o-v2-0966,H2O,0.750000000000,0.822418706071,93.155755707197,boundary_targeted,PySCF FCI,sto-3g,-74.8083442220370785,-74.8416139738881725,-2036.5440651166038606,4.9225192583638364,validation,true,true,true,2.13.1,10,7,14
h2o-v2-0967,H2O,0.885354783730,1.250000000000,92.218261522190,boundary_targeted,PySCF FCI,sto-3g,-74.8957990022722697,-74.9680204537550026,-2039.9837606642558967,1.4828237107118178,train,true,true,true,2.13.1,10,7,14
h2o-v2-0968,H2O,0.891472320631,1.202716638917,80.000000000000,boundary_targeted,PySCF FCI,sto-3g,-74.8984883323160773,-74.9693270054143284,-2040.0193137461080823,1.4472706288595669,validation,true,true,true,2.13.1,10,7,14
h2o-v2-0969,H2O,0.764497363009,0.958062481824,130.000000000000,boundary_targeted,PySCF FCI,sto-3g,-74.8506620533850224,-74.8871447223991851,-2037.7830199004058613,3.6835644745617304,train,false,true,true,2.13.1,10,7,14
h2o-v2-0970,H2O,0.767451624256,1.013823003961,94.569022926918,boundary_targeted,PySCF FCI,sto-3g,-74.8706635275689223,-74.9154371722738119,-2038.5528966817896617,2.9136876931780038,validation,false,true,true,2.13.1,10,7,14
h2o-v2-0971,H2O,0.935481761066,1.238623082490,90.308308909180,boundary_targeted,PySCF FCI,sto-3g,-74.9115476900867208,-74.9861284655473099,-2040.4765047672831315,0.9900796076844367,train,false,true,true,2.13.1,10,7,14
h2o-v2-0972,H2O,0.750000000000,1.197559054023,91.695372881367,boundary_targeted,PySCF FCI,sto-3g,-74.8117222477231536,-74.8715253151838169,-2037.3579941777352360,4.1085901972324850,train,true,true,true,2.13.1,10,7,14
h2o-v2-0973,H2O,1.206398162402,1.250000000000,88.043151946169,boundary_targeted,PySCF FCI,sto-3g,-74.8799143575960215,-74.9788201527001661,-2040.2776354435929989,1.1889489313745840,train,true,true,true,2.13.1,10,7,14
h2o-v2-0974,H2O,1.100427026297,1.207827500811,80.000000000000,boundary_targeted,PySCF FCI,sto-3g,-74.9067533373593761,-74.9931399881951819,-2040.6672980182270294,0.7992863567407000,train,true,true,true,2.13.1,10,7,14
h2o-v2-0975,H2O,0.870415935474,1.053790400998,130.000000000000,boundary_targeted,PySCF FCI,sto-3g,-74.9084366209142729,-74.9563442148825914,-2039.6660340183982498,1.8005503565694185,validation,true,true,true,2.13.1,10,7,14
h2o-v2-0976,H2O,0.751476122412,1.093540874788,91.621566939919,boundary_targeted,PySCF FCI,sto-3g,-74.8392896355660895,-74.8899125202712383,-2037.8583355173532254,3.6082488576144649,train,true,true,true,2.13.1,10,7,14
h2o-v2-0977,H2O,0.872696110278,1.228066945753,83.741512604652,boundary_targeted,PySCF FCI,sto-3g,-74.8899747510486122,-74.9612841949074067,-2039.8004577229010010,1.6661266520667033,train,false,true,true,2.13.1,10,7,14
h2o-v2-0978,H2O,0.750000000000,0.924607174552,81.283721807398,boundary_targeted,PySCF FCI,sto-3g,-74.8236804549935641,-74.8646730433583087,-2037.1715343624287016,4.2950500125388889,test,true,true,true,2.13.1,10,7,14
h2o-v2-0979,H2O,0.956173197336,1.250000000000,94.158758391112,boundary_targeted,PySCF FCI,sto-3g,-74.9127837144873894,-74.9890754751738484,-2040.5566969845015137,0.9098873904660530,train,false,true,true,2.13.1,10,7,14
h2o-v2-0980,H2O,0.905414016048,1.139259493194,80.000000000000,boundary_targeted,PySCF FCI,sto-3g,-74.9177763753212815,-74.9833915545302858,-2040.4020296244780184,1.0645547504895796,train,false,true,true,2.13.1,10,7,14
h2o-v2-0981,H2O,1.169689358570,1.247748318099,130.000000000000,boundary_targeted,PySCF FCI,sto-3g,-74.8513365548465543,-74.9431338983260389,-2039.3065629921461550,2.1600213828215380,train,false,true,true,2.13.1,10,7,14
h2o-v2-0982,H2O,0.770460014967,1.010900615000,126.889152869058,boundary_targeted,PySCF FCI,sto-3g,-74.8575740501612472,-74.8978563781122091,-2038.0744989013471695,3.3920854736205897,train,true,true,true,2.13.1,10,7,14
h2o-v2-0983,H2O,0.967945545415,1.246239018546,107.052731536405,boundary_targeted,PySCF FCI,sto-3g,-74.9116336996868171,-74.9861174281564900,-2040.4762044245785546,0.9903799503891870,train,false,true,true,2.13.1,10,7,14
h2o-v2-0984,H2O,0.750000000000,0.828006947605,94.425261952311,boundary_targeted,PySCF FCI,sto-3g,-74.8135194575002771,-74.8468535592145798,-2036.6866414966896173,4.7799428782781552,train,false,true,true,2.13.1,10,7,14
h2o-v2-0985,H2O,0.875460734726,1.250000000000,85.230523148915,boundary_targeted,PySCF FCI,sto-3g,-74.8865030896778450,-74.9598949726373007,-2039.7626550591276100,1.7039293158400848,train,true,true,true,2.13.1,10,7,14
h2o-v2-0986,H2O,1.060384178993,1.061841948211,80.000000000000,boundary_targeted,PySCF FCI,sto-3g,-74.9402144156421031,-75.0100688782880241,-2041.1279565852591986,0.3386277897084926,train,true,true,true,2.13.1,10,7,14
h2o-v2-0987,H2O,0.869580088417,0.905865346190,130.000000000000,boundary_targeted,PySCF FCI,sto-3g,-74.9119637407200116,-74.9503520170302977,-2039.5029780081770241,1.9636063667905610,train,true,true,true,2.13.1,10,7,14
h2o-v2-0988,H2O,0.757245374607,1.235444916275,80.813653195987,boundary_targeted,PySCF FCI,sto-3g,-74.7965952670370768,-74.8634666767730721,-2037.1387074553235834,4.3278769196440177,train,false,true,true,2.13.1,10,7,14
h2o-v2-0989,H2O,0.809331794498,1.231561577201,116.620328851697,boundary_targeted,PySCF FCI,sto-3g,-74.8499465933042671,-74.9120525819237457,-2038.4607972864896510,3.0057870884780993,train,true,true,true,2.13.1,10,7,14
h2o-v2-0990,H2O,0.750000000000,1.163087090930,99.354646488840,boundary_targeted,PySCF FCI,sto-3g,-74.8247154737387916,-74.8796392310864292,-2037.5787850773285754,3.8877992976390390,train,false,true,true,2.13.1,10,7,14
h2o-v2-0991,H2O,0.946097585939,1.250000000000,120.082203353016,boundary_targeted,PySCF FCI,sto-3g,-74.8924777765415968,-74.9647661267365919,-2039.8952059147870841,1.5713784601805449,train,true,true,true,2.13.1,10,7,14
h2o-v2-0992,H2O,0.837769299038,0.929762570280,80.000000000000,boundary_targeted,PySCF FCI,sto-3g,-74.8979028304937202,-74.9437851561346662,-2039.3242846199223095,2.1422997550452649,train,false,true,true,2.13.1,10,7,14
h2o-v2-0993,H2O,0.855290354565,0.936534027526,130.000000000000,boundary_targeted,PySCF FCI,sto-3g,-74.9105150419876509,-74.9498845130622442,-2039.4902565771308218,1.9763277978367970,train,false,true,true,2.13.1,10,7,14
h2o-v2-0994,H2O,0.752216580162,1.091515400871,83.557232523571,boundary_targeted,PySCF FCI,sto-3g,-74.8296216033593566,-74.8820277854958363,-2037.6437809539324917,3.8228034210351045,test,true,true,true,2.13.1,10,7,14
h2o-v2-0995,H2O,0.810689645596,1.230475246428,118.383660573798,boundary_targeted,PySCF FCI,sto-3g,-74.8489726275804514,-74.9108690968260049,-2038.4285930163784997,3.0379913585890952,train,false,true,true,2.13.1,10,7,14
h2o-v2-0996,H2O,0.750000000000,0.879076677742,86.296937629470,boundary_targeted,PySCF FCI,sto-3g,-74.8232043875843829,-74.8605537532183689,-2037.0594427673715927,4.4071416075960821,train,true,true,true,2.13.1,10,7,14
h2o-v2-0997,H2O,1.025171295344,1.250000000000,88.619495400568,boundary_targeted,PySCF FCI,sto-3g,-74.9121238491048160,-74.9946749718332200,-2040.7090670508828225,0.7575173240847746,train,false,true,true,2.13.1,10,7,14
h2o-v2-0998,H2O,0.843398939185,0.911581514107,80.000000000000,boundary_targeted,PySCF FCI,sto-3g,-74.8970072965828990,-74.9420777888616243,-2039.2778247895919321,2.1887595853757666,train,false,true,true,2.13.1,10,7,14
h2o-v2-0999,H2O,0.964298467456,1.189146359864,130.000000000000,boundary_targeted,PySCF FCI,sto-3g,-74.8937762838708636,-74.9600533886946891,-2039.7669657796527645,1.6996185953149219,test,false,true,true,2.13.1,10,7,14
